art_id,cod_barra,desc_art,id_categ_n1,id_categ_n2,id_categ_n3,id_proveedor,precio_lista,peso_kg,unid_medida,activo,fec_alta
1,7700000000001,Artículo Retail 00001,Hogar,Subcategoría 17,Línea 33,754,27798.19,4.95,UNIDAD,True,2025-03-19
2,7700000000002,Artículo Retail 00002,Electrónica,Subcategoría 11,Línea 19,745,5795.97,11.69,UNIDAD,True,2025-07-31
3,7700000000003,Artículo Retail 00003,Alimentos,Subcategoría 7,Línea 1,280,25035.13,3.37,UNIDAD,True,2025-09-23
4,7700000000004,Artículo Retail 00004,Alimentos,Subcategoría 2,Línea 4,462,95369.45,7.79,UNIDAD,True,2025-11-21
5,7700000000005,Artículo Retail 00005,Bebés,Subcategoría 8,Línea 35,72,65031.91,18.14,UNIDAD,True,2025-11-04
6,7700000000006,Artículo Retail 00006,Electrónica,Subcategoría 20,Línea 22,536,110987.6,22.01,UNIDAD,True,2025-10-13
7,7700000000007,Artículo Retail 00007,Bebés,Subcategoría 17,Línea 30,172,35394.9,3.61,UNIDAD,True,2025-12-04
8,7700000000008,Artículo Retail 00008,Cuidado personal,Subcategoría 16,Línea 34,154,52685.15,10.93,UNIDAD,True,2025-01-12
9,7700000000009,Artículo Retail 00009,Cuidado personal,Subcategoría 15,Línea 26,800,103597.03,19.31,UNIDAD,True,2025-11-30
10,7700000000010,Artículo Retail 00010,Bebés,Subcategoría 14,Línea 40,638,13206.52,27.85,UNIDAD,True,2025-07-19
11,7700000000011,Artículo Retail 00011,Alimentos,Subcategoría 7,Línea 37,398,22340.45,21.95,UNIDAD,True,2025-05-22
12,7700000000012,Artículo Retail 00012,Electrónica,Subcategoría 11,Línea 44,383,36277.13,5.85,UNIDAD,True,2025-06-07
13,7700000000013,Artículo Retail 00013,Alimentos,Subcategoría 9,Línea 32,263,24527.25,9.91,UNIDAD,True,2025-03-18
14,7700000000014,Artículo Retail 00014,Hogar,Subcategoría 11,Línea 40,324,8331.85,5.12,UNIDAD,True,2025-01-01
15,7700000000015,Artículo Retail 00015,Hogar,Subcategoría 5,Línea 3,344,36445.11,21.62,UNIDAD,True,2025-03-17
16,7700000000016,Artículo Retail 00016,Alimentos,Subcategoría 3,Línea 49,489,218717.4,11.31,UNIDAD,True,2025-10-28
17,7700000000017,Artículo Retail 00017,Bebés,Subcategoría 7,Línea 13,655,12784.72,13.56,UNIDAD,True,2025-10-27
18,7700000000018,Artículo Retail 00018,Cuidado personal,Subcategoría 15,Línea 50,176,16335.14,21.04,UNIDAD,True,2025-08-23
19,7700000000019,Artículo Retail 00019,Hogar,Subcategoría 7,Línea 9,68,45363.51,24.94,UNIDAD,True,2025-10-20
20,7700000000020,Artículo Retail 00020,Alimentos,Subcategoría 18,Línea 18,330,29130.56,3.14,UNIDAD,True,2025-09-20
21,7700000000021,Artículo Retail 00021,Ropa,Subcategoría 10,Línea 10,583,56894.75,21.42,UNIDAD,True,2025-04-07
22,7700000000022,Artículo Retail 00022,Alimentos,Subcategoría 17,Línea 38,592,26768.43,7.47,UNIDAD,True,2025-01-24
23,7700000000023,Artículo Retail 00023,Electrónica,Subcategoría 20,Línea 18,349,63721.16,10.65,UNIDAD,True,2025-01-20
24,7700000000024,Artículo Retail 00024,Bebés,Subcategoría 4,Línea 19,423,9042.4,6.05,UNIDAD,True,2025-11-18
25,7700000000025,Artículo Retail 00025,Electrónica,Subcategoría 11,Línea 46,176,17180.96,19.17,UNIDAD,True,2025-03-20
26,7700000000026,Artículo Retail 00026,Ropa,Subcategoría 2,Línea 25,55,38962.79,11.03,UNIDAD,True,2025-07-04
27,7700000000027,Artículo Retail 00027,Bebés,Subcategoría 14,Línea 13,477,36435.32,9.35,UNIDAD,True,2025-09-27
28,7700000000028,Artículo Retail 00028,Bebés,Subcategoría 7,Línea 10,721,13143.91,2.66,UNIDAD,True,2025-01-14
29,7700000000029,Artículo Retail 00029,Bebés,Subcategoría 3,Línea 38,59,5360.1,29.88,UNIDAD,True,2025-08-26
30,7700000000030,Artículo Retail 00030,Electrónica,Subcategoría 15,Línea 39,338,8468.33,29.03,UNIDAD,True,2025-06-30
31,7700000000031,Artículo Retail 00031,Hogar,Subcategoría 11,Línea 12,440,34401.98,2.82,UNIDAD,True,2025-12-17
32,7700000000032,Artículo Retail 00032,Bebés,Subcategoría 8,Línea 50,177,11430.1,12.85,UNIDAD,True,2025-10-19
33,7700000000033,Artículo Retail 00033,Hogar,Subcategoría 5,Línea 27,256,61073.35,20.14,UNIDAD,True,2025-12-17
34,7700000000034,Artículo Retail 00034,Ropa,Subcategoría 4,Línea 43,393,30846.18,0.18,UNIDAD,True,2025-10-23
35,7700000000035,Artículo Retail 00035,Hogar,Subcategoría 10,Línea 41,522,23280.36,17.81,UNIDAD,True,2025-07-23
36,7700000000036,Artículo Retail 00036,Alimentos,Subcategoría 14,Línea 16,75,3269.25,6.49,UNIDAD,True,2025-07-17
37,7700000000037,Artículo Retail 00037,Bebés,Subcategoría 8,Línea 8,267,11256.32,28.01,UNIDAD,True,2025-08-04
38,7700000000038,Artículo Retail 00038,Hogar,Subcategoría 19,Línea 29,671,16740.09,22.28,UNIDAD,True,2025-05-21
39,7700000000039,Artículo Retail 00039,Bebés,Subcategoría 6,Línea 20,120,26521.75,24.23,UNIDAD,True,2025-08-24
40,7700000000040,Artículo Retail 00040,Alimentos,Subcategoría 6,Línea 32,165,37007.35,26.21,UNIDAD,True,2025-05-16
41,7700000000041,Artículo Retail 00041,Alimentos,Subcategoría 13,Línea 3,290,30353.4,15.27,UNIDAD,True,2025-07-26
42,7700000000042,Artículo Retail 00042,Bebés,Subcategoría 3,Línea 25,31,22390.35,9.6,UNIDAD,True,2025-04-02
43,7700000000043,Artículo Retail 00043,Electrónica,Subcategoría 9,Línea 10,65,102956.82,0.8,UNIDAD,True,2025-03-19
44,7700000000044,Artículo Retail 00044,Electrónica,Subcategoría 5,Línea 5,132,41010.04,8.98,UNIDAD,True,2025-08-15
45,7700000000045,Artículo Retail 00045,Ropa,Subcategoría 20,Línea 16,27,40013.86,13.52,UNIDAD,True,2025-12-29
46,7700000000046,Artículo Retail 00046,Hogar,Subcategoría 8,Línea 35,615,2593.08,,UNIDAD,True,2025-06-20
47,7700000000047,Artículo Retail 00047,Hogar,Subcategoría 2,Línea 10,124,62075.34,30.0,UNIDAD,True,2025-07-10
48,7700000000048,Artículo Retail 00048,Electrónica,Subcategoría 17,Línea 17,316,13039.25,10.83,UNIDAD,True,2025-08-09
49,7700000000049,Artículo Retail 00049,Electrónica,Subcategoría 19,Línea 27,409,16740.19,11.04,UNIDAD,True,2025-09-12
50,7700000000050,Artículo Retail 00050,Cuidado personal,Subcategoría 14,Línea 5,636,10897.0,2.73,UNIDAD,True,2025-06-12
51,7700000000051,Artículo Retail 00051,Electrónica,Subcategoría 10,Línea 34,556,69778.96,12.54,UNIDAD,True,2025-06-21
52,7700000000052,Artículo Retail 00052,Cuidado personal,Subcategoría 9,Línea 8,281,145472.25,1.65,UNIDAD,True,2025-05-25
53,7700000000053,Artículo Retail 00053,Hogar,Subcategoría 10,Línea 41,639,2252.68,13.99,UNIDAD,True,2025-01-07
54,7700000000054,Artículo Retail 00054,Hogar,Subcategoría 20,Línea 41,519,9691.33,22.92,UNIDAD,True,2025-02-08
55,7700000000055,Artículo Retail 00055,Electrónica,Subcategoría 7,Línea 12,337,87460.18,14.95,UNIDAD,True,2025-01-03
56,7700000000056,Artículo Retail 00056,Hogar,Subcategoría 11,Línea 25,683,8735.16,18.7,UNIDAD,True,2025-12-12
57,7700000000057,Artículo Retail 00057,Bebés,Subcategoría 2,Línea 35,320,17634.75,28.29,UNIDAD,True,2025-10-02
58,7700000000058,Artículo Retail 00058,Cuidado personal,Subcategoría 12,Línea 41,22,105895.09,28.22,UNIDAD,False,2025-02-15
59,7700000000059,Artículo Retail 00059,Bebés,Subcategoría 10,Línea 42,276,44713.8,26.53,UNIDAD,True,2025-05-05
60,7700000000060,Artículo Retail 00060,Alimentos,Subcategoría 1,Línea 36,669,26358.97,1.83,UNIDAD,True,2025-01-06
61,7700000000061,Artículo Retail 00061,Hogar,Subcategoría 11,Línea 2,738,9959.67,12.29,UNIDAD,True,2025-04-23
62,7700000000062,Artículo Retail 00062,Alimentos,Subcategoría 1,Línea 42,170,16859.56,11.6,UNIDAD,True,2025-03-15
63,7700000000063,Artículo Retail 00063,Electrónica,Subcategoría 10,Línea 48,437,16860.36,7.22,UNIDAD,True,2025-06-18
64,7700000000064,Artículo Retail 00064,Bebés,Subcategoría 7,Línea 27,67,49930.03,24.98,UNIDAD,True,2025-04-27
65,7700000000065,Artículo Retail 00065,Bebés,Subcategoría 12,Línea 50,574,9363.46,27.43,UNIDAD,True,2025-01-21
66,7700000000066,Artículo Retail 00066,Ropa,Subcategoría 11,Línea 5,419,4983.18,19.95,UNIDAD,True,2025-11-10
67,7700000000067,Artículo Retail 00067,Cuidado personal,Subcategoría 1,Línea 41,431,35900.68,7.18,UNIDAD,True,2025-04-07
68,7700000000068,Artículo Retail 00068,Ropa,Subcategoría 20,Línea 18,198,19573.95,4.94,UNIDAD,True,2025-09-21
69,7700000000069,Artículo Retail 00069,Hogar,Subcategoría 18,Línea 45,601,36007.52,16.89,UNIDAD,False,2025-03-03
70,7700000000070,Artículo Retail 00070,Cuidado personal,Subcategoría 2,Línea 16,521,35095.83,7.38,UNIDAD,True,2025-07-15
71,7700000000071,Artículo Retail 00071,Alimentos,Subcategoría 10,Línea 13,520,20041.4,28.52,UNIDAD,True,2025-05-11
72,7700000000072,Artículo Retail 00072,Ropa,Subcategoría 19,Línea 40,366,7294.5,20.79,UNIDAD,True,2025-11-15
73,7700000000073,Artículo Retail 00073,Bebés,Subcategoría 9,Línea 40,675,40345.22,10.79,UNIDAD,True,2025-08-04
74,7700000000074,Artículo Retail 00074,Electrónica,Subcategoría 1,Línea 36,627,12228.77,3.73,UNIDAD,True,2025-12-22
75,7700000000075,Artículo Retail 00075,Alimentos,Subcategoría 16,Línea 2,187,18495.8,29.61,UNIDAD,True,2025-04-11
76,7700000000076,Artículo Retail 00076,Cuidado personal,Subcategoría 10,Línea 9,167,303728.15,0.11,UNIDAD,True,2025-09-01
77,7700000000077,Artículo Retail 00077,Electrónica,Subcategoría 12,Línea 49,273,17940.51,11.43,UNIDAD,True,2025-08-29
78,7700000000078,Artículo Retail 00078,Alimentos,Subcategoría 12,Línea 15,748,21200.54,16.7,UNIDAD,True,2025-03-01
79,7700000000079,Artículo Retail 00079,Alimentos,Subcategoría 7,Línea 14,380,3969.66,26.47,UNIDAD,True,2025-04-11
80,7700000000080,Artículo Retail 00080,Cuidado personal,Subcategoría 4,Línea 9,604,10220.88,25.79,UNIDAD,True,2025-09-04
81,7700000000081,Artículo Retail 00081,Cuidado personal,Subcategoría 3,Línea 20,90,9731.84,15.14,UNIDAD,True,2025-06-01
82,7700000000082,Artículo Retail 00082,Hogar,Subcategoría 10,Línea 11,398,8465.0,5.68,UNIDAD,True,2025-04-08
83,7700000000083,Artículo Retail 00083,Electrónica,Subcategoría 12,Línea 27,218,4342.44,5.92,UNIDAD,True,2025-03-10
84,7700000000084,Artículo Retail 00084,Bebés,Subcategoría 7,Línea 42,577,29938.65,17.12,UNIDAD,True,2025-11-29
85,7700000000085,Artículo Retail 00085,Bebés,Subcategoría 3,Línea 41,393,54772.63,28.15,UNIDAD,True,2025-03-06
86,7700000000086,Artículo Retail 00086,Bebés,Subcategoría 18,Línea 48,251,39941.93,27.76,UNIDAD,True,2025-08-26
87,7700000000087,Artículo Retail 00087,Bebés,Subcategoría 11,Línea 22,200,25501.46,23.04,UNIDAD,True,2025-06-10
88,7700000000088,Artículo Retail 00088,Cuidado personal,Subcategoría 5,Línea 32,126,47432.98,4.56,UNIDAD,True,2025-01-30
89,7700000000089,Artículo Retail 00089,Alimentos,Subcategoría 19,Línea 34,717,9771.96,6.42,UNIDAD,True,2025-06-01
90,7700000000090,Artículo Retail 00090,Hogar,Subcategoría 1,Línea 38,92,35436.06,16.98,UNIDAD,True,2025-04-18
91,7700000000091,Artículo Retail 00091,Bebés,Subcategoría 12,Línea 18,670,12280.79,,UNIDAD,True,2025-06-18
92,7700000000092,Artículo Retail 00092,Ropa,Subcategoría 6,Línea 22,338,33562.56,15.83,UNIDAD,True,2025-04-30
93,7700000000093,Artículo Retail 00093,Hogar,Subcategoría 6,Línea 36,35,46274.02,2.5,UNIDAD,True,2025-01-24
94,7700000000094,Artículo Retail 00094,Bebés,Subcategoría 7,Línea 47,318,5945.66,4.85,UNIDAD,True,2025-03-02
95,7700000000095,Artículo Retail 00095,Ropa,Subcategoría 3,Línea 28,520,63164.45,7.24,UNIDAD,True,2025-07-16
96,7700000000096,Artículo Retail 00096,Electrónica,Subcategoría 10,Línea 14,417,19915.59,6.92,UNIDAD,True,2025-07-22
97,7700000000097,Artículo Retail 00097,Ropa,Subcategoría 6,Línea 45,701,77939.06,17.58,UNIDAD,True,2025-01-01
98,7700000000098,Artículo Retail 00098,Hogar,Subcategoría 10,Línea 12,96,8125.39,16.42,UNIDAD,True,2025-09-18
99,7700000000099,Artículo Retail 00099,Alimentos,Subcategoría 4,Línea 29,748,15111.39,19.46,UNIDAD,True,2025-09-27
100,7700000000100,Artículo Retail 00100,Cuidado personal,Subcategoría 18,Línea 22,726,3087.8,20.05,UNIDAD,True,2025-03-27
101,7700000000101,Artículo Retail 00101,Bebés,Subcategoría 8,Línea 22,262,15513.1,10.13,UNIDAD,True,2025-12-19
102,7700000000102,Artículo Retail 00102,Bebés,Subcategoría 19,Línea 19,425,10095.19,16.29,UNIDAD,True,2025-10-11
103,7700000000103,Artículo Retail 00103,Ropa,Subcategoría 13,Línea 8,487,54295.78,3.66,UNIDAD,True,2025-03-21
104,7700000000104,Artículo Retail 00104,Electrónica,Subcategoría 11,Línea 9,62,36420.98,0.42,UNIDAD,True,2025-08-08
105,7700000000105,Artículo Retail 00105,Alimentos,Subcategoría 3,Línea 32,406,36270.27,5.61,UNIDAD,True,2025-06-24
106,7700000000106,Artículo Retail 00106,Alimentos,Subcategoría 1,Línea 29,555,84797.02,8.72,UNIDAD,True,2025-09-02
107,7700000000107,Artículo Retail 00107,Electrónica,Subcategoría 11,Línea 7,483,99407.28,13.79,UNIDAD,True,2025-03-04
108,7700000000108,Artículo Retail 00108,Electrónica,Subcategoría 15,Línea 37,305,24647.32,3.36,UNIDAD,True,2025-08-20
109,7700000000109,Artículo Retail 00109,Cuidado personal,Subcategoría 5,Línea 13,366,51066.4,3.67,UNIDAD,True,2025-07-21
110,7700000000110,Artículo Retail 00110,Cuidado personal,Subcategoría 15,Línea 6,320,36278.2,10.63,UNIDAD,True,2025-09-05
111,7700000000111,Artículo Retail 00111,Ropa,Subcategoría 1,Línea 33,787,18120.04,15.32,UNIDAD,True,2025-07-24
112,7700000000112,Artículo Retail 00112,Ropa,Subcategoría 17,Línea 35,61,47618.29,4.86,UNIDAD,True,2025-10-19
113,7700000000113,Artículo Retail 00113,Hogar,Subcategoría 20,Línea 35,279,5557.48,4.33,UNIDAD,True,2025-10-14
114,7700000000114,Artículo Retail 00114,Electrónica,Subcategoría 5,Línea 32,663,6673.33,16.86,UNIDAD,True,2025-05-21
115,7700000000115,Artículo Retail 00115,Ropa,Subcategoría 18,Línea 41,337,9119.9,,UNIDAD,True,2025-03-23
116,7700000000116,Artículo Retail 00116,Cuidado personal,Subcategoría 1,Línea 32,254,23977.25,9.42,UNIDAD,True,2025-05-01
117,7700000000117,Artículo Retail 00117,Cuidado personal,Subcategoría 1,Línea 16,297,16883.14,23.47,UNIDAD,True,2025-10-30
118,7700000000118,Artículo Retail 00118,Alimentos,Subcategoría 3,Línea 24,494,132333.11,3.35,UNIDAD,False,2025-03-09
119,7700000000119,Artículo Retail 00119,Bebés,Subcategoría 11,Línea 30,227,16822.43,25.59,UNIDAD,True,2025-02-24
120,7700000000120,Artículo Retail 00120,Ropa,Subcategoría 7,Línea 10,84,21716.06,28.28,UNIDAD,True,2025-06-18
121,7700000000121,Artículo Retail 00121,Hogar,Subcategoría 8,Línea 2,793,39086.3,6.82,UNIDAD,True,2025-04-22
122,7700000000122,Artículo Retail 00122,Cuidado personal,Subcategoría 9,Línea 18,748,24690.62,15.93,UNIDAD,True,2025-02-04
123,7700000000123,Artículo Retail 00123,Hogar,Subcategoría 7,Línea 34,414,4861.32,26.5,UNIDAD,True,2025-12-28
124,7700000000124,Artículo Retail 00124,Cuidado personal,Subcategoría 19,Línea 21,516,11664.47,8.36,UNIDAD,True,2025-06-13
125,7700000000125,Artículo Retail 00125,Hogar,Subcategoría 4,Línea 46,610,27114.52,14.46,UNIDAD,True,2025-05-11
126,7700000000126,Artículo Retail 00126,Bebés,Subcategoría 4,Línea 16,349,95558.19,19.27,UNIDAD,True,2025-06-28
127,7700000000127,Artículo Retail 00127,Ropa,Subcategoría 9,Línea 4,309,35697.44,4.88,UNIDAD,True,2025-11-02
128,7700000000128,Artículo Retail 00128,Hogar,Subcategoría 7,Línea 33,385,18011.69,18.24,UNIDAD,True,2025-10-21
129,7700000000129,Artículo Retail 00129,Electrónica,Subcategoría 11,Línea 28,155,62939.7,18.59,UNIDAD,True,2025-12-04
130,7700000000130,Artículo Retail 00130,Electrónica,Subcategoría 17,Línea 7,481,164431.01,9.95,UNIDAD,True,2025-12-06
131,7700000000131,Artículo Retail 00131,Bebés,Subcategoría 9,Línea 45,625,10638.35,11.19,UNIDAD,True,2025-04-04
132,7700000000132,Artículo Retail 00132,Hogar,Subcategoría 4,Línea 43,159,31006.87,6.11,UNIDAD,True,2025-08-26
133,7700000000133,Artículo Retail 00133,Bebés,Subcategoría 5,Línea 33,202,42877.6,10.73,UNIDAD,True,2025-11-01
134,7700000000134,Artículo Retail 00134,Cuidado personal,Subcategoría 19,Línea 15,408,6164.22,26.24,UNIDAD,True,2025-03-22
135,7700000000135,Artículo Retail 00135,Cuidado personal,Subcategoría 18,Línea 34,126,17741.69,8.56,UNIDAD,True,2025-07-05
136,7700000000136,Artículo Retail 00136,Alimentos,Subcategoría 5,Línea 17,586,40504.69,26.21,UNIDAD,True,2025-04-05
137,7700000000137,Artículo Retail 00137,Hogar,Subcategoría 8,Línea 19,749,10057.91,13.56,UNIDAD,True,2025-12-16
138,7700000000138,Artículo Retail 00138,Hogar,Subcategoría 4,Línea 31,566,4965.44,15.45,UNIDAD,True,2025-07-24
139,7700000000139,Artículo Retail 00139,Electrónica,Subcategoría 1,Línea 21,663,39638.95,14.72,UNIDAD,True,2025-03-28
140,7700000000140,Artículo Retail 00140,Electrónica,Subcategoría 5,Línea 13,799,48495.13,14.88,UNIDAD,True,2025-11-16
141,7700000000141,Artículo Retail 00141,Hogar,Subcategoría 6,Línea 1,387,17917.15,19.7,UNIDAD,True,2025-04-11
142,7700000000142,Artículo Retail 00142,Cuidado personal,Subcategoría 1,Línea 44,790,10659.37,19.5,UNIDAD,True,2025-11-09
143,7700000000143,Artículo Retail 00143,Electrónica,Subcategoría 5,Línea 38,186,38625.97,12.61,UNIDAD,True,2025-11-16
144,7700000000144,Artículo Retail 00144,Hogar,Subcategoría 6,Línea 33,217,10955.44,27.82,UNIDAD,True,2025-08-16
145,7700000000145,Artículo Retail 00145,Hogar,Subcategoría 12,Línea 36,322,297880.91,28.89,UNIDAD,True,2025-05-22
146,7700000000146,Artículo Retail 00146,Bebés,Subcategoría 12,Línea 12,87,11212.98,24.9,UNIDAD,True,2025-08-15
147,7700000000147,Artículo Retail 00147,Ropa,Subcategoría 6,Línea 31,484,44918.57,24.65,UNIDAD,True,2025-12-30
148,7700000000148,Artículo Retail 00148,Bebés,Subcategoría 18,Línea 19,204,39310.15,17.62,UNIDAD,True,2025-02-08
149,7700000000149,Artículo Retail 00149,Cuidado personal,Subcategoría 10,Línea 48,756,37118.0,25.84,UNIDAD,True,2025-04-20
150,7700000000150,Artículo Retail 00150,Bebés,Subcategoría 6,Línea 49,381,8954.43,11.92,UNIDAD,True,2025-08-19
151,7700000000151,Artículo Retail 00151,Electrónica,Subcategoría 19,Línea 48,256,249884.82,29.46,UNIDAD,True,2025-06-26
152,7700000000152,Artículo Retail 00152,Bebés,Subcategoría 19,Línea 37,651,14380.21,11.53,UNIDAD,True,2025-10-05
153,7700000000153,Artículo Retail 00153,Hogar,Subcategoría 8,Línea 18,709,26428.08,2.19,UNIDAD,True,2025-09-20
154,7700000000154,Artículo Retail 00154,Ropa,Subcategoría 4,Línea 38,710,7586.4,4.24,UNIDAD,True,2025-01-03
155,7700000000155,Artículo Retail 00155,Bebés,Subcategoría 11,Línea 1,334,1898.0,2.28,UNIDAD,True,2025-05-26
156,7700000000156,Artículo Retail 00156,Ropa,Subcategoría 2,Línea 10,535,32288.21,19.13,UNIDAD,True,2025-01-25
157,7700000000157,Artículo Retail 00157,Bebés,Subcategoría 20,Línea 7,63,10360.59,22.11,UNIDAD,True,2025-09-14
158,7700000000158,Artículo Retail 00158,Hogar,Subcategoría 18,Línea 34,592,26821.26,27.36,UNIDAD,True,2025-01-22
159,7700000000159,Artículo Retail 00159,Alimentos,Subcategoría 14,Línea 3,251,29173.43,18.12,UNIDAD,True,2025-12-07
160,7700000000160,Artículo Retail 00160,Alimentos,Subcategoría 15,Línea 17,722,15125.49,1.1,UNIDAD,True,2025-01-02
161,7700000000161,Artículo Retail 00161,Ropa,Subcategoría 9,Línea 14,784,27936.29,10.63,UNIDAD,True,2025-12-11
162,7700000000162,Artículo Retail 00162,Alimentos,Subcategoría 3,Línea 34,738,36045.71,3.97,UNIDAD,True,2025-02-21
163,7700000000163,Artículo Retail 00163,Alimentos,Subcategoría 19,Línea 28,509,72894.35,15.5,UNIDAD,True,2025-03-14
164,7700000000164,Artículo Retail 00164,Electrónica,Subcategoría 15,Línea 24,244,23843.07,12.5,UNIDAD,True,2025-04-21
165,7700000000165,Artículo Retail 00165,Electrónica,Subcategoría 16,Línea 9,212,27499.09,19.16,UNIDAD,True,2025-10-26
166,7700000000166,Artículo Retail 00166,Ropa,Subcategoría 3,Línea 42,174,46853.66,13.03,UNIDAD,False,2025-11-13
167,7700000000167,Artículo Retail 00167,Ropa,Subcategoría 7,Línea 8,382,90033.26,6.57,UNIDAD,True,2025-10-14
168,7700000000168,Artículo Retail 00168,Ropa,Subcategoría 14,Línea 12,398,19414.04,2.91,UNIDAD,True,2025-09-09
169,7700000000169,Artículo Retail 00169,Cuidado personal,Subcategoría 2,Línea 24,502,13566.56,13.84,UNIDAD,True,2025-02-26
170,7700000000170,Artículo Retail 00170,Electrónica,Subcategoría 19,Línea 15,366,26250.21,28.35,UNIDAD,True,2025-01-02
171,7700000000171,Artículo Retail 00171,Cuidado personal,Subcategoría 4,Línea 40,726,118321.88,22.27,UNIDAD,True,2025-09-09
172,7700000000172,Artículo Retail 00172,Bebés,Subcategoría 10,Línea 26,470,4986.33,3.18,UNIDAD,True,2025-04-24
173,7700000000173,Artículo Retail 00173,Bebés,Subcategoría 1,Línea 35,686,24700.2,20.4,UNIDAD,True,2025-07-20
174,7700000000174,Artículo Retail 00174,Ropa,Subcategoría 20,Línea 36,193,44359.99,24.66,UNIDAD,True,2025-02-02
175,7700000000175,Artículo Retail 00175,Cuidado personal,Subcategoría 13,Línea 23,582,21768.69,18.26,UNIDAD,True,2025-04-28
176,7700000000176,Artículo Retail 00176,Bebés,Subcategoría 17,Línea 44,735,1662.89,29.65,UNIDAD,True,2025-07-24
177,7700000000177,Artículo Retail 00177,Electrónica,Subcategoría 16,Línea 32,90,8829.03,17.05,UNIDAD,True,2025-10-25
178,7700000000178,Artículo Retail 00178,Ropa,Subcategoría 14,Línea 45,610,11646.45,29.51,UNIDAD,True,2025-08-21
179,7700000000179,Artículo Retail 00179,Hogar,Subcategoría 9,Línea 22,629,61562.08,19.8,UNIDAD,True,2025-05-10
180,7700000000180,Artículo Retail 00180,Electrónica,Subcategoría 18,Línea 24,543,397175.05,25.59,UNIDAD,True,2025-03-10
181,7700000000181,Artículo Retail 00181,Ropa,Subcategoría 10,Línea 6,4,20699.91,7.54,UNIDAD,True,2025-06-27
182,7700000000182,Artículo Retail 00182,Cuidado personal,Subcategoría 6,Línea 28,187,5363.61,14.2,UNIDAD,True,2025-04-22
183,7700000000183,Artículo Retail 00183,Electrónica,Subcategoría 12,Línea 48,444,1919.35,13.81,UNIDAD,True,2025-03-28
184,7700000000184,Artículo Retail 00184,Electrónica,Subcategoría 14,Línea 28,278,38993.15,29.81,UNIDAD,True,2025-02-07
185,7700000000185,Artículo Retail 00185,Electrónica,Subcategoría 7,Línea 16,3,55831.18,22.45,UNIDAD,True,2025-02-22
186,7700000000186,Artículo Retail 00186,Hogar,Subcategoría 11,Línea 35,711,29045.49,14.97,UNIDAD,True,2025-07-11
187,7700000000187,Artículo Retail 00187,Hogar,Subcategoría 15,Línea 25,587,22470.8,6.2,UNIDAD,True,2025-12-11
188,7700000000188,Artículo Retail 00188,Bebés,Subcategoría 19,Línea 40,253,11367.16,14.86,UNIDAD,True,2025-11-28
189,7700000000189,Artículo Retail 00189,Ropa,Subcategoría 8,Línea 29,396,28915.21,27.75,UNIDAD,True,2025-06-18
190,7700000000190,Artículo Retail 00190,Alimentos,Subcategoría 6,Línea 36,655,8261.22,14.49,UNIDAD,True,2025-03-31
191,7700000000191,Artículo Retail 00191,Ropa,Subcategoría 1,Línea 17,630,60251.63,,UNIDAD,True,2025-06-01
192,7700000000192,Artículo Retail 00192,Ropa,Subcategoría 4,Línea 6,113,72225.41,23.55,UNIDAD,True,2025-08-03
193,7700000000193,Artículo Retail 00193,Alimentos,Subcategoría 11,Línea 4,777,24333.89,7.67,UNIDAD,True,2025-06-22
194,7700000000194,Artículo Retail 00194,Cuidado personal,Subcategoría 3,Línea 49,231,21848.77,2.82,UNIDAD,True,2025-01-30
195,7700000000195,Artículo Retail 00195,Alimentos,Subcategoría 19,Línea 13,634,15914.11,26.48,UNIDAD,True,2025-12-23
196,7700000000196,Artículo Retail 00196,Alimentos,Subcategoría 7,Línea 32,258,18374.64,12.38,UNIDAD,True,2025-11-02
197,7700000000197,Artículo Retail 00197,Bebés,Subcategoría 13,Línea 9,373,22905.69,0.76,UNIDAD,True,2025-07-02
198,7700000000198,Artículo Retail 00198,Bebés,Subcategoría 8,Línea 26,439,96639.18,20.27,UNIDAD,True,2025-10-22
199,7700000000199,Artículo Retail 00199,Hogar,Subcategoría 14,Línea 38,649,28717.89,1.06,UNIDAD,True,2025-02-22
200,7700000000200,Artículo Retail 00200,Electrónica,Subcategoría 6,Línea 39,317,6526.72,8.74,UNIDAD,False,2025-11-02
201,7700000000201,Artículo Retail 00201,Cuidado personal,Subcategoría 5,Línea 31,24,37884.37,19.89,UNIDAD,True,2025-11-11
202,7700000000202,Artículo Retail 00202,Hogar,Subcategoría 1,Línea 34,468,74890.16,22.12,UNIDAD,True,2025-05-15
203,7700000000203,Artículo Retail 00203,Ropa,Subcategoría 17,Línea 10,419,19735.19,19.84,UNIDAD,True,2025-05-05
204,7700000000204,Artículo Retail 00204,Cuidado personal,Subcategoría 4,Línea 47,512,29711.35,24.9,UNIDAD,False,2025-06-11
205,7700000000205,Artículo Retail 00205,Electrónica,Subcategoría 9,Línea 35,342,44884.65,19.12,UNIDAD,True,2025-05-21
206,7700000000206,Artículo Retail 00206,Cuidado personal,Subcategoría 14,Línea 23,462,7657.5,10.55,UNIDAD,False,2025-09-11
207,7700000000207,Artículo Retail 00207,Cuidado personal,Subcategoría 20,Línea 8,206,12123.01,19.56,UNIDAD,True,2025-05-09
208,7700000000208,Artículo Retail 00208,Cuidado personal,Subcategoría 3,Línea 14,551,46871.07,14.43,UNIDAD,True,2025-06-22
209,7700000000209,Artículo Retail 00209,Ropa,Subcategoría 8,Línea 42,562,165962.55,13.07,UNIDAD,True,2025-04-17
210,7700000000210,Artículo Retail 00210,Ropa,Subcategoría 3,Línea 30,617,7767.15,11.09,UNIDAD,True,2025-09-09
211,7700000000211,Artículo Retail 00211,Cuidado personal,Subcategoría 7,Línea 18,589,62245.23,23.04,UNIDAD,True,2025-09-21
212,7700000000212,Artículo Retail 00212,Alimentos,Subcategoría 12,Línea 34,340,29836.29,23.79,UNIDAD,True,2025-02-13
213,7700000000213,Artículo Retail 00213,Bebés,Subcategoría 20,Línea 45,285,8094.99,16.86,UNIDAD,True,2025-02-10
214,7700000000214,Artículo Retail 00214,Electrónica,Subcategoría 7,Línea 18,98,107095.79,1.91,UNIDAD,True,2025-03-16
215,7700000000215,Artículo Retail 00215,Electrónica,Subcategoría 2,Línea 28,254,24812.78,24.0,UNIDAD,True,2025-12-26
216,7700000000216,Artículo Retail 00216,Hogar,Subcategoría 14,Línea 38,543,21578.31,3.06,UNIDAD,True,2025-07-02
217,7700000000217,Artículo Retail 00217,Electrónica,Subcategoría 2,Línea 12,769,24439.17,26.5,UNIDAD,True,2025-12-16
218,7700000000218,Artículo Retail 00218,Electrónica,Subcategoría 14,Línea 28,357,13054.36,17.99,UNIDAD,True,2025-01-17
219,7700000000219,Artículo Retail 00219,Cuidado personal,Subcategoría 10,Línea 20,542,34138.08,17.5,UNIDAD,False,2025-04-18
220,7700000000220,Artículo Retail 00220,Hogar,Subcategoría 1,Línea 44,1,129170.92,5.6,UNIDAD,True,2025-04-18
221,7700000000221,Artículo Retail 00221,Bebés,Subcategoría 9,Línea 29,746,13053.16,18.17,UNIDAD,True,2025-09-06
222,7700000000222,Artículo Retail 00222,Ropa,Subcategoría 11,Línea 50,581,7101.0,14.15,UNIDAD,True,2025-07-17
223,7700000000223,Artículo Retail 00223,Cuidado personal,Subcategoría 9,Línea 33,707,13859.97,25.18,UNIDAD,True,2025-03-12
224,7700000000224,Artículo Retail 00224,Bebés,Subcategoría 8,Línea 1,770,4295.41,17.63,UNIDAD,True,2025-09-12
225,7700000000225,Artículo Retail 00225,Cuidado personal,Subcategoría 9,Línea 42,41,31433.59,7.86,UNIDAD,True,2025-03-22
226,7700000000226,Artículo Retail 00226,Bebés,Subcategoría 12,Línea 48,588,36432.1,21.25,UNIDAD,True,2025-01-11
227,7700000000227,Artículo Retail 00227,Alimentos,Subcategoría 5,Línea 7,699,133049.43,19.43,UNIDAD,True,2025-07-24
228,7700000000228,Artículo Retail 00228,Electrónica,Subcategoría 12,Línea 35,666,11818.32,9.36,UNIDAD,True,2025-03-10
229,7700000000229,Artículo Retail 00229,Electrónica,Subcategoría 11,Línea 28,279,30312.99,28.15,UNIDAD,True,2025-03-18
230,7700000000230,Artículo Retail 00230,Bebés,Subcategoría 8,Línea 12,719,21540.32,26.05,UNIDAD,True,2025-10-14
231,7700000000231,Artículo Retail 00231,Alimentos,Subcategoría 6,Línea 49,260,4706.07,5.86,UNIDAD,True,2025-10-10
232,7700000000232,Artículo Retail 00232,Alimentos,Subcategoría 14,Línea 36,235,8611.25,5.59,UNIDAD,True,2025-06-16
233,7700000000233,Artículo Retail 00233,Cuidado personal,Subcategoría 20,Línea 31,123,34642.95,12.11,UNIDAD,True,2025-11-07
234,7700000000234,Artículo Retail 00234,Ropa,Subcategoría 6,Línea 23,374,14584.6,9.61,UNIDAD,True,2025-05-03
235,7700000000235,Artículo Retail 00235,Electrónica,Subcategoría 16,Línea 50,716,29524.01,,UNIDAD,True,2025-10-02
236,7700000000236,Artículo Retail 00236,Cuidado personal,Subcategoría 19,Línea 28,104,83653.91,6.08,UNIDAD,True,2025-07-28
237,7700000000237,Artículo Retail 00237,Ropa,Subcategoría 9,Línea 30,234,28468.73,22.47,UNIDAD,True,2025-10-18
238,7700000000238,Artículo Retail 00238,Hogar,Subcategoría 16,Línea 22,299,22081.31,26.63,UNIDAD,True,2025-06-18
239,7700000000239,Artículo Retail 00239,Bebés,Subcategoría 19,Línea 17,55,11722.7,11.63,UNIDAD,True,2025-09-21
240,7700000000240,Artículo Retail 00240,Alimentos,Subcategoría 4,Línea 19,483,7195.03,3.01,UNIDAD,True,2025-12-10
241,7700000000241,Artículo Retail 00241,Bebés,Subcategoría 7,Línea 23,670,8237.71,9.73,UNIDAD,True,2025-09-28
242,7700000000242,Artículo Retail 00242,Hogar,Subcategoría 10,Línea 38,123,13998.95,28.08,UNIDAD,True,2025-07-21
243,7700000000243,Artículo Retail 00243,Electrónica,Subcategoría 12,Línea 22,565,43164.85,14.92,UNIDAD,True,2025-08-10
244,7700000000244,Artículo Retail 00244,Ropa,Subcategoría 10,Línea 40,249,36759.72,19.86,UNIDAD,False,2025-10-25
245,7700000000245,Artículo Retail 00245,Electrónica,Subcategoría 6,Línea 23,448,32135.01,3.02,UNIDAD,True,2025-08-18
246,7700000000246,Artículo Retail 00246,Cuidado personal,Subcategoría 17,Línea 9,354,42588.05,0.74,UNIDAD,True,2025-03-07
247,7700000000247,Artículo Retail 00247,Hogar,Subcategoría 14,Línea 49,152,26200.69,25.27,UNIDAD,True,2025-11-20
248,7700000000248,Artículo Retail 00248,Cuidado personal,Subcategoría 10,Línea 19,29,14982.56,8.97,UNIDAD,True,2025-12-24
249,7700000000249,Artículo Retail 00249,Hogar,Subcategoría 13,Línea 37,618,27396.2,8.68,UNIDAD,True,2025-09-14
250,7700000000250,Artículo Retail 00250,Cuidado personal,Subcategoría 8,Línea 5,698,3930.06,23.1,UNIDAD,True,2025-09-25
251,7700000000251,Artículo Retail 00251,Bebés,Subcategoría 17,Línea 23,240,119343.01,14.34,UNIDAD,True,2025-04-16
252,7700000000252,Artículo Retail 00252,Ropa,Subcategoría 12,Línea 20,393,196928.9,3.16,UNIDAD,True,2025-01-25
253,7700000000253,Artículo Retail 00253,Hogar,Subcategoría 1,Línea 34,267,17833.52,2.32,UNIDAD,True,2025-10-23
254,7700000000254,Artículo Retail 00254,Electrónica,Subcategoría 1,Línea 27,594,14278.67,4.04,UNIDAD,True,2025-07-03
255,7700000000255,Artículo Retail 00255,Hogar,Subcategoría 2,Línea 22,734,171383.71,9.88,UNIDAD,True,2025-08-26
256,7700000000256,Artículo Retail 00256,Ropa,Subcategoría 12,Línea 33,755,27297.44,27.42,UNIDAD,True,2025-08-16
257,7700000000257,Artículo Retail 00257,Bebés,Subcategoría 14,Línea 25,373,37950.81,29.12,UNIDAD,True,2025-06-29
258,7700000000258,Artículo Retail 00258,Cuidado personal,Subcategoría 13,Línea 9,210,15998.17,29.72,UNIDAD,True,2025-12-30
259,7700000000259,Artículo Retail 00259,Alimentos,Subcategoría 1,Línea 25,196,59168.75,2.04,UNIDAD,True,2025-03-10
260,7700000000260,Artículo Retail 00260,Hogar,Subcategoría 6,Línea 14,449,2746.52,0.6,UNIDAD,True,2025-08-27
261,7700000000261,Artículo Retail 00261,Bebés,Subcategoría 4,Línea 34,791,23776.23,16.1,UNIDAD,True,2025-07-30
262,7700000000262,Artículo Retail 00262,Cuidado personal,Subcategoría 19,Línea 25,32,36698.21,20.5,UNIDAD,True,2025-01-06
263,7700000000263,Artículo Retail 00263,Ropa,Subcategoría 20,Línea 8,153,14370.9,28.64,UNIDAD,True,2025-04-29
264,7700000000264,Artículo Retail 00264,Electrónica,Subcategoría 14,Línea 23,349,6327.26,11.25,UNIDAD,True,2025-08-02
265,7700000000265,Artículo Retail 00265,Bebés,Subcategoría 3,Línea 37,758,292978.4,23.02,UNIDAD,True,2025-08-07
266,7700000000266,Artículo Retail 00266,Ropa,Subcategoría 20,Línea 38,23,86440.68,2.88,UNIDAD,True,2025-05-26
267,7700000000267,Artículo Retail 00267,Ropa,Subcategoría 11,Línea 5,787,51628.11,26.53,UNIDAD,True,2025-12-10
268,7700000000268,Artículo Retail 00268,Alimentos,Subcategoría 4,Línea 17,740,96501.6,13.24,UNIDAD,True,2025-05-01
269,7700000000269,Artículo Retail 00269,Alimentos,Subcategoría 11,Línea 47,275,25516.66,27.16,UNIDAD,True,2025-12-19
270,7700000000270,Artículo Retail 00270,Electrónica,Subcategoría 2,Línea 9,125,82097.4,4.24,UNIDAD,True,2025-09-02
271,7700000000271,Artículo Retail 00271,Ropa,Subcategoría 12,Línea 15,800,70804.66,26.61,UNIDAD,True,2025-06-30
272,7700000000272,Artículo Retail 00272,Cuidado personal,Subcategoría 5,Línea 45,248,15684.76,28.49,UNIDAD,True,2025-06-02
273,7700000000273,Artículo Retail 00273,Electrónica,Subcategoría 2,Línea 16,118,36245.71,8.55,UNIDAD,True,2025-10-13
274,7700000000274,Artículo Retail 00274,Electrónica,Subcategoría 20,Línea 40,478,10322.88,9.31,UNIDAD,True,2025-05-13
275,7700000000275,Artículo Retail 00275,Bebés,Subcategoría 10,Línea 4,624,19284.94,13.49,UNIDAD,True,2025-09-27
276,7700000000276,Artículo Retail 00276,Bebés,Subcategoría 19,Línea 49,183,89823.61,5.11,UNIDAD,True,2025-11-05
277,7700000000277,Artículo Retail 00277,Hogar,Subcategoría 12,Línea 21,220,11456.71,16.96,UNIDAD,True,2025-05-05
278,7700000000278,Artículo Retail 00278,Alimentos,Subcategoría 13,Línea 11,227,10740.82,18.91,UNIDAD,True,2025-12-19
279,7700000000279,Artículo Retail 00279,Electrónica,Subcategoría 9,Línea 6,726,5283.53,21.61,UNIDAD,True,2025-11-17
280,7700000000280,Artículo Retail 00280,Alimentos,Subcategoría 3,Línea 46,98,2640.88,24.45,UNIDAD,True,2025-08-13
281,7700000000281,Artículo Retail 00281,Hogar,Subcategoría 11,Línea 29,59,13424.06,17.86,UNIDAD,True,2025-01-12
282,7700000000282,Artículo Retail 00282,Bebés,Subcategoría 19,Línea 41,797,32293.18,24.18,UNIDAD,True,2025-04-13
283,7700000000283,Artículo Retail 00283,Electrónica,Subcategoría 8,Línea 40,133,31253.62,18.35,UNIDAD,True,2025-09-02
284,7700000000284,Artículo Retail 00284,Alimentos,Subcategoría 19,Línea 41,677,35165.25,21.92,UNIDAD,True,2025-11-29
285,7700000000285,Artículo Retail 00285,Alimentos,Subcategoría 17,Línea 16,571,17655.88,22.68,UNIDAD,True,2025-09-13
286,7700000000286,Artículo Retail 00286,Bebés,Subcategoría 15,Línea 50,531,6823.81,22.82,UNIDAD,True,2025-03-01
287,7700000000287,Artículo Retail 00287,Hogar,Subcategoría 8,Línea 34,55,55246.81,26.27,UNIDAD,True,2025-12-29
288,7700000000288,Artículo Retail 00288,Ropa,Subcategoría 14,Línea 18,493,3830.88,11.8,UNIDAD,True,2025-12-19
289,7700000000289,Artículo Retail 00289,Electrónica,Subcategoría 5,Línea 45,113,67691.88,11.7,UNIDAD,True,2025-02-06
290,7700000000290,Artículo Retail 00290,Cuidado personal,Subcategoría 5,Línea 15,298,248418.91,11.8,UNIDAD,True,2025-10-19
291,7700000000291,Artículo Retail 00291,Ropa,Subcategoría 16,Línea 3,93,13633.48,17.27,UNIDAD,True,2025-08-02
292,7700000000292,Artículo Retail 00292,Ropa,Subcategoría 16,Línea 46,321,58046.83,6.27,UNIDAD,True,2025-06-15
293,7700000000293,Artículo Retail 00293,Hogar,Subcategoría 10,Línea 39,451,1987.72,,UNIDAD,True,2025-01-19
294,7700000000294,Artículo Retail 00294,Cuidado personal,Subcategoría 4,Línea 15,113,8596.98,7.71,UNIDAD,True,2025-03-18
295,7700000000295,Artículo Retail 00295,Ropa,Subcategoría 5,Línea 46,684,131107.2,13.02,UNIDAD,True,2025-01-13
296,7700000000296,Artículo Retail 00296,Alimentos,Subcategoría 17,Línea 20,169,18857.74,3.16,UNIDAD,True,2025-05-19
297,7700000000297,Artículo Retail 00297,Electrónica,Subcategoría 8,Línea 40,426,45420.41,,UNIDAD,True,2025-11-12
298,7700000000298,Artículo Retail 00298,Bebés,Subcategoría 12,Línea 31,176,16580.27,6.58,UNIDAD,True,2025-04-16
299,7700000000299,Artículo Retail 00299,Ropa,Subcategoría 7,Línea 39,796,33773.21,29.33,UNIDAD,True,2025-05-01
300,7700000000300,Artículo Retail 00300,Ropa,Subcategoría 15,Línea 38,407,36521.68,,UNIDAD,True,2025-02-16
301,7700000000301,Artículo Retail 00301,Bebés,Subcategoría 15,Línea 32,757,15472.35,4.45,UNIDAD,True,2025-05-28
302,7700000000302,Artículo Retail 00302,Cuidado personal,Subcategoría 19,Línea 39,364,85277.88,18.75,UNIDAD,True,2025-05-01
303,7700000000303,Artículo Retail 00303,Ropa,Subcategoría 18,Línea 44,576,55939.76,,UNIDAD,True,2025-01-28
304,7700000000304,Artículo Retail 00304,Hogar,Subcategoría 5,Línea 9,750,44251.22,25.3,UNIDAD,True,2025-07-30
305,7700000000305,Artículo Retail 00305,Bebés,Subcategoría 13,Línea 37,360,17554.26,19.05,UNIDAD,True,2025-10-22
306,7700000000306,Artículo Retail 00306,Hogar,Subcategoría 16,Línea 24,559,10656.93,16.86,UNIDAD,True,2025-07-02
307,7700000000307,Artículo Retail 00307,Alimentos,Subcategoría 12,Línea 32,742,58156.58,26.09,UNIDAD,True,2025-06-03
308,7700000000308,Artículo Retail 00308,Hogar,Subcategoría 1,Línea 9,497,3874.38,15.65,UNIDAD,True,2025-12-22
309,7700000000309,Artículo Retail 00309,Hogar,Subcategoría 2,Línea 11,200,30498.23,15.67,UNIDAD,True,2025-07-03
310,7700000000310,Artículo Retail 00310,Electrónica,Subcategoría 10,Línea 35,727,125972.48,23.67,UNIDAD,True,2025-04-13
311,7700000000311,Artículo Retail 00311,Electrónica,Subcategoría 19,Línea 26,766,23321.1,20.85,UNIDAD,True,2025-03-01
312,7700000000312,Artículo Retail 00312,Cuidado personal,Subcategoría 2,Línea 11,499,28924.08,24.22,UNIDAD,True,2025-08-03
313,7700000000313,Artículo Retail 00313,Hogar,Subcategoría 4,Línea 43,401,16604.37,15.13,UNIDAD,True,2025-09-23
314,7700000000314,Artículo Retail 00314,Cuidado personal,Subcategoría 17,Línea 16,546,11582.33,8.16,UNIDAD,True,2025-04-26
315,7700000000315,Artículo Retail 00315,Electrónica,Subcategoría 16,Línea 5,249,6727.93,2.29,UNIDAD,True,2025-10-25
316,7700000000316,Artículo Retail 00316,Bebés,Subcategoría 5,Línea 18,334,33440.33,19.95,UNIDAD,True,2025-03-07
317,7700000000317,Artículo Retail 00317,Bebés,Subcategoría 14,Línea 31,453,3189.92,5.06,UNIDAD,True,2025-06-02
318,7700000000318,Artículo Retail 00318,Hogar,Subcategoría 14,Línea 30,368,19914.61,17.61,UNIDAD,True,2025-12-08
319,7700000000319,Artículo Retail 00319,Electrónica,Subcategoría 17,Línea 22,265,233185.15,24.57,UNIDAD,True,2025-07-25
320,7700000000320,Artículo Retail 00320,Alimentos,Subcategoría 12,Línea 7,495,71685.03,0.52,UNIDAD,True,2025-03-21
321,7700000000321,Artículo Retail 00321,Hogar,Subcategoría 15,Línea 32,514,65778.71,22.77,UNIDAD,True,2025-10-07
322,7700000000322,Artículo Retail 00322,Electrónica,Subcategoría 6,Línea 29,186,45756.73,9.05,UNIDAD,True,2025-09-18
323,7700000000323,Artículo Retail 00323,Electrónica,Subcategoría 19,Línea 27,474,17522.27,21.95,UNIDAD,True,2025-06-14
324,7700000000324,Artículo Retail 00324,Ropa,Subcategoría 5,Línea 31,766,79912.78,22.56,UNIDAD,True,2025-02-27
325,7700000000325,Artículo Retail 00325,Hogar,Subcategoría 7,Línea 43,362,19994.67,6.57,UNIDAD,True,2025-12-02
326,7700000000326,Artículo Retail 00326,Cuidado personal,Subcategoría 5,Línea 15,141,15242.18,28.98,UNIDAD,True,2025-01-28
327,7700000000327,Artículo Retail 00327,Cuidado personal,Subcategoría 16,Línea 13,292,14937.26,15.67,UNIDAD,True,2025-09-10
328,7700000000328,Artículo Retail 00328,Electrónica,Subcategoría 14,Línea 45,679,27505.72,11.51,UNIDAD,True,2025-07-05
329,7700000000329,Artículo Retail 00329,Cuidado personal,Subcategoría 5,Línea 37,789,47701.42,22.59,UNIDAD,True,2025-01-16
330,7700000000330,Artículo Retail 00330,Cuidado personal,Subcategoría 8,Línea 10,221,3998.19,26.42,UNIDAD,True,2025-05-20
331,7700000000331,Artículo Retail 00331,Bebés,Subcategoría 14,Línea 50,326,81209.07,18.91,UNIDAD,True,2025-08-19
332,7700000000332,Artículo Retail 00332,Bebés,Subcategoría 16,Línea 49,258,36307.8,8.62,UNIDAD,True,2025-09-02
333,7700000000333,Artículo Retail 00333,Hogar,Subcategoría 13,Línea 25,497,24646.25,,UNIDAD,True,2025-03-19
334,7700000000334,Artículo Retail 00334,Ropa,Subcategoría 3,Línea 7,313,1937.29,20.62,UNIDAD,True,2025-04-28
335,7700000000335,Artículo Retail 00335,Hogar,Subcategoría 9,Línea 23,293,5594.64,9.08,UNIDAD,True,2025-11-09
336,7700000000336,Artículo Retail 00336,Cuidado personal,Subcategoría 10,Línea 18,270,4325.14,10.4,UNIDAD,True,2025-05-21
337,7700000000337,Artículo Retail 00337,Ropa,Subcategoría 15,Línea 37,647,18778.73,26.69,UNIDAD,True,2025-09-28
338,7700000000338,Artículo Retail 00338,Electrónica,Subcategoría 3,Línea 42,326,37225.19,6.69,UNIDAD,True,2025-08-20
339,7700000000339,Artículo Retail 00339,Alimentos,Subcategoría 7,Línea 7,95,113049.08,6.84,UNIDAD,True,2025-12-17
340,7700000000340,Artículo Retail 00340,Ropa,Subcategoría 5,Línea 26,210,42982.46,17.56,UNIDAD,True,2025-08-20
341,7700000000341,Artículo Retail 00341,Alimentos,Subcategoría 3,Línea 29,389,9713.61,14.72,UNIDAD,True,2025-06-10
342,7700000000342,Artículo Retail 00342,Hogar,Subcategoría 8,Línea 26,529,29565.4,24.03,UNIDAD,True,2025-12-18
343,7700000000343,Artículo Retail 00343,Electrónica,Subcategoría 5,Línea 12,708,47032.69,5.76,UNIDAD,True,2025-10-14
344,7700000000344,Artículo Retail 00344,Cuidado personal,Subcategoría 15,Línea 33,241,35310.76,11.18,UNIDAD,True,2025-01-24
345,7700000000345,Artículo Retail 00345,Hogar,Subcategoría 14,Línea 17,294,53117.35,27.4,UNIDAD,True,2025-09-10
346,7700000000346,Artículo Retail 00346,Ropa,Subcategoría 7,Línea 28,781,57500.29,22.93,UNIDAD,True,2025-03-16
347,7700000000347,Artículo Retail 00347,Cuidado personal,Subcategoría 12,Línea 43,17,16464.42,19.56,UNIDAD,True,2025-09-07
348,7700000000348,Artículo Retail 00348,Alimentos,Subcategoría 9,Línea 8,686,17432.33,2.93,UNIDAD,True,2025-12-25
349,7700000000349,Artículo Retail 00349,Bebés,Subcategoría 16,Línea 50,392,49320.98,15.55,UNIDAD,True,2025-08-12
350,7700000000350,Artículo Retail 00350,Cuidado personal,Subcategoría 13,Línea 37,261,8705.17,7.47,UNIDAD,True,2025-09-27
351,7700000000351,Artículo Retail 00351,Electrónica,Subcategoría 6,Línea 7,441,15099.05,8.05,UNIDAD,True,2025-07-01
352,7700000000352,Artículo Retail 00352,Cuidado personal,Subcategoría 4,Línea 30,5,7322.31,8.13,UNIDAD,True,2025-05-15
353,7700000000353,Artículo Retail 00353,Alimentos,Subcategoría 10,Línea 25,413,25509.95,25.76,UNIDAD,True,2025-03-13
354,7700000000354,Artículo Retail 00354,Ropa,Subcategoría 5,Línea 19,745,9814.23,17.42,UNIDAD,True,2025-11-02
355,7700000000355,Artículo Retail 00355,Cuidado personal,Subcategoría 12,Línea 44,352,101875.96,29.6,UNIDAD,True,2025-08-03
356,7700000000356,Artículo Retail 00356,Ropa,Subcategoría 11,Línea 26,426,49185.27,5.02,UNIDAD,True,2025-03-28
357,7700000000357,Artículo Retail 00357,Ropa,Subcategoría 5,Línea 18,630,22637.89,24.09,UNIDAD,True,2025-08-08
358,7700000000358,Artículo Retail 00358,Hogar,Subcategoría 13,Línea 37,561,67450.73,,UNIDAD,True,2025-01-25
359,7700000000359,Artículo Retail 00359,Alimentos,Subcategoría 5,Línea 27,431,28514.99,24.84,UNIDAD,True,2025-04-06
360,7700000000360,Artículo Retail 00360,Hogar,Subcategoría 8,Línea 40,775,33076.66,15.13,UNIDAD,True,2025-02-01
361,7700000000361,Artículo Retail 00361,Cuidado personal,Subcategoría 15,Línea 3,348,9917.46,25.29,UNIDAD,True,2025-11-06
362,7700000000362,Artículo Retail 00362,Alimentos,Subcategoría 15,Línea 32,475,11176.33,21.63,UNIDAD,True,2025-11-26
363,7700000000363,Artículo Retail 00363,Cuidado personal,Subcategoría 1,Línea 22,621,93304.51,4.51,UNIDAD,True,2025-01-19
364,7700000000364,Artículo Retail 00364,Ropa,Subcategoría 15,Línea 40,413,98497.71,12.56,UNIDAD,True,2025-06-07
365,7700000000365,Artículo Retail 00365,Bebés,Subcategoría 14,Línea 31,248,7288.1,22.55,UNIDAD,True,2025-02-14
366,7700000000366,Artículo Retail 00366,Alimentos,Subcategoría 14,Línea 47,121,70235.87,,UNIDAD,True,2025-11-04
367,7700000000367,Artículo Retail 00367,Ropa,Subcategoría 14,Línea 20,243,22781.04,1.01,UNIDAD,True,2025-10-17
368,7700000000368,Artículo Retail 00368,Bebés,Subcategoría 5,Línea 8,630,16530.76,1.91,UNIDAD,True,2025-12-11
369,7700000000369,Artículo Retail 00369,Alimentos,Subcategoría 13,Línea 35,652,22396.85,13.43,UNIDAD,True,2025-06-19
370,7700000000370,Artículo Retail 00370,Alimentos,Subcategoría 16,Línea 33,358,12788.1,5.0,UNIDAD,True,2025-10-14
371,7700000000371,Artículo Retail 00371,Ropa,Subcategoría 15,Línea 8,767,19288.65,20.54,UNIDAD,True,2025-08-29
372,7700000000372,Artículo Retail 00372,Electrónica,Subcategoría 9,Línea 9,119,63645.1,9.73,UNIDAD,True,2025-02-13
373,7700000000373,Artículo Retail 00373,Hogar,Subcategoría 10,Línea 11,180,82514.9,,UNIDAD,True,2025-01-06
374,7700000000374,Artículo Retail 00374,Bebés,Subcategoría 10,Línea 3,405,36435.87,5.46,UNIDAD,True,2025-07-29
375,7700000000375,Artículo Retail 00375,Cuidado personal,Subcategoría 7,Línea 40,588,179367.11,21.64,UNIDAD,True,2025-10-14
376,7700000000376,Artículo Retail 00376,Electrónica,Subcategoría 20,Línea 19,408,17907.31,5.03,UNIDAD,True,2025-11-14
377,7700000000377,Artículo Retail 00377,Bebés,Subcategoría 20,Línea 35,651,38932.55,28.39,UNIDAD,True,2025-08-29
378,7700000000378,Artículo Retail 00378,Cuidado personal,Subcategoría 1,Línea 31,592,67056.42,22.27,UNIDAD,True,2025-10-18
379,7700000000379,Artículo Retail 00379,Electrónica,Subcategoría 18,Línea 9,776,10783.54,22.24,UNIDAD,True,2025-10-12
380,7700000000380,Artículo Retail 00380,Bebés,Subcategoría 3,Línea 33,100,12049.58,,UNIDAD,True,2025-07-10
381,7700000000381,Artículo Retail 00381,Hogar,Subcategoría 12,Línea 9,22,6812.78,19.98,UNIDAD,True,2025-09-17
382,7700000000382,Artículo Retail 00382,Electrónica,Subcategoría 2,Línea 37,12,27938.18,14.34,UNIDAD,True,2025-11-28
383,7700000000383,Artículo Retail 00383,Bebés,Subcategoría 5,Línea 46,546,67610.82,5.42,UNIDAD,True,2025-11-01
384,7700000000384,Artículo Retail 00384,Cuidado personal,Subcategoría 15,Línea 38,513,21731.49,17.94,UNIDAD,True,2025-02-19
385,7700000000385,Artículo Retail 00385,Cuidado personal,Subcategoría 11,Línea 22,753,107869.25,2.11,UNIDAD,True,2025-08-19
386,7700000000386,Artículo Retail 00386,Cuidado personal,Subcategoría 1,Línea 17,429,39563.01,14.55,UNIDAD,True,2025-12-24
387,7700000000387,Artículo Retail 00387,Ropa,Subcategoría 15,Línea 15,660,19327.23,20.75,UNIDAD,True,2025-11-05
388,7700000000388,Artículo Retail 00388,Hogar,Subcategoría 16,Línea 7,702,9438.0,7.35,UNIDAD,True,2025-07-26
389,7700000000389,Artículo Retail 00389,Electrónica,Subcategoría 14,Línea 33,744,33177.57,2.55,UNIDAD,True,2025-12-12
390,7700000000390,Artículo Retail 00390,Alimentos,Subcategoría 5,Línea 16,535,57218.43,23.85,UNIDAD,True,2025-05-27
391,7700000000391,Artículo Retail 00391,Hogar,Subcategoría 12,Línea 45,544,28632.01,2.06,UNIDAD,True,2025-09-07
392,7700000000392,Artículo Retail 00392,Ropa,Subcategoría 7,Línea 31,728,80761.37,0.6,UNIDAD,True,2025-10-05
393,7700000000393,Artículo Retail 00393,Electrónica,Subcategoría 14,Línea 3,711,73587.53,22.43,UNIDAD,True,2025-04-15
394,7700000000394,Artículo Retail 00394,Hogar,Subcategoría 11,Línea 22,678,40270.52,19.51,UNIDAD,True,2025-12-26
395,7700000000395,Artículo Retail 00395,Ropa,Subcategoría 7,Línea 50,241,18433.43,24.52,UNIDAD,True,2025-07-21
396,7700000000396,Artículo Retail 00396,Hogar,Subcategoría 5,Línea 18,119,10623.09,25.33,UNIDAD,True,2025-04-26
397,7700000000397,Artículo Retail 00397,Alimentos,Subcategoría 2,Línea 34,293,30562.68,1.36,UNIDAD,True,2025-03-24
398,7700000000398,Artículo Retail 00398,Bebés,Subcategoría 16,Línea 37,150,29754.98,3.09,UNIDAD,True,2025-05-15
399,7700000000399,Artículo Retail 00399,Cuidado personal,Subcategoría 11,Línea 30,681,20775.45,0.95,UNIDAD,True,2025-11-25
400,7700000000400,Artículo Retail 00400,Electrónica,Subcategoría 1,Línea 35,67,14482.14,18.21,UNIDAD,True,2025-04-09
401,7700000000401,Artículo Retail 00401,Ropa,Subcategoría 9,Línea 16,203,11502.05,26.61,UNIDAD,True,2025-01-18
402,7700000000402,Artículo Retail 00402,Bebés,Subcategoría 11,Línea 28,284,29155.53,20.98,UNIDAD,True,2025-08-04
403,7700000000403,Artículo Retail 00403,Cuidado personal,Subcategoría 7,Línea 4,169,86139.56,27.26,UNIDAD,True,2025-04-19
404,7700000000404,Artículo Retail 00404,Hogar,Subcategoría 9,Línea 48,700,20356.38,,UNIDAD,True,2025-01-08
405,7700000000405,Artículo Retail 00405,Electrónica,Subcategoría 13,Línea 15,670,10060.62,27.47,UNIDAD,True,2025-09-23
406,7700000000406,Artículo Retail 00406,Ropa,Subcategoría 3,Línea 9,527,14126.3,11.61,UNIDAD,True,2025-05-17
407,7700000000407,Artículo Retail 00407,Bebés,Subcategoría 18,Línea 19,684,65845.02,14.37,UNIDAD,True,2025-08-06
408,7700000000408,Artículo Retail 00408,Ropa,Subcategoría 18,Línea 42,662,22760.84,28.61,UNIDAD,True,2025-01-15
409,7700000000409,Artículo Retail 00409,Bebés,Subcategoría 2,Línea 21,282,25983.06,24.28,UNIDAD,True,2025-04-11
410,7700000000410,Artículo Retail 00410,Ropa,Subcategoría 3,Línea 25,191,17490.4,20.05,UNIDAD,True,2025-11-17
411,7700000000411,Artículo Retail 00411,Bebés,Subcategoría 6,Línea 41,329,38499.86,11.56,UNIDAD,True,2025-05-22
412,7700000000412,Artículo Retail 00412,Ropa,Subcategoría 8,Línea 5,585,109849.34,,UNIDAD,False,2025-12-11
413,7700000000413,Artículo Retail 00413,Electrónica,Subcategoría 11,Línea 25,285,9777.85,13.0,UNIDAD,True,2025-01-10
414,7700000000414,Artículo Retail 00414,Cuidado personal,Subcategoría 13,Línea 11,610,14308.75,24.69,UNIDAD,True,2025-10-15
415,7700000000415,Artículo Retail 00415,Ropa,Subcategoría 17,Línea 46,530,3772.34,4.42,UNIDAD,True,2025-09-30
416,7700000000416,Artículo Retail 00416,Hogar,Subcategoría 7,Línea 5,723,16980.4,6.09,UNIDAD,True,2025-05-09
417,7700000000417,Artículo Retail 00417,Alimentos,Subcategoría 10,Línea 5,266,22726.29,17.1,UNIDAD,True,2025-03-20
418,7700000000418,Artículo Retail 00418,Ropa,Subcategoría 4,Línea 41,310,12362.48,,UNIDAD,True,2025-12-06
419,7700000000419,Artículo Retail 00419,Alimentos,Subcategoría 13,Línea 21,297,5848.72,21.29,UNIDAD,True,2025-07-08
420,7700000000420,Artículo Retail 00420,Hogar,Subcategoría 16,Línea 21,243,4245.07,18.09,UNIDAD,True,2025-08-14
421,7700000000421,Artículo Retail 00421,Ropa,Subcategoría 8,Línea 3,414,7767.65,3.73,UNIDAD,True,2025-11-08
422,7700000000422,Artículo Retail 00422,Electrónica,Subcategoría 13,Línea 2,397,9117.35,11.71,UNIDAD,True,2025-11-25
423,7700000000423,Artículo Retail 00423,Alimentos,Subcategoría 17,Línea 48,593,57759.01,11.14,UNIDAD,True,2025-05-16
424,7700000000424,Artículo Retail 00424,Hogar,Subcategoría 4,Línea 22,213,21102.19,13.42,UNIDAD,True,2025-04-17
425,7700000000425,Artículo Retail 00425,Electrónica,Subcategoría 16,Línea 26,735,40563.5,17.25,UNIDAD,True,2025-06-20
426,7700000000426,Artículo Retail 00426,Electrónica,Subcategoría 9,Línea 39,745,13078.43,19.54,UNIDAD,True,2025-07-19
427,7700000000427,Artículo Retail 00427,Alimentos,Subcategoría 3,Línea 34,556,48391.82,9.18,UNIDAD,True,2025-11-24
428,7700000000428,Artículo Retail 00428,Ropa,Subcategoría 11,Línea 25,73,43349.7,26.58,UNIDAD,True,2025-03-27
429,7700000000429,Artículo Retail 00429,Ropa,Subcategoría 15,Línea 33,598,3512.86,17.86,UNIDAD,True,2025-04-20
430,7700000000430,Artículo Retail 00430,Alimentos,Subcategoría 2,Línea 31,7,3175.73,23.14,UNIDAD,True,2025-10-14
431,7700000000431,Artículo Retail 00431,Ropa,Subcategoría 13,Línea 18,81,60433.89,24.8,UNIDAD,True,2025-12-12
432,7700000000432,Artículo Retail 00432,Alimentos,Subcategoría 5,Línea 46,658,39349.58,29.95,UNIDAD,True,2025-07-29
433,7700000000433,Artículo Retail 00433,Cuidado personal,Subcategoría 19,Línea 46,643,23186.0,26.66,UNIDAD,True,2025-10-25
434,7700000000434,Artículo Retail 00434,Ropa,Subcategoría 7,Línea 38,21,10157.1,,UNIDAD,True,2025-08-21
435,7700000000435,Artículo Retail 00435,Hogar,Subcategoría 19,Línea 36,390,9046.85,17.83,UNIDAD,True,2025-03-17
436,7700000000436,Artículo Retail 00436,Bebés,Subcategoría 13,Línea 12,431,17051.99,23.27,UNIDAD,True,2025-07-04
437,7700000000437,Artículo Retail 00437,Bebés,Subcategoría 11,Línea 37,490,3814.68,,UNIDAD,True,2025-07-30
438,7700000000438,Artículo Retail 00438,Alimentos,Subcategoría 20,Línea 31,91,9180.55,7.81,UNIDAD,True,2025-01-22
439,7700000000439,Artículo Retail 00439,Hogar,Subcategoría 19,Línea 22,255,33202.05,29.33,UNIDAD,True,2025-02-06
440,7700000000440,Artículo Retail 00440,Bebés,Subcategoría 3,Línea 14,236,39667.35,14.68,UNIDAD,True,2025-08-03
441,7700000000441,Artículo Retail 00441,Alimentos,Subcategoría 16,Línea 35,515,22881.15,22.9,UNIDAD,True,2025-01-20
442,7700000000442,Artículo Retail 00442,Cuidado personal,Subcategoría 7,Línea 21,315,16389.47,23.44,UNIDAD,True,2025-08-29
443,7700000000443,Artículo Retail 00443,Cuidado personal,Subcategoría 2,Línea 30,797,76532.05,14.24,UNIDAD,True,2025-12-29
444,7700000000444,Artículo Retail 00444,Bebés,Subcategoría 9,Línea 28,214,89703.5,,UNIDAD,True,2025-06-16
445,7700000000445,Artículo Retail 00445,Bebés,Subcategoría 14,Línea 41,9,45554.27,29.18,UNIDAD,True,2025-01-17
446,7700000000446,Artículo Retail 00446,Bebés,Subcategoría 11,Línea 17,467,5345.25,9.64,UNIDAD,True,2025-09-18
447,7700000000447,Artículo Retail 00447,Hogar,Subcategoría 5,Línea 32,163,23995.86,18.52,UNIDAD,True,2025-10-24
448,7700000000448,Artículo Retail 00448,Electrónica,Subcategoría 14,Línea 43,71,4308.73,,UNIDAD,True,2025-08-28
449,7700000000449,Artículo Retail 00449,Hogar,Subcategoría 1,Línea 43,216,7812.79,10.14,UNIDAD,True,2025-11-27
450,7700000000450,Artículo Retail 00450,Electrónica,Subcategoría 11,Línea 33,469,30849.36,1.49,UNIDAD,True,2025-12-03
451,7700000000451,Artículo Retail 00451,Alimentos,Subcategoría 13,Línea 50,643,128449.95,26.68,UNIDAD,True,2025-12-28
452,7700000000452,Artículo Retail 00452,Hogar,Subcategoría 11,Línea 34,533,38609.26,18.59,UNIDAD,True,2025-06-30
453,7700000000453,Artículo Retail 00453,Alimentos,Subcategoría 4,Línea 46,408,12925.43,24.29,UNIDAD,True,2025-09-27
454,7700000000454,Artículo Retail 00454,Bebés,Subcategoría 1,Línea 30,41,24348.82,15.19,UNIDAD,True,2025-03-18
455,7700000000455,Artículo Retail 00455,Ropa,Subcategoría 9,Línea 26,485,18820.49,6.57,UNIDAD,True,2025-05-16
456,7700000000456,Artículo Retail 00456,Alimentos,Subcategoría 10,Línea 34,776,26846.49,,UNIDAD,True,2025-12-31
457,7700000000457,Artículo Retail 00457,Ropa,Subcategoría 14,Línea 37,391,11310.54,1.97,UNIDAD,True,2025-07-05
458,7700000000458,Artículo Retail 00458,Cuidado personal,Subcategoría 11,Línea 39,322,14172.0,27.37,UNIDAD,True,2025-10-08
459,7700000000459,Artículo Retail 00459,Alimentos,Subcategoría 20,Línea 31,362,26392.1,,UNIDAD,True,2025-05-13
460,7700000000460,Artículo Retail 00460,Alimentos,Subcategoría 5,Línea 14,269,14629.26,16.4,UNIDAD,True,2025-08-09
461,7700000000461,Artículo Retail 00461,Cuidado personal,Subcategoría 20,Línea 25,349,14179.91,27.92,UNIDAD,True,2025-06-09
462,7700000000462,Artículo Retail 00462,Ropa,Subcategoría 7,Línea 20,314,53982.95,5.37,UNIDAD,True,2025-08-27
463,7700000000463,Artículo Retail 00463,Bebés,Subcategoría 6,Línea 7,229,34300.8,3.36,UNIDAD,True,2025-01-03
464,7700000000464,Artículo Retail 00464,Electrónica,Subcategoría 4,Línea 29,373,12711.94,13.36,UNIDAD,True,2025-05-13
465,7700000000465,Artículo Retail 00465,Ropa,Subcategoría 15,Línea 25,744,99994.4,17.82,UNIDAD,True,2025-08-01
466,7700000000466,Artículo Retail 00466,Electrónica,Subcategoría 13,Línea 24,767,36766.36,6.08,UNIDAD,False,2025-12-19
467,7700000000467,Artículo Retail 00467,Bebés,Subcategoría 16,Línea 28,282,8498.15,1.59,UNIDAD,True,2025-08-19
468,7700000000468,Artículo Retail 00468,Cuidado personal,Subcategoría 1,Línea 13,38,28842.58,25.47,UNIDAD,True,2025-10-31
469,7700000000469,Artículo Retail 00469,Electrónica,Subcategoría 6,Línea 30,320,45548.98,24.06,UNIDAD,True,2025-10-21
470,7700000000470,Artículo Retail 00470,Ropa,Subcategoría 1,Línea 45,504,10324.07,7.13,UNIDAD,True,2025-09-26
471,7700000000471,Artículo Retail 00471,Cuidado personal,Subcategoría 5,Línea 39,479,41733.89,,UNIDAD,True,2025-05-05
472,7700000000472,Artículo Retail 00472,Ropa,Subcategoría 8,Línea 1,553,14589.53,18.92,UNIDAD,True,2025-06-26
473,7700000000473,Artículo Retail 00473,Hogar,Subcategoría 8,Línea 4,505,18625.55,12.87,UNIDAD,True,2025-10-05
474,7700000000474,Artículo Retail 00474,Alimentos,Subcategoría 16,Línea 18,614,76091.16,27.52,UNIDAD,True,2025-06-10
475,7700000000475,Artículo Retail 00475,Hogar,Subcategoría 5,Línea 5,454,11959.55,25.55,UNIDAD,True,2025-03-11
476,7700000000476,Artículo Retail 00476,Alimentos,Subcategoría 7,Línea 44,285,18535.02,26.36,UNIDAD,True,2025-01-10
477,7700000000477,Artículo Retail 00477,Bebés,Subcategoría 12,Línea 24,173,47988.93,14.37,UNIDAD,True,2025-11-01
478,7700000000478,Artículo Retail 00478,Alimentos,Subcategoría 19,Línea 24,109,42697.56,23.49,UNIDAD,True,2025-06-25
479,7700000000479,Artículo Retail 00479,Bebés,Subcategoría 4,Línea 18,18,11489.25,14.69,UNIDAD,True,2025-10-15
480,7700000000480,Artículo Retail 00480,Hogar,Subcategoría 1,Línea 27,405,36489.64,18.62,UNIDAD,True,2025-12-10
481,7700000000481,Artículo Retail 00481,Bebés,Subcategoría 16,Línea 24,685,80280.51,4.84,UNIDAD,True,2025-11-09
482,7700000000482,Artículo Retail 00482,Cuidado personal,Subcategoría 3,Línea 20,435,4090.39,20.87,UNIDAD,True,2025-11-24
483,7700000000483,Artículo Retail 00483,Alimentos,Subcategoría 9,Línea 14,392,8509.4,11.18,UNIDAD,True,2025-05-01
484,7700000000484,Artículo Retail 00484,Bebés,Subcategoría 18,Línea 8,143,114903.49,23.97,UNIDAD,True,2025-03-15
485,7700000000485,Artículo Retail 00485,Hogar,Subcategoría 20,Línea 36,746,18044.57,7.29,UNIDAD,True,2025-09-29
486,7700000000486,Artículo Retail 00486,Alimentos,Subcategoría 9,Línea 21,79,10372.95,27.19,UNIDAD,True,2025-01-21
487,7700000000487,Artículo Retail 00487,Bebés,Subcategoría 5,Línea 27,172,4669.75,11.03,UNIDAD,True,2025-11-17
488,7700000000488,Artículo Retail 00488,Hogar,Subcategoría 6,Línea 29,333,17690.09,18.63,UNIDAD,True,2025-05-18
489,7700000000489,Artículo Retail 00489,Electrónica,Subcategoría 9,Línea 42,774,46437.31,23.51,UNIDAD,True,2025-08-29
490,7700000000490,Artículo Retail 00490,Ropa,Subcategoría 3,Línea 48,128,49044.27,16.66,UNIDAD,False,2025-08-21
491,7700000000491,Artículo Retail 00491,Electrónica,Subcategoría 10,Línea 38,373,9774.82,16.46,UNIDAD,True,2025-05-28
492,7700000000492,Artículo Retail 00492,Alimentos,Subcategoría 3,Línea 50,486,46336.01,11.29,UNIDAD,True,2025-05-11
493,7700000000493,Artículo Retail 00493,Cuidado personal,Subcategoría 15,Línea 26,481,22345.88,19.89,UNIDAD,True,2025-10-08
494,7700000000494,Artículo Retail 00494,Electrónica,Subcategoría 18,Línea 49,708,110072.45,7.6,UNIDAD,True,2025-08-09
495,7700000000495,Artículo Retail 00495,Hogar,Subcategoría 2,Línea 3,172,8903.59,11.88,UNIDAD,True,2025-05-04
496,7700000000496,Artículo Retail 00496,Hogar,Subcategoría 20,Línea 33,604,29231.7,,UNIDAD,True,2025-01-26
497,7700000000497,Artículo Retail 00497,Cuidado personal,Subcategoría 11,Línea 45,290,6638.12,,UNIDAD,True,2025-09-22
498,7700000000498,Artículo Retail 00498,Alimentos,Subcategoría 6,Línea 41,163,7417.92,12.06,UNIDAD,True,2025-01-31
499,7700000000499,Artículo Retail 00499,Electrónica,Subcategoría 3,Línea 48,620,38305.37,9.76,UNIDAD,True,2025-07-28
500,7700000000500,Artículo Retail 00500,Electrónica,Subcategoría 14,Línea 38,106,24192.3,15.57,UNIDAD,True,2025-02-25
501,7700000000501,Artículo Retail 00501,Alimentos,Subcategoría 11,Línea 6,422,87108.04,5.48,UNIDAD,True,2025-07-15
502,7700000000502,Artículo Retail 00502,Electrónica,Subcategoría 4,Línea 29,65,5688.01,15.69,UNIDAD,True,2025-01-30
503,7700000000503,Artículo Retail 00503,Cuidado personal,Subcategoría 10,Línea 6,293,8803.27,10.2,UNIDAD,True,2025-08-10
504,7700000000504,Artículo Retail 00504,Ropa,Subcategoría 17,Línea 39,413,60318.74,4.6,UNIDAD,True,2025-05-22
505,7700000000505,Artículo Retail 00505,Cuidado personal,Subcategoría 7,Línea 9,199,5319.92,,UNIDAD,True,2025-07-06
506,7700000000506,Artículo Retail 00506,Cuidado personal,Subcategoría 2,Línea 1,595,39457.97,20.77,UNIDAD,True,2025-10-15
507,7700000000507,Artículo Retail 00507,Electrónica,Subcategoría 1,Línea 33,499,110955.3,3.19,UNIDAD,True,2025-10-01
508,7700000000508,Artículo Retail 00508,Alimentos,Subcategoría 7,Línea 19,484,47688.55,10.74,UNIDAD,True,2025-09-14
509,7700000000509,Artículo Retail 00509,Hogar,Subcategoría 5,Línea 46,509,2939.25,24.55,UNIDAD,True,2025-07-24
510,7700000000510,Artículo Retail 00510,Cuidado personal,Subcategoría 3,Línea 13,506,32689.93,23.09,UNIDAD,True,2025-05-27
511,7700000000511,Artículo Retail 00511,Bebés,Subcategoría 4,Línea 19,137,24546.18,29.52,UNIDAD,True,2025-12-26
512,7700000000512,Artículo Retail 00512,Cuidado personal,Subcategoría 12,Línea 43,699,3189.87,9.99,UNIDAD,True,2025-03-08
513,7700000000513,Artículo Retail 00513,Hogar,Subcategoría 4,Línea 50,277,40027.22,4.17,UNIDAD,True,2025-01-09
514,7700000000514,Artículo Retail 00514,Alimentos,Subcategoría 19,Línea 39,276,93366.52,3.97,UNIDAD,True,2025-04-24
515,7700000000515,Artículo Retail 00515,Cuidado personal,Subcategoría 3,Línea 36,455,52787.01,3.47,UNIDAD,True,2025-11-04
516,7700000000516,Artículo Retail 00516,Electrónica,Subcategoría 8,Línea 44,730,20566.9,28.35,UNIDAD,True,2025-06-12
517,7700000000517,Artículo Retail 00517,Ropa,Subcategoría 5,Línea 17,513,20866.11,1.91,UNIDAD,True,2025-05-21
518,7700000000518,Artículo Retail 00518,Hogar,Subcategoría 19,Línea 32,57,3972.09,29.82,UNIDAD,True,2025-05-07
519,7700000000519,Artículo Retail 00519,Electrónica,Subcategoría 13,Línea 37,734,17847.56,15.86,UNIDAD,False,2025-02-02
520,7700000000520,Artículo Retail 00520,Alimentos,Subcategoría 15,Línea 14,384,11543.1,24.17,UNIDAD,True,2025-08-18
521,7700000000521,Artículo Retail 00521,Cuidado personal,Subcategoría 13,Línea 6,790,24814.3,,UNIDAD,True,2025-04-12
522,7700000000522,Artículo Retail 00522,Cuidado personal,Subcategoría 16,Línea 46,566,52074.36,25.19,UNIDAD,True,2025-03-04
523,7700000000523,Artículo Retail 00523,Hogar,Subcategoría 13,Línea 6,667,24254.69,7.46,UNIDAD,True,2025-05-08
524,7700000000524,Artículo Retail 00524,Ropa,Subcategoría 20,Línea 3,298,10708.3,27.85,UNIDAD,True,2025-10-24
525,7700000000525,Artículo Retail 00525,Ropa,Subcategoría 6,Línea 27,480,24042.21,3.23,UNIDAD,True,2025-04-04
526,7700000000526,Artículo Retail 00526,Bebés,Subcategoría 5,Línea 3,699,7685.2,5.59,UNIDAD,True,2025-01-07
527,7700000000527,Artículo Retail 00527,Electrónica,Subcategoría 16,Línea 31,764,22067.56,10.88,UNIDAD,True,2025-03-03
528,7700000000528,Artículo Retail 00528,Ropa,Subcategoría 4,Línea 6,376,19014.12,24.53,UNIDAD,True,2025-09-18
529,7700000000529,Artículo Retail 00529,Electrónica,Subcategoría 20,Línea 25,316,26817.7,1.85,UNIDAD,True,2025-08-17
530,7700000000530,Artículo Retail 00530,Hogar,Subcategoría 7,Línea 3,63,122634.54,4.49,UNIDAD,True,2025-04-06
531,7700000000531,Artículo Retail 00531,Alimentos,Subcategoría 1,Línea 17,529,24803.79,7.03,UNIDAD,True,2025-09-14
532,7700000000532,Artículo Retail 00532,Bebés,Subcategoría 10,Línea 37,46,53164.28,4.79,UNIDAD,True,2025-08-29
533,7700000000533,Artículo Retail 00533,Hogar,Subcategoría 14,Línea 44,92,15632.11,10.43,UNIDAD,True,2025-09-05
534,7700000000534,Artículo Retail 00534,Electrónica,Subcategoría 11,Línea 5,68,11595.67,,UNIDAD,True,2025-01-13
535,7700000000535,Artículo Retail 00535,Bebés,Subcategoría 17,Línea 37,28,48721.38,28.46,UNIDAD,True,2025-06-27
536,7700000000536,Artículo Retail 00536,Bebés,Subcategoría 3,Línea 5,243,2354.78,21.39,UNIDAD,True,2025-07-14
537,7700000000537,Artículo Retail 00537,Ropa,Subcategoría 5,Línea 15,311,11025.46,17.4,UNIDAD,True,2025-11-17
538,7700000000538,Artículo Retail 00538,Ropa,Subcategoría 19,Línea 42,794,19433.75,16.45,UNIDAD,True,2025-01-21
539,7700000000539,Artículo Retail 00539,Electrónica,Subcategoría 6,Línea 13,284,13924.27,15.85,UNIDAD,True,2025-07-17
540,7700000000540,Artículo Retail 00540,Bebés,Subcategoría 10,Línea 6,221,93683.51,5.27,UNIDAD,True,2025-12-21
541,7700000000541,Artículo Retail 00541,Bebés,Subcategoría 6,Línea 20,462,5732.28,25.0,UNIDAD,True,2025-01-27
542,7700000000542,Artículo Retail 00542,Ropa,Subcategoría 3,Línea 9,492,23930.76,19.77,UNIDAD,True,2025-09-21
543,7700000000543,Artículo Retail 00543,Bebés,Subcategoría 3,Línea 6,461,8248.03,17.97,UNIDAD,True,2025-02-02
544,7700000000544,Artículo Retail 00544,Cuidado personal,Subcategoría 9,Línea 22,620,27179.07,21.13,UNIDAD,True,2025-05-25
545,7700000000545,Artículo Retail 00545,Electrónica,Subcategoría 16,Línea 9,60,32487.6,17.04,UNIDAD,True,2025-05-31
546,7700000000546,Artículo Retail 00546,Electrónica,Subcategoría 13,Línea 50,547,34294.52,18.8,UNIDAD,True,2025-02-05
547,7700000000547,Artículo Retail 00547,Hogar,Subcategoría 19,Línea 46,203,45988.61,,UNIDAD,True,2025-09-24
548,7700000000548,Artículo Retail 00548,Cuidado personal,Subcategoría 13,Línea 17,595,112086.91,18.41,UNIDAD,True,2025-02-14
549,7700000000549,Artículo Retail 00549,Alimentos,Subcategoría 16,Línea 43,268,27340.4,14.69,UNIDAD,True,2025-04-21
550,7700000000550,Artículo Retail 00550,Alimentos,Subcategoría 14,Línea 37,10,4634.74,3.22,UNIDAD,True,2025-03-12
551,7700000000551,Artículo Retail 00551,Alimentos,Subcategoría 1,Línea 3,423,46434.67,20.17,UNIDAD,True,2025-04-23
552,7700000000552,Artículo Retail 00552,Bebés,Subcategoría 7,Línea 50,663,14682.9,13.31,UNIDAD,True,2025-09-26
553,7700000000553,Artículo Retail 00553,Electrónica,Subcategoría 18,Línea 1,756,234350.97,9.19,UNIDAD,True,2025-07-20
554,7700000000554,Artículo Retail 00554,Alimentos,Subcategoría 14,Línea 1,795,39765.5,4.52,UNIDAD,True,2025-12-17
555,7700000000555,Artículo Retail 00555,Electrónica,Subcategoría 18,Línea 23,280,458835.49,16.9,UNIDAD,True,2025-07-07
556,7700000000556,Artículo Retail 00556,Bebés,Subcategoría 5,Línea 32,722,17276.74,6.43,UNIDAD,True,2025-12-24
557,7700000000557,Artículo Retail 00557,Ropa,Subcategoría 4,Línea 40,118,11959.23,15.63,UNIDAD,True,2025-12-29
558,7700000000558,Artículo Retail 00558,Ropa,Subcategoría 16,Línea 14,442,31866.91,20.29,UNIDAD,True,2025-10-31
559,7700000000559,Artículo Retail 00559,Bebés,Subcategoría 14,Línea 3,535,30769.51,15.72,UNIDAD,True,2025-03-23
560,7700000000560,Artículo Retail 00560,Ropa,Subcategoría 7,Línea 28,65,3604.89,21.27,UNIDAD,True,2025-05-15
561,7700000000561,Artículo Retail 00561,Electrónica,Subcategoría 8,Línea 35,723,32247.2,,UNIDAD,True,2025-03-21
562,7700000000562,Artículo Retail 00562,Alimentos,Subcategoría 1,Línea 44,86,9140.02,2.41,UNIDAD,True,2025-01-22
563,7700000000563,Artículo Retail 00563,Bebés,Subcategoría 8,Línea 32,316,209416.03,25.67,UNIDAD,False,2025-02-13
564,7700000000564,Artículo Retail 00564,Ropa,Subcategoría 9,Línea 4,420,42003.39,28.17,UNIDAD,True,2025-05-25
565,7700000000565,Artículo Retail 00565,Bebés,Subcategoría 4,Línea 27,380,22218.39,26.16,UNIDAD,False,2025-09-02
566,7700000000566,Artículo Retail 00566,Bebés,Subcategoría 14,Línea 10,54,6664.97,13.8,UNIDAD,True,2025-12-01
567,7700000000567,Artículo Retail 00567,Bebés,Subcategoría 18,Línea 25,743,22151.44,11.78,UNIDAD,True,2025-04-25
568,7700000000568,Artículo Retail 00568,Hogar,Subcategoría 17,Línea 37,343,51920.8,29.2,UNIDAD,True,2025-07-09
569,7700000000569,Artículo Retail 00569,Cuidado personal,Subcategoría 11,Línea 16,789,83314.86,11.89,UNIDAD,True,2025-02-26
570,7700000000570,Artículo Retail 00570,Electrónica,Subcategoría 2,Línea 9,352,3532.34,23.66,UNIDAD,True,2025-06-17
571,7700000000571,Artículo Retail 00571,Alimentos,Subcategoría 7,Línea 18,22,15243.98,23.95,UNIDAD,True,2025-05-06
572,7700000000572,Artículo Retail 00572,Bebés,Subcategoría 1,Línea 28,149,31801.45,21.72,UNIDAD,True,2025-05-01
573,7700000000573,Artículo Retail 00573,Bebés,Subcategoría 1,Línea 34,224,15215.35,7.54,UNIDAD,True,2025-03-15
574,7700000000574,Artículo Retail 00574,Hogar,Subcategoría 16,Línea 18,416,11435.64,13.12,UNIDAD,True,2025-01-22
575,7700000000575,Artículo Retail 00575,Alimentos,Subcategoría 13,Línea 47,676,9929.53,22.12,UNIDAD,True,2025-01-06
576,7700000000576,Artículo Retail 00576,Ropa,Subcategoría 12,Línea 27,206,25113.43,10.03,UNIDAD,True,2025-01-28
577,7700000000577,Artículo Retail 00577,Ropa,Subcategoría 4,Línea 4,286,7269.62,16.28,UNIDAD,True,2025-12-22
578,7700000000578,Artículo Retail 00578,Electrónica,Subcategoría 17,Línea 48,335,18189.95,15.54,UNIDAD,True,2025-08-27
579,7700000000579,Artículo Retail 00579,Cuidado personal,Subcategoría 10,Línea 9,704,43164.8,3.2,UNIDAD,True,2025-10-25
580,7700000000580,Artículo Retail 00580,Ropa,Subcategoría 20,Línea 40,12,27203.12,23.0,UNIDAD,True,2025-09-10
581,7700000000581,Artículo Retail 00581,Electrónica,Subcategoría 10,Línea 49,698,8210.33,7.97,UNIDAD,True,2025-09-05
582,7700000000582,Artículo Retail 00582,Alimentos,Subcategoría 16,Línea 8,760,32062.17,23.53,UNIDAD,True,2025-12-17
583,7700000000583,Artículo Retail 00583,Bebés,Subcategoría 13,Línea 5,14,10768.07,29.67,UNIDAD,False,2025-02-07
584,7700000000584,Artículo Retail 00584,Cuidado personal,Subcategoría 13,Línea 1,324,11163.16,15.13,UNIDAD,True,2025-10-31
585,7700000000585,Artículo Retail 00585,Alimentos,Subcategoría 13,Línea 33,234,19405.72,20.58,UNIDAD,True,2025-07-03
586,7700000000586,Artículo Retail 00586,Bebés,Subcategoría 9,Línea 22,727,84029.87,22.55,UNIDAD,True,2025-05-03
587,7700000000587,Artículo Retail 00587,Cuidado personal,Subcategoría 5,Línea 8,391,15666.18,5.66,UNIDAD,True,2025-01-01
588,7700000000588,Artículo Retail 00588,Bebés,Subcategoría 7,Línea 13,18,16417.18,18.9,UNIDAD,True,2025-08-10
589,7700000000589,Artículo Retail 00589,Alimentos,Subcategoría 9,Línea 23,407,48942.97,18.21,UNIDAD,True,2025-07-30
590,7700000000590,Artículo Retail 00590,Alimentos,Subcategoría 18,Línea 15,758,113912.81,28.6,UNIDAD,True,2025-11-03
591,7700000000591,Artículo Retail 00591,Ropa,Subcategoría 5,Línea 37,288,4333.27,4.05,UNIDAD,True,2025-02-13
592,7700000000592,Artículo Retail 00592,Cuidado personal,Subcategoría 18,Línea 27,230,56410.41,21.25,UNIDAD,True,2025-06-19
593,7700000000593,Artículo Retail 00593,Bebés,Subcategoría 1,Línea 17,46,40483.48,11.83,UNIDAD,True,2025-03-14
594,7700000000594,Artículo Retail 00594,Cuidado personal,Subcategoría 16,Línea 8,114,16901.16,13.66,UNIDAD,True,2025-01-30
595,7700000000595,Artículo Retail 00595,Cuidado personal,Subcategoría 11,Línea 35,224,11222.77,9.17,UNIDAD,True,2025-06-06
596,7700000000596,Artículo Retail 00596,Electrónica,Subcategoría 1,Línea 11,262,68575.46,23.26,UNIDAD,True,2025-09-08
597,7700000000597,Artículo Retail 00597,Alimentos,Subcategoría 14,Línea 7,731,101212.73,1.7,UNIDAD,True,2025-05-01
598,7700000000598,Artículo Retail 00598,Hogar,Subcategoría 18,Línea 19,294,12525.1,19.58,UNIDAD,True,2025-07-29
599,7700000000599,Artículo Retail 00599,Bebés,Subcategoría 20,Línea 36,555,1928.36,6.3,UNIDAD,True,2025-04-11
600,7700000000600,Artículo Retail 00600,Hogar,Subcategoría 6,Línea 16,7,4328.0,18.73,UNIDAD,True,2025-02-07
601,7700000000601,Artículo Retail 00601,Hogar,Subcategoría 20,Línea 30,310,26300.8,21.02,UNIDAD,True,2025-01-03
602,7700000000602,Artículo Retail 00602,Cuidado personal,Subcategoría 12,Línea 11,751,40919.45,,UNIDAD,True,2025-01-10
603,7700000000603,Artículo Retail 00603,Bebés,Subcategoría 2,Línea 19,507,31814.54,14.37,UNIDAD,True,2025-04-23
604,7700000000604,Artículo Retail 00604,Alimentos,Subcategoría 4,Línea 18,778,15474.04,29.49,UNIDAD,True,2025-09-20
605,7700000000605,Artículo Retail 00605,Ropa,Subcategoría 17,Línea 46,272,11472.45,20.91,UNIDAD,True,2025-01-03
606,7700000000606,Artículo Retail 00606,Hogar,Subcategoría 20,Línea 23,406,16197.73,8.65,UNIDAD,True,2025-07-11
607,7700000000607,Artículo Retail 00607,Alimentos,Subcategoría 4,Línea 28,383,11887.27,27.03,UNIDAD,True,2025-02-01
608,7700000000608,Artículo Retail 00608,Electrónica,Subcategoría 1,Línea 20,777,25260.05,16.85,UNIDAD,True,2025-02-27
609,7700000000609,Artículo Retail 00609,Bebés,Subcategoría 1,Línea 23,367,21694.46,0.19,UNIDAD,True,2025-12-06
610,7700000000610,Artículo Retail 00610,Electrónica,Subcategoría 14,Línea 40,56,10784.32,19.06,UNIDAD,True,2025-05-04
611,7700000000611,Artículo Retail 00611,Bebés,Subcategoría 4,Línea 12,583,7827.78,18.43,UNIDAD,True,2025-01-11
612,7700000000612,Artículo Retail 00612,Alimentos,Subcategoría 12,Línea 19,353,95388.03,7.15,UNIDAD,True,2025-03-22
613,7700000000613,Artículo Retail 00613,Electrónica,Subcategoría 7,Línea 5,357,11715.14,16.35,UNIDAD,True,2025-05-11
614,7700000000614,Artículo Retail 00614,Cuidado personal,Subcategoría 20,Línea 33,570,18975.46,23.7,UNIDAD,True,2025-02-08
615,7700000000615,Artículo Retail 00615,Hogar,Subcategoría 6,Línea 2,313,97405.46,23.5,UNIDAD,True,2025-06-12
616,7700000000616,Artículo Retail 00616,Ropa,Subcategoría 12,Línea 10,780,7164.09,20.34,UNIDAD,True,2025-02-22
617,7700000000617,Artículo Retail 00617,Ropa,Subcategoría 19,Línea 36,618,43347.88,21.99,UNIDAD,True,2025-01-07
618,7700000000618,Artículo Retail 00618,Hogar,Subcategoría 11,Línea 38,767,48490.73,7.59,UNIDAD,True,2025-08-14
619,7700000000619,Artículo Retail 00619,Alimentos,Subcategoría 11,Línea 45,48,17724.99,23.43,UNIDAD,True,2025-10-08
620,7700000000620,Artículo Retail 00620,Hogar,Subcategoría 8,Línea 49,349,21186.44,28.33,UNIDAD,True,2025-01-22
621,7700000000621,Artículo Retail 00621,Electrónica,Subcategoría 20,Línea 1,202,51939.91,24.84,UNIDAD,True,2025-05-15
622,7700000000622,Artículo Retail 00622,Ropa,Subcategoría 18,Línea 18,718,15676.76,6.43,UNIDAD,True,2025-06-04
623,7700000000623,Artículo Retail 00623,Bebés,Subcategoría 8,Línea 14,2,29752.95,,UNIDAD,True,2025-08-01
624,7700000000624,Artículo Retail 00624,Electrónica,Subcategoría 16,Línea 24,702,17989.59,11.01,UNIDAD,True,2025-11-13
625,7700000000625,Artículo Retail 00625,Ropa,Subcategoría 3,Línea 25,765,26448.77,13.73,UNIDAD,True,2025-03-17
626,7700000000626,Artículo Retail 00626,Cuidado personal,Subcategoría 7,Línea 46,785,2368.59,2.61,UNIDAD,True,2025-11-05
627,7700000000627,Artículo Retail 00627,Bebés,Subcategoría 15,Línea 19,310,2833.31,,UNIDAD,True,2025-04-27
628,7700000000628,Artículo Retail 00628,Electrónica,Subcategoría 12,Línea 18,222,79312.45,7.13,UNIDAD,True,2025-11-04
629,7700000000629,Artículo Retail 00629,Cuidado personal,Subcategoría 18,Línea 48,383,52841.08,15.19,UNIDAD,True,2025-12-11
630,7700000000630,Artículo Retail 00630,Cuidado personal,Subcategoría 11,Línea 38,191,24417.34,9.42,UNIDAD,True,2025-09-19
631,7700000000631,Artículo Retail 00631,Alimentos,Subcategoría 6,Línea 24,680,13744.61,27.36,UNIDAD,True,2025-01-09
632,7700000000632,Artículo Retail 00632,Ropa,Subcategoría 10,Línea 28,59,8866.31,6.95,UNIDAD,True,2025-06-18
633,7700000000633,Artículo Retail 00633,Electrónica,Subcategoría 5,Línea 23,490,10510.51,23.71,UNIDAD,True,2025-12-26
634,7700000000634,Artículo Retail 00634,Alimentos,Subcategoría 1,Línea 2,621,25537.44,13.1,UNIDAD,True,2025-02-06
635,7700000000635,Artículo Retail 00635,Hogar,Subcategoría 7,Línea 27,371,38093.61,5.28,UNIDAD,True,2025-11-30
636,7700000000636,Artículo Retail 00636,Hogar,Subcategoría 1,Línea 17,427,46631.36,19.18,UNIDAD,True,2025-02-19
637,7700000000637,Artículo Retail 00637,Cuidado personal,Subcategoría 8,Línea 10,232,68161.28,27.07,UNIDAD,True,2025-12-01
638,7700000000638,Artículo Retail 00638,Electrónica,Subcategoría 13,Línea 44,544,86751.23,27.6,UNIDAD,True,2025-02-25
639,7700000000639,Artículo Retail 00639,Bebés,Subcategoría 6,Línea 2,74,88880.93,17.28,UNIDAD,True,2025-01-19
640,7700000000640,Artículo Retail 00640,Hogar,Subcategoría 6,Línea 33,133,38551.36,17.93,UNIDAD,True,2025-06-20
641,7700000000641,Artículo Retail 00641,Alimentos,Subcategoría 10,Línea 50,217,10416.84,12.41,UNIDAD,False,2025-01-24
642,7700000000642,Artículo Retail 00642,Ropa,Subcategoría 10,Línea 34,650,13116.35,27.2,UNIDAD,True,2025-05-14
643,7700000000643,Artículo Retail 00643,Bebés,Subcategoría 16,Línea 2,458,26163.56,12.12,UNIDAD,True,2025-11-21
644,7700000000644,Artículo Retail 00644,Ropa,Subcategoría 13,Línea 50,523,6838.02,21.95,UNIDAD,True,2025-01-19
645,7700000000645,Artículo Retail 00645,Electrónica,Subcategoría 11,Línea 13,127,103445.68,14.69,UNIDAD,True,2025-09-08
646,7700000000646,Artículo Retail 00646,Alimentos,Subcategoría 17,Línea 2,710,22906.97,11.69,UNIDAD,True,2025-01-14
647,7700000000647,Artículo Retail 00647,Hogar,Subcategoría 5,Línea 39,380,45609.1,16.8,UNIDAD,True,2025-01-03
648,7700000000648,Artículo Retail 00648,Cuidado personal,Subcategoría 7,Línea 39,72,50499.3,8.39,UNIDAD,True,2025-01-07
649,7700000000649,Artículo Retail 00649,Hogar,Subcategoría 20,Línea 29,107,15909.8,3.25,UNIDAD,True,2025-12-25
650,7700000000650,Artículo Retail 00650,Alimentos,Subcategoría 19,Línea 20,182,15680.32,7.36,UNIDAD,True,2025-11-21
651,7700000000651,Artículo Retail 00651,Hogar,Subcategoría 17,Línea 23,545,12672.13,20.09,UNIDAD,True,2025-10-01
652,7700000000652,Artículo Retail 00652,Alimentos,Subcategoría 7,Línea 23,532,8137.9,27.17,UNIDAD,True,2025-09-21
653,7700000000653,Artículo Retail 00653,Bebés,Subcategoría 9,Línea 28,30,16075.13,7.08,UNIDAD,True,2025-07-17
654,7700000000654,Artículo Retail 00654,Electrónica,Subcategoría 13,Línea 31,546,6531.89,16.68,UNIDAD,True,2025-02-19
655,7700000000655,Artículo Retail 00655,Bebés,Subcategoría 9,Línea 23,136,8240.06,27.34,UNIDAD,True,2025-07-16
656,7700000000656,Artículo Retail 00656,Alimentos,Subcategoría 2,Línea 33,706,11259.13,6.0,UNIDAD,True,2025-05-15
657,7700000000657,Artículo Retail 00657,Hogar,Subcategoría 18,Línea 16,496,48939.17,26.33,UNIDAD,True,2025-09-19
658,7700000000658,Artículo Retail 00658,Bebés,Subcategoría 17,Línea 33,352,16380.94,23.8,UNIDAD,True,2025-07-22
659,7700000000659,Artículo Retail 00659,Bebés,Subcategoría 20,Línea 26,747,31172.66,17.71,UNIDAD,True,2025-05-12
660,7700000000660,Artículo Retail 00660,Electrónica,Subcategoría 13,Línea 38,57,20274.91,21.97,UNIDAD,True,2025-10-28
661,7700000000661,Artículo Retail 00661,Cuidado personal,Subcategoría 15,Línea 41,247,27483.62,18.41,UNIDAD,True,2025-09-05
662,7700000000662,Artículo Retail 00662,Ropa,Subcategoría 16,Línea 1,240,18014.28,9.64,UNIDAD,True,2025-01-27
663,7700000000663,Artículo Retail 00663,Cuidado personal,Subcategoría 3,Línea 29,205,38640.58,13.82,UNIDAD,True,2025-07-26
664,7700000000664,Artículo Retail 00664,Alimentos,Subcategoría 17,Línea 42,466,14923.33,8.44,UNIDAD,True,2025-03-30
665,7700000000665,Artículo Retail 00665,Electrónica,Subcategoría 9,Línea 19,476,892.57,25.5,UNIDAD,True,2025-02-11
666,7700000000666,Artículo Retail 00666,Ropa,Subcategoría 15,Línea 41,545,59768.86,17.63,UNIDAD,True,2025-08-23
667,7700000000667,Artículo Retail 00667,Hogar,Subcategoría 1,Línea 25,273,9270.62,14.02,UNIDAD,True,2025-05-04
668,7700000000668,Artículo Retail 00668,Cuidado personal,Subcategoría 11,Línea 47,478,86003.99,15.77,UNIDAD,True,2025-04-26
669,7700000000669,Artículo Retail 00669,Alimentos,Subcategoría 14,Línea 37,480,49853.32,22.72,UNIDAD,True,2025-04-01
670,7700000000670,Artículo Retail 00670,Alimentos,Subcategoría 17,Línea 9,548,2797.86,2.11,UNIDAD,True,2025-08-05
671,7700000000671,Artículo Retail 00671,Bebés,Subcategoría 8,Línea 4,428,28716.93,2.48,UNIDAD,True,2025-07-30
672,7700000000672,Artículo Retail 00672,Ropa,Subcategoría 12,Línea 23,402,39742.43,25.72,UNIDAD,True,2025-10-06
673,7700000000673,Artículo Retail 00673,Cuidado personal,Subcategoría 2,Línea 35,142,69214.43,27.33,UNIDAD,True,2025-01-24
674,7700000000674,Artículo Retail 00674,Hogar,Subcategoría 15,Línea 46,423,14485.09,18.06,UNIDAD,True,2025-02-27
675,7700000000675,Artículo Retail 00675,Cuidado personal,Subcategoría 12,Línea 9,379,7138.45,,UNIDAD,True,2025-08-07
676,7700000000676,Artículo Retail 00676,Alimentos,Subcategoría 16,Línea 31,654,17709.08,27.44,UNIDAD,True,2025-05-20
677,7700000000677,Artículo Retail 00677,Bebés,Subcategoría 3,Línea 28,472,87575.76,,UNIDAD,True,2025-07-15
678,7700000000678,Artículo Retail 00678,Alimentos,Subcategoría 2,Línea 9,675,4695.4,5.14,UNIDAD,True,2025-05-22
679,7700000000679,Artículo Retail 00679,Cuidado personal,Subcategoría 19,Línea 32,248,5664.09,2.64,UNIDAD,True,2025-09-09
680,7700000000680,Artículo Retail 00680,Electrónica,Subcategoría 19,Línea 21,717,2841.41,19.68,UNIDAD,True,2025-06-15
681,7700000000681,Artículo Retail 00681,Ropa,Subcategoría 18,Línea 35,415,25977.09,22.36,UNIDAD,True,2025-09-27
682,7700000000682,Artículo Retail 00682,Electrónica,Subcategoría 6,Línea 41,115,56863.35,14.8,UNIDAD,True,2025-01-07
683,7700000000683,Artículo Retail 00683,Cuidado personal,Subcategoría 9,Línea 9,688,5480.49,18.22,UNIDAD,True,2025-04-27
684,7700000000684,Artículo Retail 00684,Hogar,Subcategoría 6,Línea 3,548,18065.92,17.35,UNIDAD,True,2025-12-18
685,7700000000685,Artículo Retail 00685,Alimentos,Subcategoría 10,Línea 37,457,40291.46,10.88,UNIDAD,True,2025-06-15
686,7700000000686,Artículo Retail 00686,Cuidado personal,Subcategoría 5,Línea 3,712,11659.97,13.88,UNIDAD,True,2025-01-17
687,7700000000687,Artículo Retail 00687,Hogar,Subcategoría 16,Línea 6,367,77459.03,15.5,UNIDAD,True,2025-10-29
688,7700000000688,Artículo Retail 00688,Ropa,Subcategoría 4,Línea 27,562,46578.21,14.55,UNIDAD,True,2025-03-09
689,7700000000689,Artículo Retail 00689,Electrónica,Subcategoría 2,Línea 44,777,27531.79,29.39,UNIDAD,True,2025-06-23
690,7700000000690,Artículo Retail 00690,Alimentos,Subcategoría 18,Línea 40,500,7212.0,26.67,UNIDAD,True,2025-01-06
691,7700000000691,Artículo Retail 00691,Ropa,Subcategoría 15,Línea 4,385,5722.3,29.78,UNIDAD,True,2025-06-11
692,7700000000692,Artículo Retail 00692,Bebés,Subcategoría 13,Línea 46,522,120184.86,5.58,UNIDAD,True,2025-12-01
693,7700000000693,Artículo Retail 00693,Ropa,Subcategoría 2,Línea 37,529,70022.13,24.95,UNIDAD,True,2025-05-13
694,7700000000694,Artículo Retail 00694,Electrónica,Subcategoría 12,Línea 18,135,40667.9,21.06,UNIDAD,True,2025-01-22
695,7700000000695,Artículo Retail 00695,Electrónica,Subcategoría 1,Línea 10,371,6595.6,12.82,UNIDAD,True,2025-01-09
696,7700000000696,Artículo Retail 00696,Bebés,Subcategoría 3,Línea 7,140,12345.12,17.59,UNIDAD,True,2025-12-26
697,7700000000697,Artículo Retail 00697,Electrónica,Subcategoría 16,Línea 43,749,18188.47,17.96,UNIDAD,True,2025-05-04
698,7700000000698,Artículo Retail 00698,Bebés,Subcategoría 13,Línea 44,719,1490.7,17.52,UNIDAD,True,2025-08-16
699,7700000000699,Artículo Retail 00699,Electrónica,Subcategoría 8,Línea 38,194,21338.17,20.26,UNIDAD,True,2025-07-19
700,7700000000700,Artículo Retail 00700,Ropa,Subcategoría 11,Línea 1,336,24631.0,7.36,UNIDAD,True,2025-10-15
701,7700000000701,Artículo Retail 00701,Electrónica,Subcategoría 16,Línea 17,358,28884.1,11.41,UNIDAD,True,2025-03-28
702,7700000000702,Artículo Retail 00702,Alimentos,Subcategoría 14,Línea 3,273,192169.04,4.59,UNIDAD,True,2025-06-07
703,7700000000703,Artículo Retail 00703,Electrónica,Subcategoría 7,Línea 48,535,18428.33,24.06,UNIDAD,True,2025-02-27
704,7700000000704,Artículo Retail 00704,Bebés,Subcategoría 16,Línea 20,425,16769.76,5.95,UNIDAD,True,2025-01-24
705,7700000000705,Artículo Retail 00705,Bebés,Subcategoría 5,Línea 15,334,21549.06,27.99,UNIDAD,True,2025-01-08
706,7700000000706,Artículo Retail 00706,Electrónica,Subcategoría 3,Línea 24,754,11463.07,18.44,UNIDAD,True,2025-08-20
707,7700000000707,Artículo Retail 00707,Hogar,Subcategoría 9,Línea 20,350,22249.19,20.47,UNIDAD,True,2025-05-01
708,7700000000708,Artículo Retail 00708,Bebés,Subcategoría 1,Línea 10,665,32439.15,3.83,UNIDAD,True,2025-01-15
709,7700000000709,Artículo Retail 00709,Electrónica,Subcategoría 11,Línea 27,276,8555.75,20.63,UNIDAD,True,2025-12-16
710,7700000000710,Artículo Retail 00710,Bebés,Subcategoría 5,Línea 35,678,73987.49,20.08,UNIDAD,True,2025-11-23
711,7700000000711,Artículo Retail 00711,Electrónica,Subcategoría 16,Línea 18,657,17765.84,27.63,UNIDAD,True,2025-02-16
712,7700000000712,Artículo Retail 00712,Cuidado personal,Subcategoría 13,Línea 36,124,92522.12,13.26,UNIDAD,True,2025-02-14
713,7700000000713,Artículo Retail 00713,Alimentos,Subcategoría 20,Línea 48,244,48602.83,2.23,UNIDAD,True,2025-09-22
714,7700000000714,Artículo Retail 00714,Electrónica,Subcategoría 11,Línea 45,429,4462.64,29.22,UNIDAD,True,2025-05-02
715,7700000000715,Artículo Retail 00715,Alimentos,Subcategoría 8,Línea 25,452,6874.11,21.22,UNIDAD,True,2025-01-13
716,7700000000716,Artículo Retail 00716,Ropa,Subcategoría 10,Línea 13,308,4846.68,14.82,UNIDAD,True,2025-03-17
717,7700000000717,Artículo Retail 00717,Ropa,Subcategoría 14,Línea 5,361,130528.28,21.01,UNIDAD,True,2025-09-27
718,7700000000718,Artículo Retail 00718,Ropa,Subcategoría 8,Línea 38,13,25796.45,16.86,UNIDAD,True,2025-09-26
719,7700000000719,Artículo Retail 00719,Bebés,Subcategoría 17,Línea 46,401,8307.71,5.34,UNIDAD,True,2025-01-16
720,7700000000720,Artículo Retail 00720,Ropa,Subcategoría 14,Línea 46,539,4776.26,27.53,UNIDAD,True,2025-08-02
721,7700000000721,Artículo Retail 00721,Electrónica,Subcategoría 1,Línea 44,603,24839.24,11.56,UNIDAD,True,2025-04-30
722,7700000000722,Artículo Retail 00722,Hogar,Subcategoría 18,Línea 37,612,56254.1,7.87,UNIDAD,True,2025-04-29
723,7700000000723,Artículo Retail 00723,Hogar,Subcategoría 18,Línea 32,259,1601.52,15.07,UNIDAD,True,2025-01-14
724,7700000000724,Artículo Retail 00724,Bebés,Subcategoría 5,Línea 18,88,19230.88,3.1,UNIDAD,True,2025-03-13
725,7700000000725,Artículo Retail 00725,Hogar,Subcategoría 12,Línea 4,795,8123.28,9.34,UNIDAD,True,2025-06-07
726,7700000000726,Artículo Retail 00726,Bebés,Subcategoría 18,Línea 4,547,126329.05,18.04,UNIDAD,True,2025-12-27
727,7700000000727,Artículo Retail 00727,Alimentos,Subcategoría 16,Línea 3,113,42494.23,7.16,UNIDAD,True,2025-03-04
728,7700000000728,Artículo Retail 00728,Alimentos,Subcategoría 9,Línea 41,34,53102.27,2.59,UNIDAD,True,2025-11-28
729,7700000000729,Artículo Retail 00729,Bebés,Subcategoría 1,Línea 25,282,46949.83,0.25,UNIDAD,True,2025-05-17
730,7700000000730,Artículo Retail 00730,Bebés,Subcategoría 11,Línea 24,654,16387.52,10.56,UNIDAD,True,2025-08-28
731,7700000000731,Artículo Retail 00731,Hogar,Subcategoría 16,Línea 17,266,3673.18,15.96,UNIDAD,True,2025-07-17
732,7700000000732,Artículo Retail 00732,Bebés,Subcategoría 16,Línea 36,443,15089.61,25.17,UNIDAD,True,2025-05-18
733,7700000000733,Artículo Retail 00733,Cuidado personal,Subcategoría 17,Línea 15,498,16636.94,2.14,UNIDAD,True,2025-06-11
734,7700000000734,Artículo Retail 00734,Bebés,Subcategoría 19,Línea 10,627,19881.36,1.73,UNIDAD,True,2025-03-23
735,7700000000735,Artículo Retail 00735,Electrónica,Subcategoría 15,Línea 28,659,161085.87,5.63,UNIDAD,True,2025-08-11
736,7700000000736,Artículo Retail 00736,Hogar,Subcategoría 2,Línea 25,243,24925.53,12.4,UNIDAD,True,2025-04-13
737,7700000000737,Artículo Retail 00737,Ropa,Subcategoría 10,Línea 38,469,64411.05,20.45,UNIDAD,True,2025-01-08
738,7700000000738,Artículo Retail 00738,Ropa,Subcategoría 20,Línea 23,134,11438.4,3.16,UNIDAD,True,2025-08-21
739,7700000000739,Artículo Retail 00739,Electrónica,Subcategoría 14,Línea 11,799,30025.65,,UNIDAD,True,2025-08-01
740,7700000000740,Artículo Retail 00740,Bebés,Subcategoría 15,Línea 37,209,83263.2,0.2,UNIDAD,True,2025-12-23
741,7700000000741,Artículo Retail 00741,Cuidado personal,Subcategoría 5,Línea 14,19,38620.58,15.73,UNIDAD,True,2025-11-19
742,7700000000742,Artículo Retail 00742,Alimentos,Subcategoría 2,Línea 40,234,34279.73,0.91,UNIDAD,True,2025-06-02
743,7700000000743,Artículo Retail 00743,Electrónica,Subcategoría 9,Línea 2,349,20176.28,21.34,UNIDAD,True,2025-11-23
744,7700000000744,Artículo Retail 00744,Ropa,Subcategoría 17,Línea 26,423,7552.31,2.62,UNIDAD,True,2025-05-31
745,7700000000745,Artículo Retail 00745,Bebés,Subcategoría 14,Línea 32,689,12551.52,21.29,UNIDAD,True,2025-06-26
746,7700000000746,Artículo Retail 00746,Ropa,Subcategoría 20,Línea 48,363,8820.18,24.55,UNIDAD,True,2025-05-26
747,7700000000747,Artículo Retail 00747,Alimentos,Subcategoría 9,Línea 34,32,39429.14,28.9,UNIDAD,True,2025-02-18
748,7700000000748,Artículo Retail 00748,Cuidado personal,Subcategoría 12,Línea 16,583,13370.97,11.54,UNIDAD,True,2025-08-23
749,7700000000749,Artículo Retail 00749,Bebés,Subcategoría 11,Línea 50,379,10974.01,9.31,UNIDAD,True,2025-05-20
750,7700000000750,Artículo Retail 00750,Bebés,Subcategoría 7,Línea 25,114,80269.61,11.29,UNIDAD,True,2025-12-20
751,7700000000751,Artículo Retail 00751,Hogar,Subcategoría 13,Línea 25,617,16408.14,21.55,UNIDAD,True,2025-04-24
752,7700000000752,Artículo Retail 00752,Bebés,Subcategoría 16,Línea 41,345,8008.48,15.35,UNIDAD,True,2025-02-24
753,7700000000753,Artículo Retail 00753,Electrónica,Subcategoría 19,Línea 38,432,4628.38,18.22,UNIDAD,True,2025-07-16
754,7700000000754,Artículo Retail 00754,Cuidado personal,Subcategoría 18,Línea 41,198,35987.16,18.3,UNIDAD,True,2025-11-01
755,7700000000755,Artículo Retail 00755,Cuidado personal,Subcategoría 16,Línea 19,328,27963.77,,UNIDAD,True,2025-08-04
756,7700000000756,Artículo Retail 00756,Electrónica,Subcategoría 9,Línea 3,226,19221.97,3.18,UNIDAD,True,2025-02-06
757,7700000000757,Artículo Retail 00757,Bebés,Subcategoría 1,Línea 16,601,50097.23,17.24,UNIDAD,True,2025-09-22
758,7700000000758,Artículo Retail 00758,Hogar,Subcategoría 19,Línea 9,708,20453.98,22.23,UNIDAD,True,2025-05-01
759,7700000000759,Artículo Retail 00759,Electrónica,Subcategoría 20,Línea 1,131,11316.51,17.04,UNIDAD,True,2025-08-06
760,7700000000760,Artículo Retail 00760,Cuidado personal,Subcategoría 19,Línea 15,629,8836.31,5.17,UNIDAD,True,2025-11-05
761,7700000000761,Artículo Retail 00761,Alimentos,Subcategoría 12,Línea 45,523,9821.76,,UNIDAD,True,2025-09-28
762,7700000000762,Artículo Retail 00762,Alimentos,Subcategoría 3,Línea 38,184,8444.01,13.92,UNIDAD,True,2025-11-15
763,7700000000763,Artículo Retail 00763,Hogar,Subcategoría 8,Línea 24,552,10561.8,5.31,UNIDAD,True,2025-06-25
764,7700000000764,Artículo Retail 00764,Bebés,Subcategoría 9,Línea 15,40,13665.44,,UNIDAD,True,2025-09-12
765,7700000000765,Artículo Retail 00765,Ropa,Subcategoría 19,Línea 28,53,9436.63,16.5,UNIDAD,True,2025-12-10
766,7700000000766,Artículo Retail 00766,Cuidado personal,Subcategoría 2,Línea 22,106,25746.03,14.59,UNIDAD,True,2025-07-24
767,7700000000767,Artículo Retail 00767,Hogar,Subcategoría 11,Línea 11,428,51802.21,9.75,UNIDAD,True,2025-05-30
768,7700000000768,Artículo Retail 00768,Alimentos,Subcategoría 16,Línea 34,602,60242.31,5.82,UNIDAD,True,2025-10-29
769,7700000000769,Artículo Retail 00769,Bebés,Subcategoría 10,Línea 37,547,17417.11,17.34,UNIDAD,True,2025-01-16
770,7700000000770,Artículo Retail 00770,Ropa,Subcategoría 4,Línea 50,669,57132.9,15.31,UNIDAD,True,2025-08-25
771,7700000000771,Artículo Retail 00771,Hogar,Subcategoría 11,Línea 40,244,39895.56,18.72,UNIDAD,True,2025-12-06
772,7700000000772,Artículo Retail 00772,Hogar,Subcategoría 15,Línea 21,53,4273.62,29.73,UNIDAD,True,2025-09-20
773,7700000000773,Artículo Retail 00773,Ropa,Subcategoría 14,Línea 38,197,19819.36,19.81,UNIDAD,False,2025-05-09
774,7700000000774,Artículo Retail 00774,Bebés,Subcategoría 12,Línea 50,17,96922.6,17.17,UNIDAD,True,2025-07-04
775,7700000000775,Artículo Retail 00775,Ropa,Subcategoría 16,Línea 16,147,2013.32,22.53,UNIDAD,False,2025-01-01
776,7700000000776,Artículo Retail 00776,Bebés,Subcategoría 7,Línea 40,137,75910.41,28.1,UNIDAD,True,2025-03-14
777,7700000000777,Artículo Retail 00777,Bebés,Subcategoría 12,Línea 37,446,22750.58,11.66,UNIDAD,True,2025-10-26
778,7700000000778,Artículo Retail 00778,Electrónica,Subcategoría 10,Línea 31,490,77128.65,3.6,UNIDAD,True,2025-04-06
779,7700000000779,Artículo Retail 00779,Ropa,Subcategoría 16,Línea 7,508,4978.01,0.41,UNIDAD,True,2025-10-08
780,7700000000780,Artículo Retail 00780,Bebés,Subcategoría 6,Línea 8,776,31521.48,23.79,UNIDAD,True,2025-10-12
781,7700000000781,Artículo Retail 00781,Bebés,Subcategoría 15,Línea 44,103,26347.22,0.11,UNIDAD,True,2025-04-16
782,7700000000782,Artículo Retail 00782,Cuidado personal,Subcategoría 16,Línea 38,251,16898.13,17.43,UNIDAD,True,2025-06-07
783,7700000000783,Artículo Retail 00783,Hogar,Subcategoría 6,Línea 22,563,11030.72,19.27,UNIDAD,True,2025-07-19
784,7700000000784,Artículo Retail 00784,Bebés,Subcategoría 3,Línea 15,774,9574.16,0.72,UNIDAD,True,2025-06-14
785,7700000000785,Artículo Retail 00785,Bebés,Subcategoría 16,Línea 36,438,61662.53,17.19,UNIDAD,True,2025-09-11
786,7700000000786,Artículo Retail 00786,Ropa,Subcategoría 17,Línea 19,642,23236.21,14.62,UNIDAD,True,2025-03-21
787,7700000000787,Artículo Retail 00787,Ropa,Subcategoría 8,Línea 3,503,13573.19,25.33,UNIDAD,True,2025-06-11
788,7700000000788,Artículo Retail 00788,Alimentos,Subcategoría 4,Línea 17,737,22591.22,3.01,UNIDAD,True,2025-03-14
789,7700000000789,Artículo Retail 00789,Alimentos,Subcategoría 7,Línea 3,105,8910.41,29.35,UNIDAD,True,2025-01-06
790,7700000000790,Artículo Retail 00790,Electrónica,Subcategoría 2,Línea 26,692,10079.18,19.42,UNIDAD,True,2025-08-17
791,7700000000791,Artículo Retail 00791,Hogar,Subcategoría 18,Línea 11,489,32545.99,8.43,UNIDAD,True,2025-05-30
792,7700000000792,Artículo Retail 00792,Hogar,Subcategoría 8,Línea 5,109,8318.35,,UNIDAD,True,2025-07-03
793,7700000000793,Artículo Retail 00793,Bebés,Subcategoría 3,Línea 15,547,9180.74,25.73,UNIDAD,True,2025-11-22
794,7700000000794,Artículo Retail 00794,Alimentos,Subcategoría 8,Línea 9,686,39914.55,26.88,UNIDAD,True,2025-10-30
795,7700000000795,Artículo Retail 00795,Alimentos,Subcategoría 11,Línea 27,437,39211.76,19.17,UNIDAD,True,2025-06-22
796,7700000000796,Artículo Retail 00796,Bebés,Subcategoría 15,Línea 9,621,7669.87,27.04,UNIDAD,True,2025-06-21
797,7700000000797,Artículo Retail 00797,Alimentos,Subcategoría 12,Línea 1,415,50770.03,2.63,UNIDAD,True,2025-04-20
798,7700000000798,Artículo Retail 00798,Cuidado personal,Subcategoría 18,Línea 3,276,5665.76,5.15,UNIDAD,True,2025-05-13
799,7700000000799,Artículo Retail 00799,Hogar,Subcategoría 10,Línea 46,199,23062.28,11.27,UNIDAD,True,2025-04-30
800,7700000000800,Artículo Retail 00800,Cuidado personal,Subcategoría 20,Línea 42,203,7572.17,3.8,UNIDAD,True,2025-11-14
801,7700000000801,Artículo Retail 00801,Cuidado personal,Subcategoría 12,Línea 40,293,14625.22,18.51,UNIDAD,True,2025-07-20
802,7700000000802,Artículo Retail 00802,Alimentos,Subcategoría 11,Línea 36,100,5925.2,7.63,UNIDAD,True,2025-09-14
803,7700000000803,Artículo Retail 00803,Electrónica,Subcategoría 11,Línea 14,253,32873.35,19.11,UNIDAD,True,2025-09-24
804,7700000000804,Artículo Retail 00804,Electrónica,Subcategoría 1,Línea 14,173,27339.17,15.66,UNIDAD,True,2025-06-13
805,7700000000805,Artículo Retail 00805,Ropa,Subcategoría 18,Línea 34,246,16798.03,8.8,UNIDAD,True,2025-06-14
806,7700000000806,Artículo Retail 00806,Electrónica,Subcategoría 13,Línea 10,657,31254.34,20.05,UNIDAD,True,2025-05-17
807,7700000000807,Artículo Retail 00807,Bebés,Subcategoría 9,Línea 31,725,54310.43,22.43,UNIDAD,True,2025-06-29
808,7700000000808,Artículo Retail 00808,Ropa,Subcategoría 3,Línea 5,163,42957.25,3.91,UNIDAD,True,2025-06-14
809,7700000000809,Artículo Retail 00809,Hogar,Subcategoría 20,Línea 49,359,18769.33,1.28,UNIDAD,True,2025-10-06
810,7700000000810,Artículo Retail 00810,Bebés,Subcategoría 15,Línea 34,90,5827.33,24.71,UNIDAD,True,2025-06-10
811,7700000000811,Artículo Retail 00811,Ropa,Subcategoría 9,Línea 2,337,11837.34,1.2,UNIDAD,True,2025-05-15
812,7700000000812,Artículo Retail 00812,Alimentos,Subcategoría 19,Línea 17,730,65768.1,3.14,UNIDAD,True,2025-02-08
813,7700000000813,Artículo Retail 00813,Electrónica,Subcategoría 1,Línea 22,412,50028.62,,UNIDAD,True,2025-09-04
814,7700000000814,Artículo Retail 00814,Hogar,Subcategoría 13,Línea 25,8,13297.35,22.1,UNIDAD,True,2025-04-03
815,7700000000815,Artículo Retail 00815,Bebés,Subcategoría 10,Línea 20,198,10507.84,14.94,UNIDAD,True,2025-04-27
816,7700000000816,Artículo Retail 00816,Electrónica,Subcategoría 3,Línea 42,449,4661.88,13.77,UNIDAD,True,2025-01-18
817,7700000000817,Artículo Retail 00817,Alimentos,Subcategoría 18,Línea 6,675,45555.36,0.53,UNIDAD,True,2025-06-07
818,7700000000818,Artículo Retail 00818,Cuidado personal,Subcategoría 5,Línea 31,642,54433.11,13.39,UNIDAD,True,2025-01-27
819,7700000000819,Artículo Retail 00819,Hogar,Subcategoría 19,Línea 41,504,92369.72,10.98,UNIDAD,True,2025-09-16
820,7700000000820,Artículo Retail 00820,Hogar,Subcategoría 4,Línea 43,198,49768.67,12.27,UNIDAD,True,2025-03-08
821,7700000000821,Artículo Retail 00821,Cuidado personal,Subcategoría 15,Línea 42,121,34244.81,16.05,UNIDAD,True,2025-11-07
822,7700000000822,Artículo Retail 00822,Ropa,Subcategoría 9,Línea 45,663,71943.72,24.11,UNIDAD,True,2025-01-19
823,7700000000823,Artículo Retail 00823,Bebés,Subcategoría 10,Línea 34,275,4981.39,23.22,UNIDAD,True,2025-07-22
824,7700000000824,Artículo Retail 00824,Hogar,Subcategoría 12,Línea 3,239,7964.43,13.8,UNIDAD,True,2025-09-01
825,7700000000825,Artículo Retail 00825,Cuidado personal,Subcategoría 9,Línea 44,776,11530.79,,UNIDAD,True,2025-01-10
826,7700000000826,Artículo Retail 00826,Cuidado personal,Subcategoría 14,Línea 10,505,6973.84,14.53,UNIDAD,True,2025-02-12
827,7700000000827,Artículo Retail 00827,Alimentos,Subcategoría 20,Línea 41,62,40890.23,7.68,UNIDAD,True,2025-10-05
828,7700000000828,Artículo Retail 00828,Hogar,Subcategoría 17,Línea 23,24,6465.22,5.63,UNIDAD,True,2025-06-30
829,7700000000829,Artículo Retail 00829,Ropa,Subcategoría 9,Línea 42,363,55909.66,23.61,UNIDAD,True,2025-01-10
830,7700000000830,Artículo Retail 00830,Electrónica,Subcategoría 15,Línea 29,87,45409.23,6.8,UNIDAD,True,2025-12-05
831,7700000000831,Artículo Retail 00831,Hogar,Subcategoría 5,Línea 16,358,66752.8,2.86,UNIDAD,True,2025-11-16
832,7700000000832,Artículo Retail 00832,Hogar,Subcategoría 16,Línea 9,353,38410.93,,UNIDAD,True,2025-03-17
833,7700000000833,Artículo Retail 00833,Hogar,Subcategoría 16,Línea 38,681,8623.83,27.45,UNIDAD,True,2025-05-09
834,7700000000834,Artículo Retail 00834,Electrónica,Subcategoría 19,Línea 43,421,3724.0,17.2,UNIDAD,True,2025-06-23
835,7700000000835,Artículo Retail 00835,Alimentos,Subcategoría 13,Línea 38,618,13595.47,13.74,UNIDAD,True,2025-06-21
836,7700000000836,Artículo Retail 00836,Electrónica,Subcategoría 14,Línea 41,209,6266.55,4.32,UNIDAD,True,2025-02-17
837,7700000000837,Artículo Retail 00837,Ropa,Subcategoría 6,Línea 10,322,6090.75,27.58,UNIDAD,True,2025-04-20
838,7700000000838,Artículo Retail 00838,Ropa,Subcategoría 8,Línea 19,154,5431.0,16.92,UNIDAD,True,2025-11-13
839,7700000000839,Artículo Retail 00839,Bebés,Subcategoría 5,Línea 24,400,20004.9,23.19,UNIDAD,True,2025-08-02
840,7700000000840,Artículo Retail 00840,Hogar,Subcategoría 20,Línea 47,3,67406.71,,UNIDAD,False,2025-05-12
841,7700000000841,Artículo Retail 00841,Ropa,Subcategoría 18,Línea 6,531,30675.89,9.96,UNIDAD,True,2025-11-18
842,7700000000842,Artículo Retail 00842,Cuidado personal,Subcategoría 15,Línea 23,336,42496.52,29.3,UNIDAD,True,2025-01-29
843,7700000000843,Artículo Retail 00843,Alimentos,Subcategoría 6,Línea 43,657,2339.89,26.15,UNIDAD,True,2025-04-20
844,7700000000844,Artículo Retail 00844,Bebés,Subcategoría 13,Línea 7,325,9066.96,4.7,UNIDAD,True,2025-02-15
845,7700000000845,Artículo Retail 00845,Hogar,Subcategoría 3,Línea 30,313,32753.58,2.42,UNIDAD,True,2025-05-20
846,7700000000846,Artículo Retail 00846,Bebés,Subcategoría 10,Línea 21,292,20879.88,3.87,UNIDAD,True,2025-10-17
847,7700000000847,Artículo Retail 00847,Ropa,Subcategoría 17,Línea 29,315,29789.63,13.93,UNIDAD,True,2025-11-05
848,7700000000848,Artículo Retail 00848,Electrónica,Subcategoría 15,Línea 35,126,19034.18,27.04,UNIDAD,True,2025-07-14
849,7700000000849,Artículo Retail 00849,Electrónica,Subcategoría 1,Línea 13,42,74761.51,14.79,UNIDAD,True,2025-02-17
850,7700000000850,Artículo Retail 00850,Cuidado personal,Subcategoría 9,Línea 1,742,13409.93,2.9,UNIDAD,True,2025-04-06
851,7700000000851,Artículo Retail 00851,Ropa,Subcategoría 7,Línea 27,525,13629.05,5.36,UNIDAD,True,2025-03-13
852,7700000000852,Artículo Retail 00852,Electrónica,Subcategoría 18,Línea 50,232,29632.36,10.22,UNIDAD,True,2025-08-04
853,7700000000853,Artículo Retail 00853,Cuidado personal,Subcategoría 11,Línea 23,225,38325.08,21.08,UNIDAD,True,2025-10-02
854,7700000000854,Artículo Retail 00854,Bebés,Subcategoría 20,Línea 35,649,22964.04,12.79,UNIDAD,True,2025-03-28
855,7700000000855,Artículo Retail 00855,Bebés,Subcategoría 13,Línea 28,609,121402.21,0.49,UNIDAD,True,2025-06-10
856,7700000000856,Artículo Retail 00856,Bebés,Subcategoría 18,Línea 45,79,64889.21,14.03,UNIDAD,True,2025-04-14
857,7700000000857,Artículo Retail 00857,Bebés,Subcategoría 16,Línea 49,720,7676.18,10.27,UNIDAD,True,2025-07-20
858,7700000000858,Artículo Retail 00858,Cuidado personal,Subcategoría 19,Línea 14,558,5133.27,1.74,UNIDAD,True,2025-09-25
859,7700000000859,Artículo Retail 00859,Electrónica,Subcategoría 16,Línea 38,574,133077.23,14.81,UNIDAD,True,2025-05-22
860,7700000000860,Artículo Retail 00860,Bebés,Subcategoría 15,Línea 46,451,5634.52,,UNIDAD,True,2025-10-01
861,7700000000861,Artículo Retail 00861,Ropa,Subcategoría 9,Línea 20,353,21094.23,10.14,UNIDAD,True,2025-02-22
862,7700000000862,Artículo Retail 00862,Bebés,Subcategoría 5,Línea 45,262,59384.15,28.31,UNIDAD,True,2025-09-15
863,7700000000863,Artículo Retail 00863,Alimentos,Subcategoría 11,Línea 4,474,9227.54,13.81,UNIDAD,True,2025-12-04
864,7700000000864,Artículo Retail 00864,Alimentos,Subcategoría 3,Línea 16,487,11073.6,,UNIDAD,True,2025-05-22
865,7700000000865,Artículo Retail 00865,Ropa,Subcategoría 9,Línea 1,572,20849.54,10.01,UNIDAD,True,2025-02-09
866,7700000000866,Artículo Retail 00866,Hogar,Subcategoría 18,Línea 1,160,12441.32,26.0,UNIDAD,True,2025-09-09
867,7700000000867,Artículo Retail 00867,Electrónica,Subcategoría 17,Línea 23,654,36403.79,28.88,UNIDAD,True,2025-06-13
868,7700000000868,Artículo Retail 00868,Hogar,Subcategoría 15,Línea 44,484,33496.29,,UNIDAD,True,2025-02-02
869,7700000000869,Artículo Retail 00869,Electrónica,Subcategoría 7,Línea 22,321,8615.55,2.98,UNIDAD,True,2025-09-01
870,7700000000870,Artículo Retail 00870,Ropa,Subcategoría 19,Línea 49,358,3338.43,28.47,UNIDAD,True,2025-09-24
871,7700000000871,Artículo Retail 00871,Cuidado personal,Subcategoría 18,Línea 17,125,35122.85,9.96,UNIDAD,True,2025-10-16
872,7700000000872,Artículo Retail 00872,Electrónica,Subcategoría 17,Línea 34,258,9405.03,5.61,UNIDAD,True,2025-12-26
873,7700000000873,Artículo Retail 00873,Alimentos,Subcategoría 11,Línea 40,404,7326.76,15.78,UNIDAD,True,2025-06-09
874,7700000000874,Artículo Retail 00874,Alimentos,Subcategoría 9,Línea 42,556,5146.89,16.34,UNIDAD,True,2025-04-25
875,7700000000875,Artículo Retail 00875,Ropa,Subcategoría 11,Línea 2,350,9692.11,18.16,UNIDAD,True,2025-02-17
876,7700000000876,Artículo Retail 00876,Hogar,Subcategoría 3,Línea 42,58,9851.78,29.52,UNIDAD,True,2025-05-10
877,7700000000877,Artículo Retail 00877,Electrónica,Subcategoría 5,Línea 27,523,106074.62,14.29,UNIDAD,True,2025-05-17
878,7700000000878,Artículo Retail 00878,Ropa,Subcategoría 12,Línea 21,621,10258.22,23.86,UNIDAD,True,2025-05-28
879,7700000000879,Artículo Retail 00879,Electrónica,Subcategoría 10,Línea 18,12,8077.77,9.61,UNIDAD,True,2025-09-06
880,7700000000880,Artículo Retail 00880,Electrónica,Subcategoría 14,Línea 46,581,92617.49,22.02,UNIDAD,True,2025-06-22
881,7700000000881,Artículo Retail 00881,Hogar,Subcategoría 5,Línea 23,434,11080.61,8.23,UNIDAD,True,2025-08-11
882,7700000000882,Artículo Retail 00882,Hogar,Subcategoría 14,Línea 32,121,33711.18,27.76,UNIDAD,True,2025-04-27
883,7700000000883,Artículo Retail 00883,Electrónica,Subcategoría 1,Línea 35,29,11969.15,15.96,UNIDAD,True,2025-02-09
884,7700000000884,Artículo Retail 00884,Alimentos,Subcategoría 18,Línea 9,109,285740.7,13.16,UNIDAD,True,2025-11-18
885,7700000000885,Artículo Retail 00885,Bebés,Subcategoría 1,Línea 29,279,11305.42,23.14,UNIDAD,True,2025-01-13
886,7700000000886,Artículo Retail 00886,Cuidado personal,Subcategoría 14,Línea 21,213,53967.35,17.94,UNIDAD,True,2025-11-29
887,7700000000887,Artículo Retail 00887,Alimentos,Subcategoría 20,Línea 32,780,18365.44,26.95,UNIDAD,True,2025-10-11
888,7700000000888,Artículo Retail 00888,Cuidado personal,Subcategoría 6,Línea 4,718,8766.73,20.22,UNIDAD,True,2025-05-04
889,7700000000889,Artículo Retail 00889,Hogar,Subcategoría 10,Línea 32,435,49999.94,24.82,UNIDAD,True,2025-07-06
890,7700000000890,Artículo Retail 00890,Ropa,Subcategoría 8,Línea 31,489,18509.09,20.12,UNIDAD,True,2025-04-17
891,7700000000891,Artículo Retail 00891,Alimentos,Subcategoría 13,Línea 10,598,19214.3,0.3,UNIDAD,True,2025-07-15
892,7700000000892,Artículo Retail 00892,Ropa,Subcategoría 6,Línea 42,194,22344.73,28.15,UNIDAD,True,2025-07-24
893,7700000000893,Artículo Retail 00893,Hogar,Subcategoría 14,Línea 3,503,3826.1,10.0,UNIDAD,True,2025-12-31
894,7700000000894,Artículo Retail 00894,Hogar,Subcategoría 16,Línea 20,512,46001.21,27.97,UNIDAD,True,2025-06-04
895,7700000000895,Artículo Retail 00895,Electrónica,Subcategoría 10,Línea 17,368,44449.32,29.43,UNIDAD,True,2025-07-22
896,7700000000896,Artículo Retail 00896,Bebés,Subcategoría 17,Línea 24,359,3729.31,26.68,UNIDAD,True,2025-10-01
897,7700000000897,Artículo Retail 00897,Electrónica,Subcategoría 12,Línea 35,289,27831.93,22.15,UNIDAD,True,2025-10-06
898,7700000000898,Artículo Retail 00898,Bebés,Subcategoría 17,Línea 38,457,11891.82,18.69,UNIDAD,True,2025-07-11
899,7700000000899,Artículo Retail 00899,Bebés,Subcategoría 2,Línea 42,483,55328.02,16.09,UNIDAD,True,2025-06-03
900,7700000000900,Artículo Retail 00900,Electrónica,Subcategoría 19,Línea 37,535,9666.92,9.16,UNIDAD,True,2025-10-29
901,7700000000901,Artículo Retail 00901,Cuidado personal,Subcategoría 11,Línea 24,504,10551.9,28.05,UNIDAD,True,2025-12-25
902,7700000000902,Artículo Retail 00902,Ropa,Subcategoría 20,Línea 34,33,22257.09,13.17,UNIDAD,True,2025-07-05
903,7700000000903,Artículo Retail 00903,Cuidado personal,Subcategoría 9,Línea 4,46,22708.92,2.54,UNIDAD,True,2025-02-22
904,7700000000904,Artículo Retail 00904,Ropa,Subcategoría 19,Línea 34,146,6927.41,21.06,UNIDAD,True,2025-09-08
905,7700000000905,Artículo Retail 00905,Alimentos,Subcategoría 12,Línea 46,337,20829.2,24.71,UNIDAD,True,2025-09-29
906,7700000000906,Artículo Retail 00906,Cuidado personal,Subcategoría 20,Línea 5,5,2827.67,14.51,UNIDAD,True,2025-05-23
907,7700000000907,Artículo Retail 00907,Ropa,Subcategoría 7,Línea 33,222,18145.98,29.5,UNIDAD,True,2025-12-02
908,7700000000908,Artículo Retail 00908,Electrónica,Subcategoría 17,Línea 5,728,24241.71,21.72,UNIDAD,True,2025-09-03
909,7700000000909,Artículo Retail 00909,Cuidado personal,Subcategoría 12,Línea 3,690,18384.7,10.53,UNIDAD,True,2025-06-02
910,7700000000910,Artículo Retail 00910,Electrónica,Subcategoría 15,Línea 17,717,31548.73,25.15,UNIDAD,True,2025-04-20
911,7700000000911,Artículo Retail 00911,Alimentos,Subcategoría 19,Línea 26,44,3272.67,19.82,UNIDAD,True,2025-03-22
912,7700000000912,Artículo Retail 00912,Hogar,Subcategoría 10,Línea 36,753,6279.09,29.69,UNIDAD,True,2025-09-13
913,7700000000913,Artículo Retail 00913,Ropa,Subcategoría 1,Línea 14,218,2442.4,7.86,UNIDAD,True,2025-09-03
914,7700000000914,Artículo Retail 00914,Electrónica,Subcategoría 17,Línea 40,76,109914.89,,UNIDAD,True,2025-04-13
915,7700000000915,Artículo Retail 00915,Bebés,Subcategoría 19,Línea 16,350,20887.67,27.66,UNIDAD,True,2025-11-16
916,7700000000916,Artículo Retail 00916,Ropa,Subcategoría 2,Línea 6,4,10584.93,11.22,UNIDAD,True,2025-04-14
917,7700000000917,Artículo Retail 00917,Ropa,Subcategoría 14,Línea 19,482,18182.82,8.16,UNIDAD,True,2025-06-28
918,7700000000918,Artículo Retail 00918,Hogar,Subcategoría 7,Línea 3,580,24670.06,1.7,UNIDAD,True,2025-03-27
919,7700000000919,Artículo Retail 00919,Bebés,Subcategoría 14,Línea 47,94,123883.12,7.11,UNIDAD,True,2025-01-25
920,7700000000920,Artículo Retail 00920,Electrónica,Subcategoría 17,Línea 11,706,83293.93,9.67,UNIDAD,True,2025-03-28
921,7700000000921,Artículo Retail 00921,Electrónica,Subcategoría 12,Línea 43,284,174689.74,22.33,UNIDAD,True,2025-10-23
922,7700000000922,Artículo Retail 00922,Alimentos,Subcategoría 18,Línea 20,358,25640.37,29.56,UNIDAD,True,2025-12-26
923,7700000000923,Artículo Retail 00923,Cuidado personal,Subcategoría 12,Línea 16,429,25005.77,16.75,UNIDAD,True,2025-12-07
924,7700000000924,Artículo Retail 00924,Electrónica,Subcategoría 8,Línea 33,678,33831.3,3.43,UNIDAD,True,2025-10-19
925,7700000000925,Artículo Retail 00925,Cuidado personal,Subcategoría 14,Línea 36,332,48895.75,0.42,UNIDAD,True,2025-06-02
926,7700000000926,Artículo Retail 00926,Alimentos,Subcategoría 12,Línea 49,558,4065.15,22.56,UNIDAD,True,2025-06-03
927,7700000000927,Artículo Retail 00927,Electrónica,Subcategoría 18,Línea 11,438,20456.29,3.34,UNIDAD,True,2025-05-07
928,7700000000928,Artículo Retail 00928,Hogar,Subcategoría 2,Línea 13,761,21964.65,28.12,UNIDAD,True,2025-07-26
929,7700000000929,Artículo Retail 00929,Bebés,Subcategoría 15,Línea 14,592,104713.47,11.03,UNIDAD,True,2025-09-29
930,7700000000930,Artículo Retail 00930,Cuidado personal,Subcategoría 19,Línea 4,515,3521.24,23.67,UNIDAD,True,2025-11-10
931,7700000000931,Artículo Retail 00931,Alimentos,Subcategoría 3,Línea 3,469,26746.01,2.34,UNIDAD,True,2025-04-20
932,7700000000932,Artículo Retail 00932,Bebés,Subcategoría 16,Línea 2,407,60194.1,19.56,UNIDAD,True,2025-11-08
933,7700000000933,Artículo Retail 00933,Bebés,Subcategoría 8,Línea 22,614,20975.45,12.49,UNIDAD,True,2025-01-10
934,7700000000934,Artículo Retail 00934,Alimentos,Subcategoría 9,Línea 13,380,31778.25,20.63,UNIDAD,True,2025-12-30
935,7700000000935,Artículo Retail 00935,Cuidado personal,Subcategoría 20,Línea 22,519,80562.42,21.03,UNIDAD,True,2025-07-09
936,7700000000936,Artículo Retail 00936,Alimentos,Subcategoría 8,Línea 29,169,5758.47,5.63,UNIDAD,True,2025-08-21
937,7700000000937,Artículo Retail 00937,Alimentos,Subcategoría 19,Línea 5,577,262044.44,18.86,UNIDAD,True,2025-08-22
938,7700000000938,Artículo Retail 00938,Electrónica,Subcategoría 18,Línea 30,217,5462.04,25.39,UNIDAD,True,2025-01-04
939,7700000000939,Artículo Retail 00939,Ropa,Subcategoría 18,Línea 22,269,9275.83,16.91,UNIDAD,True,2025-12-09
940,7700000000940,Artículo Retail 00940,Ropa,Subcategoría 6,Línea 22,654,50975.69,18.53,UNIDAD,True,2025-02-19
941,7700000000941,Artículo Retail 00941,Ropa,Subcategoría 8,Línea 23,237,10244.37,6.81,UNIDAD,False,2025-05-28
942,7700000000942,Artículo Retail 00942,Cuidado personal,Subcategoría 4,Línea 13,195,46529.43,20.76,UNIDAD,True,2025-11-02
943,7700000000943,Artículo Retail 00943,Cuidado personal,Subcategoría 4,Línea 1,78,9823.51,8.12,UNIDAD,True,2025-06-14
944,7700000000944,Artículo Retail 00944,Hogar,Subcategoría 20,Línea 20,191,47191.12,20.76,UNIDAD,True,2025-12-01
945,7700000000945,Artículo Retail 00945,Ropa,Subcategoría 10,Línea 46,427,29101.61,10.24,UNIDAD,True,2025-11-08
946,7700000000946,Artículo Retail 00946,Hogar,Subcategoría 5,Línea 25,651,69691.67,4.58,UNIDAD,True,2025-03-18
947,7700000000947,Artículo Retail 00947,Cuidado personal,Subcategoría 2,Línea 47,166,67370.48,29.97,UNIDAD,True,2025-08-19
948,7700000000948,Artículo Retail 00948,Bebés,Subcategoría 13,Línea 13,72,4097.82,15.81,UNIDAD,True,2025-10-20
949,7700000000949,Artículo Retail 00949,Bebés,Subcategoría 3,Línea 1,660,39458.4,0.13,UNIDAD,True,2025-01-14
950,7700000000950,Artículo Retail 00950,Cuidado personal,Subcategoría 4,Línea 48,363,13593.6,12.36,UNIDAD,True,2025-01-21
951,7700000000951,Artículo Retail 00951,Bebés,Subcategoría 8,Línea 43,155,14645.24,6.94,UNIDAD,True,2025-08-06
952,7700000000952,Artículo Retail 00952,Ropa,Subcategoría 14,Línea 37,760,37904.69,12.58,UNIDAD,True,2025-01-16
953,7700000000953,Artículo Retail 00953,Ropa,Subcategoría 4,Línea 3,180,7015.9,12.65,UNIDAD,True,2025-09-04
954,7700000000954,Artículo Retail 00954,Electrónica,Subcategoría 3,Línea 46,219,195011.52,19.1,UNIDAD,True,2025-10-20
955,7700000000955,Artículo Retail 00955,Bebés,Subcategoría 17,Línea 14,756,4656.42,16.98,UNIDAD,True,2025-04-28
956,7700000000956,Artículo Retail 00956,Alimentos,Subcategoría 5,Línea 2,742,36958.89,18.57,UNIDAD,True,2025-08-16
957,7700000000957,Artículo Retail 00957,Bebés,Subcategoría 11,Línea 22,575,73730.93,19.02,UNIDAD,True,2025-10-31
958,7700000000958,Artículo Retail 00958,Bebés,Subcategoría 12,Línea 30,508,37539.06,13.19,UNIDAD,True,2025-05-10
959,7700000000959,Artículo Retail 00959,Alimentos,Subcategoría 16,Línea 17,66,45920.81,10.1,UNIDAD,True,2025-07-08
960,7700000000960,Artículo Retail 00960,Cuidado personal,Subcategoría 17,Línea 10,410,24315.7,6.67,UNIDAD,True,2025-09-28
961,7700000000961,Artículo Retail 00961,Ropa,Subcategoría 5,Línea 14,189,20329.82,6.09,UNIDAD,True,2025-02-17
962,7700000000962,Artículo Retail 00962,Alimentos,Subcategoría 4,Línea 25,275,7599.35,14.96,UNIDAD,True,2025-03-27
963,7700000000963,Artículo Retail 00963,Alimentos,Subcategoría 2,Línea 2,388,42518.39,1.15,UNIDAD,True,2025-07-11
964,7700000000964,Artículo Retail 00964,Electrónica,Subcategoría 14,Línea 21,744,14192.92,1.4,UNIDAD,True,2025-08-01
965,7700000000965,Artículo Retail 00965,Ropa,Subcategoría 11,Línea 47,503,52480.32,11.96,UNIDAD,True,2025-08-14
966,7700000000966,Artículo Retail 00966,Alimentos,Subcategoría 20,Línea 26,419,33341.55,23.84,UNIDAD,True,2025-07-09
967,7700000000967,Artículo Retail 00967,Electrónica,Subcategoría 14,Línea 21,42,37104.11,27.65,UNIDAD,True,2025-04-06
968,7700000000968,Artículo Retail 00968,Alimentos,Subcategoría 19,Línea 11,366,5112.98,0.53,UNIDAD,True,2025-12-21
969,7700000000969,Artículo Retail 00969,Hogar,Subcategoría 20,Línea 25,674,9048.15,25.86,UNIDAD,True,2025-10-29
970,7700000000970,Artículo Retail 00970,Ropa,Subcategoría 7,Línea 26,154,17261.37,29.14,UNIDAD,True,2025-06-17
971,7700000000971,Artículo Retail 00971,Bebés,Subcategoría 14,Línea 5,608,14058.2,16.65,UNIDAD,True,2025-07-14
972,7700000000972,Artículo Retail 00972,Alimentos,Subcategoría 12,Línea 15,332,4488.1,26.61,UNIDAD,True,2025-07-18
973,7700000000973,Artículo Retail 00973,Cuidado personal,Subcategoría 5,Línea 22,738,7978.3,12.99,UNIDAD,True,2025-04-08
974,7700000000974,Artículo Retail 00974,Ropa,Subcategoría 19,Línea 43,297,22913.76,8.32,UNIDAD,True,2025-08-06
975,7700000000975,Artículo Retail 00975,Ropa,Subcategoría 12,Línea 19,79,5630.29,10.16,UNIDAD,True,2025-04-03
976,7700000000976,Artículo Retail 00976,Hogar,Subcategoría 12,Línea 41,664,103081.24,11.67,UNIDAD,True,2025-11-05
977,7700000000977,Artículo Retail 00977,Bebés,Subcategoría 7,Línea 31,15,5927.77,12.6,UNIDAD,True,2025-02-06
978,7700000000978,Artículo Retail 00978,Electrónica,Subcategoría 9,Línea 6,624,39928.55,25.56,UNIDAD,True,2025-07-31
979,7700000000979,Artículo Retail 00979,Bebés,Subcategoría 3,Línea 5,446,19963.26,21.13,UNIDAD,True,2025-06-06
980,7700000000980,Artículo Retail 00980,Hogar,Subcategoría 9,Línea 3,408,22440.55,21.53,UNIDAD,True,2025-05-24
981,7700000000981,Artículo Retail 00981,Electrónica,Subcategoría 3,Línea 29,393,16428.26,24.86,UNIDAD,True,2025-07-26
982,7700000000982,Artículo Retail 00982,Bebés,Subcategoría 12,Línea 30,275,19421.49,14.71,UNIDAD,True,2025-03-04
983,7700000000983,Artículo Retail 00983,Hogar,Subcategoría 1,Línea 29,251,18964.15,27.16,UNIDAD,True,2025-11-11
984,7700000000984,Artículo Retail 00984,Ropa,Subcategoría 12,Línea 48,267,6578.29,6.3,UNIDAD,True,2025-07-13
985,7700000000985,Artículo Retail 00985,Electrónica,Subcategoría 2,Línea 46,325,20712.99,14.49,UNIDAD,True,2025-02-02
986,7700000000986,Artículo Retail 00986,Electrónica,Subcategoría 20,Línea 42,710,4397.69,24.49,UNIDAD,True,2025-07-13
987,7700000000987,Artículo Retail 00987,Cuidado personal,Subcategoría 4,Línea 22,420,11022.2,19.61,UNIDAD,False,2025-07-12
988,7700000000988,Artículo Retail 00988,Electrónica,Subcategoría 7,Línea 10,183,34883.91,21.08,UNIDAD,True,2025-10-31
989,7700000000989,Artículo Retail 00989,Electrónica,Subcategoría 17,Línea 38,15,161913.0,6.7,UNIDAD,True,2025-10-29
990,7700000000990,Artículo Retail 00990,Bebés,Subcategoría 19,Línea 13,528,16381.43,26.04,UNIDAD,True,2025-07-22
991,7700000000991,Artículo Retail 00991,Bebés,Subcategoría 8,Línea 46,415,10449.4,19.25,UNIDAD,True,2025-05-15
992,7700000000992,Artículo Retail 00992,Ropa,Subcategoría 15,Línea 3,584,14405.89,28.26,UNIDAD,True,2025-10-10
993,7700000000993,Artículo Retail 00993,Bebés,Subcategoría 5,Línea 33,90,42563.21,20.67,UNIDAD,True,2025-11-14
994,7700000000994,Artículo Retail 00994,Ropa,Subcategoría 16,Línea 11,228,55764.04,4.25,UNIDAD,True,2025-04-26
995,7700000000995,Artículo Retail 00995,Cuidado personal,Subcategoría 15,Línea 41,480,43005.4,7.96,UNIDAD,True,2025-12-24
996,7700000000996,Artículo Retail 00996,Electrónica,Subcategoría 18,Línea 23,81,127957.15,22.23,UNIDAD,True,2025-12-27
997,7700000000997,Artículo Retail 00997,Hogar,Subcategoría 14,Línea 7,14,27153.72,9.45,UNIDAD,True,2025-02-01
998,7700000000998,Artículo Retail 00998,Alimentos,Subcategoría 2,Línea 41,203,5627.36,2.25,UNIDAD,True,2025-12-16
999,7700000000999,Artículo Retail 00999,Electrónica,Subcategoría 6,Línea 31,726,10598.9,1.66,UNIDAD,True,2025-08-15
1000,7700000001000,Artículo Retail 01000,Hogar,Subcategoría 20,Línea 25,357,5948.92,8.26,UNIDAD,True,2025-07-31
1001,7700000001001,Artículo Retail 01001,Cuidado personal,Subcategoría 12,Línea 21,208,5135.45,6.85,UNIDAD,True,2025-06-10
1002,7700000001002,Artículo Retail 01002,Electrónica,Subcategoría 13,Línea 43,71,21242.27,14.97,UNIDAD,True,2025-12-31
1003,7700000001003,Artículo Retail 01003,Alimentos,Subcategoría 8,Línea 23,181,3832.36,18.4,UNIDAD,True,2025-03-08
1004,7700000001004,Artículo Retail 01004,Hogar,Subcategoría 4,Línea 37,759,43922.83,17.49,UNIDAD,True,2025-10-26
1005,7700000001005,Artículo Retail 01005,Ropa,Subcategoría 9,Línea 12,583,29509.67,10.35,UNIDAD,True,2025-07-10
1006,7700000001006,Artículo Retail 01006,Hogar,Subcategoría 15,Línea 28,117,21644.32,29.38,UNIDAD,True,2025-02-24
1007,7700000001007,Artículo Retail 01007,Bebés,Subcategoría 17,Línea 19,102,36731.22,28.48,UNIDAD,True,2025-05-04
1008,7700000001008,Artículo Retail 01008,Bebés,Subcategoría 17,Línea 36,277,9756.7,3.76,UNIDAD,True,2025-07-18
1009,7700000001009,Artículo Retail 01009,Bebés,Subcategoría 2,Línea 3,325,18974.13,22.9,UNIDAD,True,2025-01-02
1010,7700000001010,Artículo Retail 01010,Hogar,Subcategoría 1,Línea 7,733,29526.0,8.62,UNIDAD,True,2025-12-18
1011,7700000001011,Artículo Retail 01011,Cuidado personal,Subcategoría 9,Línea 12,298,43834.05,11.74,UNIDAD,True,2025-07-13
1012,7700000001012,Artículo Retail 01012,Ropa,Subcategoría 1,Línea 13,296,24529.66,3.87,UNIDAD,True,2025-11-10
1013,7700000001013,Artículo Retail 01013,Cuidado personal,Subcategoría 10,Línea 40,731,9428.03,19.72,UNIDAD,True,2025-03-30
1014,7700000001014,Artículo Retail 01014,Cuidado personal,Subcategoría 18,Línea 23,450,16321.59,11.46,UNIDAD,True,2025-11-26
1015,7700000001015,Artículo Retail 01015,Electrónica,Subcategoría 14,Línea 30,788,5745.11,,UNIDAD,False,2025-10-14
1016,7700000001016,Artículo Retail 01016,Bebés,Subcategoría 1,Línea 11,354,12417.62,28.29,UNIDAD,True,2025-03-10
1017,7700000001017,Artículo Retail 01017,Electrónica,Subcategoría 20,Línea 8,500,12282.96,0.86,UNIDAD,True,2025-03-14
1018,7700000001018,Artículo Retail 01018,Bebés,Subcategoría 19,Línea 20,765,219926.65,26.6,UNIDAD,True,2025-11-30
1019,7700000001019,Artículo Retail 01019,Bebés,Subcategoría 18,Línea 30,159,19900.46,10.85,UNIDAD,True,2025-08-07
1020,7700000001020,Artículo Retail 01020,Bebés,Subcategoría 8,Línea 50,83,16129.32,19.37,UNIDAD,True,2025-02-16
1021,7700000001021,Artículo Retail 01021,Alimentos,Subcategoría 5,Línea 25,133,19041.56,13.71,UNIDAD,True,2025-01-10
1022,7700000001022,Artículo Retail 01022,Cuidado personal,Subcategoría 4,Línea 26,292,10079.08,16.87,UNIDAD,True,2025-11-05
1023,7700000001023,Artículo Retail 01023,Alimentos,Subcategoría 5,Línea 16,95,13788.75,14.49,UNIDAD,True,2025-03-25
1024,7700000001024,Artículo Retail 01024,Bebés,Subcategoría 7,Línea 21,631,18154.77,8.31,UNIDAD,True,2025-02-02
1025,7700000001025,Artículo Retail 01025,Hogar,Subcategoría 19,Línea 24,775,11664.64,0.93,UNIDAD,True,2025-03-18
1026,7700000001026,Artículo Retail 01026,Alimentos,Subcategoría 16,Línea 38,104,9561.58,27.13,UNIDAD,True,2025-07-03
1027,7700000001027,Artículo Retail 01027,Ropa,Subcategoría 15,Línea 31,623,23265.87,22.13,UNIDAD,True,2025-10-20
1028,7700000001028,Artículo Retail 01028,Hogar,Subcategoría 15,Línea 17,57,8592.94,,UNIDAD,True,2025-02-08
1029,7700000001029,Artículo Retail 01029,Cuidado personal,Subcategoría 11,Línea 47,513,7565.04,11.66,UNIDAD,True,2025-10-23
1030,7700000001030,Artículo Retail 01030,Ropa,Subcategoría 17,Línea 35,707,40227.87,22.32,UNIDAD,True,2025-07-28
1031,7700000001031,Artículo Retail 01031,Cuidado personal,Subcategoría 1,Línea 38,380,11543.59,12.03,UNIDAD,True,2025-02-22
1032,7700000001032,Artículo Retail 01032,Hogar,Subcategoría 7,Línea 50,734,82229.31,,UNIDAD,True,2025-10-18
1033,7700000001033,Artículo Retail 01033,Hogar,Subcategoría 13,Línea 32,165,31204.12,3.56,UNIDAD,True,2025-05-11
1034,7700000001034,Artículo Retail 01034,Alimentos,Subcategoría 1,Línea 6,457,22803.03,10.63,UNIDAD,True,2025-06-22
1035,7700000001035,Artículo Retail 01035,Electrónica,Subcategoría 5,Línea 7,413,15797.88,21.11,UNIDAD,True,2025-05-16
1036,7700000001036,Artículo Retail 01036,Bebés,Subcategoría 17,Línea 39,51,35877.66,17.76,UNIDAD,True,2025-11-13
1037,7700000001037,Artículo Retail 01037,Hogar,Subcategoría 11,Línea 45,212,86054.48,29.26,UNIDAD,True,2025-04-04
1038,7700000001038,Artículo Retail 01038,Bebés,Subcategoría 9,Línea 42,352,25393.94,25.7,UNIDAD,True,2025-09-22
1039,7700000001039,Artículo Retail 01039,Alimentos,Subcategoría 7,Línea 22,495,36797.45,23.63,UNIDAD,True,2025-12-04
1040,7700000001040,Artículo Retail 01040,Hogar,Subcategoría 14,Línea 44,273,44704.94,21.74,UNIDAD,True,2025-10-28
1041,7700000001041,Artículo Retail 01041,Hogar,Subcategoría 7,Línea 20,49,27113.63,17.85,UNIDAD,True,2025-11-29
1042,7700000001042,Artículo Retail 01042,Electrónica,Subcategoría 11,Línea 7,718,71393.04,27.32,UNIDAD,True,2025-10-25
1043,7700000001043,Artículo Retail 01043,Ropa,Subcategoría 10,Línea 35,641,12009.68,13.55,UNIDAD,True,2025-05-18
1044,7700000001044,Artículo Retail 01044,Cuidado personal,Subcategoría 20,Línea 38,96,78239.37,22.17,UNIDAD,True,2025-02-20
1045,7700000001045,Artículo Retail 01045,Electrónica,Subcategoría 13,Línea 33,66,60732.59,,UNIDAD,True,2025-04-23
1046,7700000001046,Artículo Retail 01046,Cuidado personal,Subcategoría 7,Línea 42,122,13389.98,12.0,UNIDAD,True,2025-01-31
1047,7700000001047,Artículo Retail 01047,Bebés,Subcategoría 6,Línea 45,719,14702.47,9.72,UNIDAD,True,2025-11-01
1048,7700000001048,Artículo Retail 01048,Ropa,Subcategoría 9,Línea 27,636,17886.2,10.71,UNIDAD,True,2025-10-18
1049,7700000001049,Artículo Retail 01049,Bebés,Subcategoría 5,Línea 11,263,41247.29,18.7,UNIDAD,True,2025-04-07
1050,7700000001050,Artículo Retail 01050,Bebés,Subcategoría 7,Línea 12,537,63510.37,28.68,UNIDAD,True,2025-04-30
1051,7700000001051,Artículo Retail 01051,Electrónica,Subcategoría 16,Línea 45,676,3660.74,0.22,UNIDAD,True,2025-09-20
1052,7700000001052,Artículo Retail 01052,Alimentos,Subcategoría 7,Línea 46,585,6041.0,8.63,UNIDAD,True,2025-11-06
1053,7700000001053,Artículo Retail 01053,Hogar,Subcategoría 10,Línea 45,119,14664.36,15.84,UNIDAD,True,2025-10-09
1054,7700000001054,Artículo Retail 01054,Cuidado personal,Subcategoría 14,Línea 26,632,20190.52,1.55,UNIDAD,True,2025-02-26
1055,7700000001055,Artículo Retail 01055,Alimentos,Subcategoría 14,Línea 21,627,21136.45,1.2,UNIDAD,True,2025-02-21
1056,7700000001056,Artículo Retail 01056,Hogar,Subcategoría 6,Línea 31,790,13950.35,1.91,UNIDAD,True,2025-11-07
1057,7700000001057,Artículo Retail 01057,Bebés,Subcategoría 9,Línea 7,13,14634.82,1.16,UNIDAD,True,2025-03-07
1058,7700000001058,Artículo Retail 01058,Bebés,Subcategoría 12,Línea 6,313,129025.89,19.6,UNIDAD,True,2025-01-24
1059,7700000001059,Artículo Retail 01059,Electrónica,Subcategoría 11,Línea 16,382,447107.84,6.98,UNIDAD,True,2025-08-23
1060,7700000001060,Artículo Retail 01060,Bebés,Subcategoría 16,Línea 39,489,93432.67,22.79,UNIDAD,True,2025-02-20
1061,7700000001061,Artículo Retail 01061,Bebés,Subcategoría 13,Línea 25,209,13568.79,19.34,UNIDAD,True,2025-10-18
1062,7700000001062,Artículo Retail 01062,Ropa,Subcategoría 13,Línea 9,696,10113.78,26.44,UNIDAD,True,2025-07-12
1063,7700000001063,Artículo Retail 01063,Bebés,Subcategoría 1,Línea 32,516,1835.07,17.41,UNIDAD,True,2025-06-18
1064,7700000001064,Artículo Retail 01064,Ropa,Subcategoría 17,Línea 24,760,20002.83,3.82,UNIDAD,True,2025-07-22
1065,7700000001065,Artículo Retail 01065,Hogar,Subcategoría 3,Línea 31,375,84489.77,10.51,UNIDAD,True,2025-10-26
1066,7700000001066,Artículo Retail 01066,Electrónica,Subcategoría 9,Línea 28,105,25717.52,8.57,UNIDAD,True,2025-12-07
1067,7700000001067,Artículo Retail 01067,Electrónica,Subcategoría 18,Línea 35,275,5989.99,10.71,UNIDAD,False,2025-10-09
1068,7700000001068,Artículo Retail 01068,Bebés,Subcategoría 12,Línea 16,798,102340.29,18.2,UNIDAD,True,2025-11-03
1069,7700000001069,Artículo Retail 01069,Alimentos,Subcategoría 6,Línea 49,52,32495.1,,UNIDAD,True,2025-04-15
1070,7700000001070,Artículo Retail 01070,Ropa,Subcategoría 17,Línea 4,304,45191.16,5.62,UNIDAD,True,2025-10-27
1071,7700000001071,Artículo Retail 01071,Bebés,Subcategoría 9,Línea 5,569,24693.84,7.18,UNIDAD,True,2025-01-16
1072,7700000001072,Artículo Retail 01072,Electrónica,Subcategoría 8,Línea 48,47,16588.75,17.66,UNIDAD,True,2025-05-10
1073,7700000001073,Artículo Retail 01073,Hogar,Subcategoría 20,Línea 26,150,4832.96,5.54,UNIDAD,True,2025-06-26
1074,7700000001074,Artículo Retail 01074,Bebés,Subcategoría 20,Línea 42,411,2316.44,25.23,UNIDAD,True,2025-05-08
1075,7700000001075,Artículo Retail 01075,Electrónica,Subcategoría 2,Línea 8,321,9628.79,17.45,UNIDAD,True,2025-03-29
1076,7700000001076,Artículo Retail 01076,Bebés,Subcategoría 1,Línea 8,794,11084.33,,UNIDAD,True,2025-10-03
1077,7700000001077,Artículo Retail 01077,Electrónica,Subcategoría 4,Línea 12,511,17932.67,23.94,UNIDAD,True,2025-04-12
1078,7700000001078,Artículo Retail 01078,Electrónica,Subcategoría 13,Línea 21,559,35298.27,29.6,UNIDAD,True,2025-01-22
1079,7700000001079,Artículo Retail 01079,Hogar,Subcategoría 3,Línea 12,283,4191.76,13.09,UNIDAD,True,2025-12-03
1080,7700000001080,Artículo Retail 01080,Alimentos,Subcategoría 10,Línea 2,381,54600.94,8.0,UNIDAD,True,2025-05-08
1081,7700000001081,Artículo Retail 01081,Bebés,Subcategoría 7,Línea 5,542,7562.92,9.9,UNIDAD,True,2025-02-27
1082,7700000001082,Artículo Retail 01082,Ropa,Subcategoría 14,Línea 16,106,24909.94,0.82,UNIDAD,True,2025-05-03
1083,7700000001083,Artículo Retail 01083,Hogar,Subcategoría 19,Línea 46,200,11438.64,16.8,UNIDAD,False,2025-09-14
1084,7700000001084,Artículo Retail 01084,Bebés,Subcategoría 9,Línea 25,522,11394.1,12.87,UNIDAD,True,2025-07-22
1085,7700000001085,Artículo Retail 01085,Bebés,Subcategoría 9,Línea 17,174,10194.25,6.16,UNIDAD,True,2025-10-28
1086,7700000001086,Artículo Retail 01086,Bebés,Subcategoría 6,Línea 41,677,12612.61,1.91,UNIDAD,True,2025-06-15
1087,7700000001087,Artículo Retail 01087,Cuidado personal,Subcategoría 8,Línea 31,660,73317.16,13.67,UNIDAD,True,2025-11-10
1088,7700000001088,Artículo Retail 01088,Alimentos,Subcategoría 8,Línea 26,406,45698.15,22.54,UNIDAD,True,2025-08-11
1089,7700000001089,Artículo Retail 01089,Hogar,Subcategoría 17,Línea 8,563,47535.74,4.74,UNIDAD,True,2025-12-01
1090,7700000001090,Artículo Retail 01090,Electrónica,Subcategoría 8,Línea 8,468,26462.46,25.64,UNIDAD,True,2025-06-28
1091,7700000001091,Artículo Retail 01091,Ropa,Subcategoría 18,Línea 42,284,32324.62,,UNIDAD,True,2025-04-15
1092,7700000001092,Artículo Retail 01092,Alimentos,Subcategoría 5,Línea 27,256,31868.81,1.35,UNIDAD,True,2025-10-05
1093,7700000001093,Artículo Retail 01093,Bebés,Subcategoría 16,Línea 10,604,12340.98,10.09,UNIDAD,True,2025-08-31
1094,7700000001094,Artículo Retail 01094,Hogar,Subcategoría 2,Línea 8,232,91176.21,14.87,UNIDAD,True,2025-10-30
1095,7700000001095,Artículo Retail 01095,Electrónica,Subcategoría 5,Línea 6,40,42824.41,16.4,UNIDAD,True,2025-11-01
1096,7700000001096,Artículo Retail 01096,Hogar,Subcategoría 8,Línea 4,792,29941.72,21.78,UNIDAD,True,2025-06-05
1097,7700000001097,Artículo Retail 01097,Cuidado personal,Subcategoría 18,Línea 44,185,17565.74,13.97,UNIDAD,True,2025-11-24
1098,7700000001098,Artículo Retail 01098,Ropa,Subcategoría 7,Línea 45,702,17759.46,2.51,UNIDAD,True,2025-05-03
1099,7700000001099,Artículo Retail 01099,Hogar,Subcategoría 16,Línea 36,736,11505.65,19.14,UNIDAD,True,2025-09-26
1100,7700000001100,Artículo Retail 01100,Cuidado personal,Subcategoría 19,Línea 13,152,52645.53,8.61,UNIDAD,True,2025-10-08
1101,7700000001101,Artículo Retail 01101,Bebés,Subcategoría 19,Línea 43,570,9742.19,0.21,UNIDAD,True,2025-02-17
1102,7700000001102,Artículo Retail 01102,Alimentos,Subcategoría 12,Línea 13,669,136336.03,14.33,UNIDAD,True,2025-02-14
1103,7700000001103,Artículo Retail 01103,Ropa,Subcategoría 8,Línea 38,559,20850.04,26.38,UNIDAD,True,2025-12-02
1104,7700000001104,Artículo Retail 01104,Electrónica,Subcategoría 12,Línea 7,405,16744.55,13.78,UNIDAD,True,2025-05-11
1105,7700000001105,Artículo Retail 01105,Alimentos,Subcategoría 17,Línea 16,482,10964.23,19.49,UNIDAD,True,2025-03-07
1106,7700000001106,Artículo Retail 01106,Cuidado personal,Subcategoría 1,Línea 40,289,25557.24,11.82,UNIDAD,True,2025-07-15
1107,7700000001107,Artículo Retail 01107,Cuidado personal,Subcategoría 4,Línea 22,734,9256.13,18.86,UNIDAD,True,2025-07-24
1108,7700000001108,Artículo Retail 01108,Cuidado personal,Subcategoría 4,Línea 31,515,23302.66,11.78,UNIDAD,True,2025-06-10
1109,7700000001109,Artículo Retail 01109,Electrónica,Subcategoría 3,Línea 36,403,72469.52,11.53,UNIDAD,True,2025-07-23
1110,7700000001110,Artículo Retail 01110,Hogar,Subcategoría 2,Línea 28,155,23325.77,28.09,UNIDAD,True,2025-09-21
1111,7700000001111,Artículo Retail 01111,Bebés,Subcategoría 16,Línea 3,756,7375.99,21.77,UNIDAD,False,2025-05-27
1112,7700000001112,Artículo Retail 01112,Bebés,Subcategoría 5,Línea 22,731,19051.76,5.96,UNIDAD,True,2025-12-11
1113,7700000001113,Artículo Retail 01113,Ropa,Subcategoría 7,Línea 28,361,7109.3,15.82,UNIDAD,True,2025-01-19
1114,7700000001114,Artículo Retail 01114,Hogar,Subcategoría 12,Línea 22,126,18521.65,9.15,UNIDAD,True,2025-12-12
1115,7700000001115,Artículo Retail 01115,Electrónica,Subcategoría 12,Línea 36,146,81444.36,14.19,UNIDAD,True,2025-07-23
1116,7700000001116,Artículo Retail 01116,Bebés,Subcategoría 16,Línea 13,422,39408.29,29.15,UNIDAD,True,2025-12-04
1117,7700000001117,Artículo Retail 01117,Hogar,Subcategoría 4,Línea 28,363,14165.42,13.41,UNIDAD,True,2025-01-16
1118,7700000001118,Artículo Retail 01118,Hogar,Subcategoría 20,Línea 36,107,43073.76,29.85,UNIDAD,True,2025-01-12
1119,7700000001119,Artículo Retail 01119,Bebés,Subcategoría 8,Línea 44,273,75617.29,13.23,UNIDAD,True,2025-07-08
1120,7700000001120,Artículo Retail 01120,Hogar,Subcategoría 13,Línea 36,64,19096.77,27.13,UNIDAD,True,2025-08-09
1121,7700000001121,Artículo Retail 01121,Ropa,Subcategoría 2,Línea 41,655,39933.48,14.83,UNIDAD,True,2025-04-17
1122,7700000001122,Artículo Retail 01122,Alimentos,Subcategoría 3,Línea 20,432,27381.42,29.82,UNIDAD,True,2025-01-29
1123,7700000001123,Artículo Retail 01123,Hogar,Subcategoría 20,Línea 13,386,27596.2,26.92,UNIDAD,True,2025-10-19
1124,7700000001124,Artículo Retail 01124,Cuidado personal,Subcategoría 7,Línea 11,576,5309.28,26.29,UNIDAD,True,2025-05-05
1125,7700000001125,Artículo Retail 01125,Hogar,Subcategoría 3,Línea 9,783,83400.34,,UNIDAD,True,2025-10-26
1126,7700000001126,Artículo Retail 01126,Ropa,Subcategoría 20,Línea 41,155,27618.84,11.26,UNIDAD,True,2025-02-04
1127,7700000001127,Artículo Retail 01127,Electrónica,Subcategoría 19,Línea 10,161,13824.33,28.74,UNIDAD,True,2025-12-14
1128,7700000001128,Artículo Retail 01128,Cuidado personal,Subcategoría 8,Línea 39,80,3974.61,16.23,UNIDAD,True,2025-07-19
1129,7700000001129,Artículo Retail 01129,Electrónica,Subcategoría 9,Línea 42,110,8133.71,8.98,UNIDAD,True,2025-04-26
1130,7700000001130,Artículo Retail 01130,Cuidado personal,Subcategoría 8,Línea 45,8,57252.42,28.07,UNIDAD,True,2025-10-18
1131,7700000001131,Artículo Retail 01131,Bebés,Subcategoría 4,Línea 30,714,20831.87,7.68,UNIDAD,True,2025-12-22
1132,7700000001132,Artículo Retail 01132,Cuidado personal,Subcategoría 10,Línea 1,189,16395.47,6.68,UNIDAD,True,2025-03-03
1133,7700000001133,Artículo Retail 01133,Alimentos,Subcategoría 11,Línea 43,164,41224.29,29.34,UNIDAD,True,2025-04-22
1134,7700000001134,Artículo Retail 01134,Electrónica,Subcategoría 18,Línea 15,129,26746.48,21.73,UNIDAD,True,2025-06-29
1135,7700000001135,Artículo Retail 01135,Cuidado personal,Subcategoría 6,Línea 14,242,13304.54,18.52,UNIDAD,True,2025-04-22
1136,7700000001136,Artículo Retail 01136,Ropa,Subcategoría 20,Línea 15,103,15950.62,4.36,UNIDAD,True,2025-02-23
1137,7700000001137,Artículo Retail 01137,Bebés,Subcategoría 13,Línea 40,374,25164.71,21.33,UNIDAD,True,2025-04-04
1138,7700000001138,Artículo Retail 01138,Bebés,Subcategoría 17,Línea 41,160,30088.64,28.2,UNIDAD,True,2025-11-16
1139,7700000001139,Artículo Retail 01139,Bebés,Subcategoría 6,Línea 25,166,54706.13,,UNIDAD,True,2025-06-03
1140,7700000001140,Artículo Retail 01140,Cuidado personal,Subcategoría 10,Línea 3,576,26402.78,8.06,UNIDAD,True,2025-09-12
1141,7700000001141,Artículo Retail 01141,Ropa,Subcategoría 17,Línea 25,799,7327.56,12.12,UNIDAD,True,2025-02-11
1142,7700000001142,Artículo Retail 01142,Hogar,Subcategoría 5,Línea 43,546,10197.54,28.0,UNIDAD,True,2025-01-21
1143,7700000001143,Artículo Retail 01143,Bebés,Subcategoría 8,Línea 30,321,26348.57,16.02,UNIDAD,True,2025-10-21
1144,7700000001144,Artículo Retail 01144,Hogar,Subcategoría 7,Línea 28,115,82240.82,1.02,UNIDAD,True,2025-12-25
1145,7700000001145,Artículo Retail 01145,Cuidado personal,Subcategoría 14,Línea 23,179,52679.8,11.1,UNIDAD,True,2025-03-07
1146,7700000001146,Artículo Retail 01146,Electrónica,Subcategoría 6,Línea 9,536,12725.84,6.74,UNIDAD,True,2025-11-05
1147,7700000001147,Artículo Retail 01147,Alimentos,Subcategoría 11,Línea 39,768,40638.36,7.73,UNIDAD,False,2025-09-26
1148,7700000001148,Artículo Retail 01148,Bebés,Subcategoría 2,Línea 50,395,10300.96,14.21,UNIDAD,True,2025-02-16
1149,7700000001149,Artículo Retail 01149,Ropa,Subcategoría 6,Línea 21,225,29713.08,20.49,UNIDAD,True,2025-09-20
1150,7700000001150,Artículo Retail 01150,Alimentos,Subcategoría 18,Línea 5,685,9661.58,0.4,UNIDAD,True,2025-07-23
1151,7700000001151,Artículo Retail 01151,Ropa,Subcategoría 13,Línea 38,31,10732.5,9.53,UNIDAD,True,2025-04-26
1152,7700000001152,Artículo Retail 01152,Hogar,Subcategoría 14,Línea 14,166,13846.48,5.01,UNIDAD,False,2025-11-24
1153,7700000001153,Artículo Retail 01153,Bebés,Subcategoría 9,Línea 22,517,90675.7,9.54,UNIDAD,True,2025-01-05
1154,7700000001154,Artículo Retail 01154,Cuidado personal,Subcategoría 4,Línea 4,283,104467.19,1.61,UNIDAD,True,2025-02-08
1155,7700000001155,Artículo Retail 01155,Alimentos,Subcategoría 16,Línea 18,102,10992.68,22.08,UNIDAD,True,2025-09-04
1156,7700000001156,Artículo Retail 01156,Hogar,Subcategoría 9,Línea 7,663,20665.3,14.01,UNIDAD,True,2025-12-08
1157,7700000001157,Artículo Retail 01157,Alimentos,Subcategoría 3,Línea 23,304,21745.92,6.68,UNIDAD,True,2025-04-24
1158,7700000001158,Artículo Retail 01158,Alimentos,Subcategoría 13,Línea 12,25,31504.96,8.22,UNIDAD,True,2025-05-13
1159,7700000001159,Artículo Retail 01159,Bebés,Subcategoría 2,Línea 18,359,64142.01,5.92,UNIDAD,True,2025-01-15
1160,7700000001160,Artículo Retail 01160,Electrónica,Subcategoría 7,Línea 19,710,26537.68,3.72,UNIDAD,True,2025-12-30
1161,7700000001161,Artículo Retail 01161,Cuidado personal,Subcategoría 12,Línea 30,91,9675.56,13.02,UNIDAD,True,2025-05-03
1162,7700000001162,Artículo Retail 01162,Cuidado personal,Subcategoría 5,Línea 6,252,22585.35,17.81,UNIDAD,True,2025-11-01
1163,7700000001163,Artículo Retail 01163,Cuidado personal,Subcategoría 19,Línea 42,524,41132.72,0.26,UNIDAD,True,2025-03-07
1164,7700000001164,Artículo Retail 01164,Hogar,Subcategoría 17,Línea 40,150,5019.08,26.23,UNIDAD,True,2025-06-05
1165,7700000001165,Artículo Retail 01165,Ropa,Subcategoría 12,Línea 4,417,4882.88,14.17,UNIDAD,True,2025-01-19
1166,7700000001166,Artículo Retail 01166,Alimentos,Subcategoría 18,Línea 32,252,56208.79,1.21,UNIDAD,True,2025-07-26
1167,7700000001167,Artículo Retail 01167,Alimentos,Subcategoría 11,Línea 48,449,4133.8,5.3,UNIDAD,True,2025-10-31
1168,7700000001168,Artículo Retail 01168,Bebés,Subcategoría 2,Línea 43,696,14031.17,1.49,UNIDAD,True,2025-09-18
1169,7700000001169,Artículo Retail 01169,Cuidado personal,Subcategoría 17,Línea 10,365,32190.79,7.8,UNIDAD,True,2025-09-01
1170,7700000001170,Artículo Retail 01170,Cuidado personal,Subcategoría 13,Línea 10,528,39730.67,23.76,UNIDAD,True,2025-10-12
1171,7700000001171,Artículo Retail 01171,Bebés,Subcategoría 8,Línea 46,411,15261.65,23.66,UNIDAD,True,2025-02-16
1172,7700000001172,Artículo Retail 01172,Alimentos,Subcategoría 1,Línea 19,710,50071.49,10.09,UNIDAD,True,2025-06-05
1173,7700000001173,Artículo Retail 01173,Hogar,Subcategoría 16,Línea 18,85,28284.06,15.9,UNIDAD,True,2025-08-21
1174,7700000001174,Artículo Retail 01174,Bebés,Subcategoría 12,Línea 49,457,20412.1,28.94,UNIDAD,True,2025-01-17
1175,7700000001175,Artículo Retail 01175,Bebés,Subcategoría 1,Línea 10,24,4834.57,24.7,UNIDAD,True,2025-07-01
1176,7700000001176,Artículo Retail 01176,Bebés,Subcategoría 20,Línea 28,552,60851.82,28.86,UNIDAD,True,2025-07-07
1177,7700000001177,Artículo Retail 01177,Bebés,Subcategoría 15,Línea 29,455,26747.3,26.93,UNIDAD,True,2025-01-18
1178,7700000001178,Artículo Retail 01178,Ropa,Subcategoría 6,Línea 21,106,149305.51,3.72,UNIDAD,True,2025-05-26
1179,7700000001179,Artículo Retail 01179,Ropa,Subcategoría 18,Línea 11,624,69084.74,3.02,UNIDAD,True,2025-07-22
1180,7700000001180,Artículo Retail 01180,Bebés,Subcategoría 15,Línea 24,75,64019.6,4.75,UNIDAD,True,2025-03-24
1181,7700000001181,Artículo Retail 01181,Ropa,Subcategoría 16,Línea 38,413,25979.01,4.67,UNIDAD,True,2025-12-24
1182,7700000001182,Artículo Retail 01182,Alimentos,Subcategoría 5,Línea 28,246,30755.37,20.22,UNIDAD,True,2025-06-11
1183,7700000001183,Artículo Retail 01183,Alimentos,Subcategoría 9,Línea 18,278,21974.43,16.67,UNIDAD,True,2025-08-31
1184,7700000001184,Artículo Retail 01184,Electrónica,Subcategoría 10,Línea 27,781,14190.32,11.27,UNIDAD,True,2025-09-05
1185,7700000001185,Artículo Retail 01185,Ropa,Subcategoría 19,Línea 22,725,47206.83,22.27,UNIDAD,True,2025-07-22
1186,7700000001186,Artículo Retail 01186,Ropa,Subcategoría 4,Línea 45,365,13137.64,6.78,UNIDAD,True,2025-12-08
1187,7700000001187,Artículo Retail 01187,Cuidado personal,Subcategoría 14,Línea 17,539,9344.5,29.72,UNIDAD,True,2025-02-11
1188,7700000001188,Artículo Retail 01188,Hogar,Subcategoría 17,Línea 32,233,28691.37,19.65,UNIDAD,True,2025-04-28
1189,7700000001189,Artículo Retail 01189,Electrónica,Subcategoría 14,Línea 31,12,10574.46,7.04,UNIDAD,True,2025-03-25
1190,7700000001190,Artículo Retail 01190,Hogar,Subcategoría 20,Línea 38,769,227445.27,29.99,UNIDAD,True,2025-09-22
1191,7700000001191,Artículo Retail 01191,Electrónica,Subcategoría 10,Línea 13,545,2853.5,29.42,UNIDAD,True,2025-02-22
1192,7700000001192,Artículo Retail 01192,Bebés,Subcategoría 2,Línea 4,279,14655.88,,UNIDAD,True,2025-01-14
1193,7700000001193,Artículo Retail 01193,Alimentos,Subcategoría 6,Línea 20,100,2253.97,25.12,UNIDAD,True,2025-11-11
1194,7700000001194,Artículo Retail 01194,Alimentos,Subcategoría 13,Línea 42,565,30919.34,26.89,UNIDAD,True,2025-03-12
1195,7700000001195,Artículo Retail 01195,Alimentos,Subcategoría 3,Línea 25,729,3460.72,2.42,UNIDAD,True,2025-03-14
1196,7700000001196,Artículo Retail 01196,Alimentos,Subcategoría 19,Línea 29,418,8028.78,23.83,UNIDAD,True,2025-07-25
1197,7700000001197,Artículo Retail 01197,Cuidado personal,Subcategoría 6,Línea 42,126,6611.19,4.23,UNIDAD,True,2025-03-09
1198,7700000001198,Artículo Retail 01198,Alimentos,Subcategoría 2,Línea 45,343,26361.19,21.87,UNIDAD,True,2025-02-22
1199,7700000001199,Artículo Retail 01199,Ropa,Subcategoría 3,Línea 27,206,43623.44,5.11,UNIDAD,True,2025-12-07
1200,7700000001200,Artículo Retail 01200,Hogar,Subcategoría 11,Línea 34,536,12715.61,24.18,UNIDAD,True,2025-12-15
1201,7700000001201,Artículo Retail 01201,Ropa,Subcategoría 20,Línea 7,402,24240.24,18.9,UNIDAD,True,2025-09-27
1202,7700000001202,Artículo Retail 01202,Cuidado personal,Subcategoría 14,Línea 34,64,12336.81,26.68,UNIDAD,True,2025-12-04
1203,7700000001203,Artículo Retail 01203,Cuidado personal,Subcategoría 2,Línea 22,461,58761.95,12.91,UNIDAD,True,2025-06-29
1204,7700000001204,Artículo Retail 01204,Cuidado personal,Subcategoría 1,Línea 4,34,28530.51,28.24,UNIDAD,False,2025-12-27
1205,7700000001205,Artículo Retail 01205,Cuidado personal,Subcategoría 17,Línea 33,233,21250.34,22.38,UNIDAD,True,2025-01-23
1206,7700000001206,Artículo Retail 01206,Bebés,Subcategoría 15,Línea 13,535,10431.38,,UNIDAD,True,2025-04-30
1207,7700000001207,Artículo Retail 01207,Ropa,Subcategoría 10,Línea 22,183,2445.8,9.14,UNIDAD,True,2025-04-02
1208,7700000001208,Artículo Retail 01208,Alimentos,Subcategoría 1,Línea 50,708,30125.43,1.48,UNIDAD,True,2025-12-16
1209,7700000001209,Artículo Retail 01209,Bebés,Subcategoría 15,Línea 12,329,15869.34,,UNIDAD,True,2025-07-16
1210,7700000001210,Artículo Retail 01210,Bebés,Subcategoría 15,Línea 6,8,16457.07,3.67,UNIDAD,True,2025-04-17
1211,7700000001211,Artículo Retail 01211,Bebés,Subcategoría 10,Línea 28,643,12765.8,29.27,UNIDAD,True,2025-03-20
1212,7700000001212,Artículo Retail 01212,Hogar,Subcategoría 9,Línea 23,703,13305.82,12.52,UNIDAD,True,2025-03-22
1213,7700000001213,Artículo Retail 01213,Alimentos,Subcategoría 12,Línea 30,28,1905.63,3.7,UNIDAD,True,2025-06-23
1214,7700000001214,Artículo Retail 01214,Alimentos,Subcategoría 20,Línea 30,604,36009.6,22.62,UNIDAD,True,2025-08-18
1215,7700000001215,Artículo Retail 01215,Hogar,Subcategoría 16,Línea 1,742,7812.61,8.08,UNIDAD,True,2025-03-04
1216,7700000001216,Artículo Retail 01216,Ropa,Subcategoría 19,Línea 6,432,2811.85,19.57,UNIDAD,True,2025-10-15
1217,7700000001217,Artículo Retail 01217,Ropa,Subcategoría 2,Línea 1,712,114513.66,12.37,UNIDAD,True,2025-11-21
1218,7700000001218,Artículo Retail 01218,Alimentos,Subcategoría 15,Línea 4,277,67742.15,8.46,UNIDAD,True,2025-01-09
1219,7700000001219,Artículo Retail 01219,Hogar,Subcategoría 4,Línea 49,646,45094.23,13.24,UNIDAD,True,2025-05-14
1220,7700000001220,Artículo Retail 01220,Cuidado personal,Subcategoría 2,Línea 37,635,28881.7,23.58,UNIDAD,True,2025-05-22
1221,7700000001221,Artículo Retail 01221,Electrónica,Subcategoría 7,Línea 21,742,30928.66,8.15,UNIDAD,True,2025-07-27
1222,7700000001222,Artículo Retail 01222,Cuidado personal,Subcategoría 3,Línea 9,543,10294.28,15.75,UNIDAD,True,2025-06-22
1223,7700000001223,Artículo Retail 01223,Bebés,Subcategoría 17,Línea 32,545,5107.38,10.48,UNIDAD,True,2025-04-20
1224,7700000001224,Artículo Retail 01224,Electrónica,Subcategoría 6,Línea 32,245,13274.32,3.5,UNIDAD,True,2025-11-21
1225,7700000001225,Artículo Retail 01225,Hogar,Subcategoría 14,Línea 20,117,25126.52,11.65,UNIDAD,False,2025-03-02
1226,7700000001226,Artículo Retail 01226,Hogar,Subcategoría 13,Línea 24,595,13504.23,,UNIDAD,True,2025-12-29
1227,7700000001227,Artículo Retail 01227,Alimentos,Subcategoría 10,Línea 47,274,275594.39,27.82,UNIDAD,True,2025-12-21
1228,7700000001228,Artículo Retail 01228,Ropa,Subcategoría 12,Línea 19,185,14840.26,6.9,UNIDAD,True,2025-02-06
1229,7700000001229,Artículo Retail 01229,Electrónica,Subcategoría 11,Línea 3,791,5078.7,2.58,UNIDAD,True,2025-12-01
1230,7700000001230,Artículo Retail 01230,Alimentos,Subcategoría 3,Línea 21,678,5228.33,19.27,UNIDAD,True,2025-07-08
1231,7700000001231,Artículo Retail 01231,Electrónica,Subcategoría 11,Línea 11,305,14053.45,24.93,UNIDAD,True,2025-10-15
1232,7700000001232,Artículo Retail 01232,Bebés,Subcategoría 11,Línea 45,610,176321.43,18.74,UNIDAD,True,2025-06-15
1233,7700000001233,Artículo Retail 01233,Bebés,Subcategoría 13,Línea 9,267,84425.33,18.28,UNIDAD,True,2025-01-02
1234,7700000001234,Artículo Retail 01234,Electrónica,Subcategoría 11,Línea 5,136,39766.4,6.25,UNIDAD,True,2025-12-07
1235,7700000001235,Artículo Retail 01235,Bebés,Subcategoría 5,Línea 23,262,16990.61,2.64,UNIDAD,True,2025-07-21
1236,7700000001236,Artículo Retail 01236,Hogar,Subcategoría 15,Línea 5,358,382707.86,17.25,UNIDAD,True,2025-02-01
1237,7700000001237,Artículo Retail 01237,Cuidado personal,Subcategoría 17,Línea 14,494,27698.25,8.36,UNIDAD,True,2025-04-03
1238,7700000001238,Artículo Retail 01238,Ropa,Subcategoría 9,Línea 7,170,27924.48,1.37,UNIDAD,True,2025-06-30
1239,7700000001239,Artículo Retail 01239,Cuidado personal,Subcategoría 8,Línea 25,144,72152.4,5.54,UNIDAD,True,2025-02-08
1240,7700000001240,Artículo Retail 01240,Cuidado personal,Subcategoría 5,Línea 40,339,5711.92,18.43,UNIDAD,True,2025-09-09
1241,7700000001241,Artículo Retail 01241,Ropa,Subcategoría 12,Línea 35,753,19291.78,2.32,UNIDAD,True,2025-01-14
1242,7700000001242,Artículo Retail 01242,Ropa,Subcategoría 19,Línea 46,330,25478.79,20.73,UNIDAD,True,2025-04-21
1243,7700000001243,Artículo Retail 01243,Cuidado personal,Subcategoría 20,Línea 23,55,12018.39,13.46,UNIDAD,True,2025-09-22
1244,7700000001244,Artículo Retail 01244,Electrónica,Subcategoría 17,Línea 43,713,29693.41,19.35,UNIDAD,True,2025-01-19
1245,7700000001245,Artículo Retail 01245,Electrónica,Subcategoría 17,Línea 44,423,33395.42,5.53,UNIDAD,True,2025-12-12
1246,7700000001246,Artículo Retail 01246,Cuidado personal,Subcategoría 1,Línea 27,606,10527.47,1.54,UNIDAD,True,2025-12-09
1247,7700000001247,Artículo Retail 01247,Bebés,Subcategoría 7,Línea 32,441,3965.98,2.99,UNIDAD,True,2025-08-03
1248,7700000001248,Artículo Retail 01248,Electrónica,Subcategoría 5,Línea 40,685,24982.7,24.93,UNIDAD,True,2025-03-31
1249,7700000001249,Artículo Retail 01249,Bebés,Subcategoría 14,Línea 12,143,58595.54,4.5,UNIDAD,True,2025-04-05
1250,7700000001250,Artículo Retail 01250,Cuidado personal,Subcategoría 16,Línea 32,665,40158.09,27.43,UNIDAD,True,2025-09-04
1251,7700000001251,Artículo Retail 01251,Bebés,Subcategoría 14,Línea 45,681,34910.9,,UNIDAD,True,2025-10-10
1252,7700000001252,Artículo Retail 01252,Bebés,Subcategoría 3,Línea 41,23,8663.77,2.36,UNIDAD,True,2025-07-09
1253,7700000001253,Artículo Retail 01253,Alimentos,Subcategoría 16,Línea 9,561,29721.49,3.72,UNIDAD,True,2025-01-15
1254,7700000001254,Artículo Retail 01254,Cuidado personal,Subcategoría 3,Línea 38,362,15258.12,22.66,UNIDAD,True,2025-03-31
1255,7700000001255,Artículo Retail 01255,Bebés,Subcategoría 3,Línea 45,740,45880.58,,UNIDAD,True,2025-02-17
1256,7700000001256,Artículo Retail 01256,Electrónica,Subcategoría 9,Línea 40,230,50337.59,5.36,UNIDAD,True,2025-03-25
1257,7700000001257,Artículo Retail 01257,Bebés,Subcategoría 8,Línea 10,318,17496.35,25.34,UNIDAD,True,2025-05-30
1258,7700000001258,Artículo Retail 01258,Ropa,Subcategoría 9,Línea 36,513,73053.66,,UNIDAD,True,2025-08-20
1259,7700000001259,Artículo Retail 01259,Ropa,Subcategoría 1,Línea 49,541,17501.37,13.88,UNIDAD,True,2025-01-24
1260,7700000001260,Artículo Retail 01260,Cuidado personal,Subcategoría 13,Línea 40,230,32063.76,5.49,UNIDAD,True,2025-11-06
1261,7700000001261,Artículo Retail 01261,Cuidado personal,Subcategoría 9,Línea 28,215,14234.2,11.81,UNIDAD,True,2025-06-16
1262,7700000001262,Artículo Retail 01262,Bebés,Subcategoría 7,Línea 38,502,6795.05,9.17,UNIDAD,True,2025-09-18
1263,7700000001263,Artículo Retail 01263,Bebés,Subcategoría 14,Línea 29,32,158081.47,25.18,UNIDAD,True,2025-08-04
1264,7700000001264,Artículo Retail 01264,Cuidado personal,Subcategoría 9,Línea 14,550,5445.68,13.74,UNIDAD,True,2025-11-03
1265,7700000001265,Artículo Retail 01265,Alimentos,Subcategoría 7,Línea 12,674,20744.27,24.31,UNIDAD,True,2025-11-08
1266,7700000001266,Artículo Retail 01266,Bebés,Subcategoría 11,Línea 21,649,15967.37,22.13,UNIDAD,True,2025-05-08
1267,7700000001267,Artículo Retail 01267,Electrónica,Subcategoría 8,Línea 21,519,36183.8,15.25,UNIDAD,True,2025-03-20
1268,7700000001268,Artículo Retail 01268,Bebés,Subcategoría 1,Línea 27,584,12767.21,15.67,UNIDAD,True,2025-10-26
1269,7700000001269,Artículo Retail 01269,Cuidado personal,Subcategoría 5,Línea 42,708,8772.24,7.35,UNIDAD,True,2025-09-08
1270,7700000001270,Artículo Retail 01270,Cuidado personal,Subcategoría 8,Línea 21,667,12936.57,5.91,UNIDAD,True,2025-06-02
1271,7700000001271,Artículo Retail 01271,Bebés,Subcategoría 15,Línea 34,21,27741.62,14.48,UNIDAD,True,2025-02-01
1272,7700000001272,Artículo Retail 01272,Cuidado personal,Subcategoría 3,Línea 28,84,8123.02,14.29,UNIDAD,True,2025-08-27
1273,7700000001273,Artículo Retail 01273,Bebés,Subcategoría 10,Línea 28,293,8211.04,24.55,UNIDAD,True,2025-05-22
1274,7700000001274,Artículo Retail 01274,Cuidado personal,Subcategoría 8,Línea 3,450,40803.87,12.15,UNIDAD,True,2025-10-28
1275,7700000001275,Artículo Retail 01275,Bebés,Subcategoría 16,Línea 24,68,21019.18,25.97,UNIDAD,True,2025-07-27
1276,7700000001276,Artículo Retail 01276,Electrónica,Subcategoría 10,Línea 24,414,48931.72,24.58,UNIDAD,True,2025-07-29
1277,7700000001277,Artículo Retail 01277,Electrónica,Subcategoría 11,Línea 36,489,41102.47,18.14,UNIDAD,True,2025-12-04
1278,7700000001278,Artículo Retail 01278,Alimentos,Subcategoría 15,Línea 7,213,36523.75,17.72,UNIDAD,False,2025-01-03
1279,7700000001279,Artículo Retail 01279,Bebés,Subcategoría 19,Línea 17,250,46752.74,18.65,UNIDAD,True,2025-01-19
1280,7700000001280,Artículo Retail 01280,Alimentos,Subcategoría 9,Línea 33,449,71278.69,15.6,UNIDAD,True,2025-03-09
1281,7700000001281,Artículo Retail 01281,Alimentos,Subcategoría 5,Línea 16,406,16277.23,23.63,UNIDAD,True,2025-04-05
1282,7700000001282,Artículo Retail 01282,Alimentos,Subcategoría 3,Línea 18,543,63086.32,9.37,UNIDAD,True,2025-06-27
1283,7700000001283,Artículo Retail 01283,Hogar,Subcategoría 12,Línea 2,116,76894.58,,UNIDAD,True,2025-01-04
1284,7700000001284,Artículo Retail 01284,Bebés,Subcategoría 6,Línea 21,472,53619.94,12.51,UNIDAD,True,2025-11-21
1285,7700000001285,Artículo Retail 01285,Bebés,Subcategoría 9,Línea 13,656,111705.58,22.79,UNIDAD,True,2025-08-19
1286,7700000001286,Artículo Retail 01286,Electrónica,Subcategoría 13,Línea 34,314,54839.14,1.79,UNIDAD,True,2025-01-26
1287,7700000001287,Artículo Retail 01287,Ropa,Subcategoría 18,Línea 10,516,17374.48,8.19,UNIDAD,True,2025-03-28
1288,7700000001288,Artículo Retail 01288,Electrónica,Subcategoría 13,Línea 45,357,8703.87,1.2,UNIDAD,True,2025-06-25
1289,7700000001289,Artículo Retail 01289,Cuidado personal,Subcategoría 9,Línea 22,750,48769.82,3.06,UNIDAD,True,2025-03-03
1290,7700000001290,Artículo Retail 01290,Alimentos,Subcategoría 12,Línea 16,285,48407.22,6.09,UNIDAD,False,2025-05-24
1291,7700000001291,Artículo Retail 01291,Hogar,Subcategoría 4,Línea 13,590,2673.9,,UNIDAD,True,2025-10-12
1292,7700000001292,Artículo Retail 01292,Ropa,Subcategoría 1,Línea 3,787,15760.64,29.94,UNIDAD,True,2025-05-28
1293,7700000001293,Artículo Retail 01293,Cuidado personal,Subcategoría 8,Línea 36,303,16969.21,3.16,UNIDAD,True,2025-09-13
1294,7700000001294,Artículo Retail 01294,Bebés,Subcategoría 10,Línea 45,628,18898.16,25.18,UNIDAD,True,2025-09-17
1295,7700000001295,Artículo Retail 01295,Cuidado personal,Subcategoría 11,Línea 36,354,30319.17,7.6,UNIDAD,True,2025-09-06
1296,7700000001296,Artículo Retail 01296,Hogar,Subcategoría 13,Línea 16,16,63705.98,7.57,UNIDAD,True,2025-03-02
1297,7700000001297,Artículo Retail 01297,Cuidado personal,Subcategoría 3,Línea 35,420,17241.69,10.46,UNIDAD,True,2025-10-26
1298,7700000001298,Artículo Retail 01298,Alimentos,Subcategoría 2,Línea 25,477,43530.83,8.44,UNIDAD,True,2025-02-20
1299,7700000001299,Artículo Retail 01299,Ropa,Subcategoría 4,Línea 1,787,7126.33,9.99,UNIDAD,True,2025-12-18
1300,7700000001300,Artículo Retail 01300,Bebés,Subcategoría 3,Línea 50,799,17191.76,25.7,UNIDAD,True,2025-05-26
1301,7700000001301,Artículo Retail 01301,Cuidado personal,Subcategoría 1,Línea 45,84,32237.72,27.98,UNIDAD,True,2025-11-13
1302,7700000001302,Artículo Retail 01302,Ropa,Subcategoría 13,Línea 34,700,20551.89,5.6,UNIDAD,True,2025-08-20
1303,7700000001303,Artículo Retail 01303,Alimentos,Subcategoría 1,Línea 16,397,90956.31,14.23,UNIDAD,True,2025-07-14
1304,7700000001304,Artículo Retail 01304,Electrónica,Subcategoría 13,Línea 5,156,35333.19,1.76,UNIDAD,True,2025-02-21
1305,7700000001305,Artículo Retail 01305,Electrónica,Subcategoría 18,Línea 6,73,27548.4,18.35,UNIDAD,True,2025-08-26
1306,7700000001306,Artículo Retail 01306,Bebés,Subcategoría 7,Línea 40,242,26037.1,25.04,UNIDAD,True,2025-12-02
1307,7700000001307,Artículo Retail 01307,Alimentos,Subcategoría 14,Línea 49,31,6913.36,16.22,UNIDAD,True,2025-06-02
1308,7700000001308,Artículo Retail 01308,Bebés,Subcategoría 5,Línea 14,788,25011.73,6.66,UNIDAD,True,2025-09-01
1309,7700000001309,Artículo Retail 01309,Electrónica,Subcategoría 14,Línea 49,692,35845.25,3.6,UNIDAD,True,2025-04-28
1310,7700000001310,Artículo Retail 01310,Bebés,Subcategoría 11,Línea 16,485,28792.64,14.42,UNIDAD,True,2025-09-06
1311,7700000001311,Artículo Retail 01311,Alimentos,Subcategoría 6,Línea 37,107,29777.86,21.24,UNIDAD,True,2025-08-18
1312,7700000001312,Artículo Retail 01312,Ropa,Subcategoría 4,Línea 3,380,32198.59,28.14,UNIDAD,True,2025-07-18
1313,7700000001313,Artículo Retail 01313,Alimentos,Subcategoría 20,Línea 14,144,42058.99,5.61,UNIDAD,True,2025-07-13
1314,7700000001314,Artículo Retail 01314,Hogar,Subcategoría 8,Línea 38,341,13848.03,16.2,UNIDAD,True,2025-08-16
1315,7700000001315,Artículo Retail 01315,Ropa,Subcategoría 14,Línea 29,147,14228.57,14.16,UNIDAD,True,2025-09-15
1316,7700000001316,Artículo Retail 01316,Cuidado personal,Subcategoría 12,Línea 8,245,32523.83,11.65,UNIDAD,True,2025-06-03
1317,7700000001317,Artículo Retail 01317,Cuidado personal,Subcategoría 6,Línea 42,308,1622.05,20.98,UNIDAD,True,2025-05-30
1318,7700000001318,Artículo Retail 01318,Cuidado personal,Subcategoría 13,Línea 47,206,23758.21,10.47,UNIDAD,True,2025-01-12
1319,7700000001319,Artículo Retail 01319,Bebés,Subcategoría 3,Línea 23,419,18421.77,10.75,UNIDAD,True,2025-10-09
1320,7700000001320,Artículo Retail 01320,Electrónica,Subcategoría 4,Línea 24,426,13033.54,10.61,UNIDAD,True,2025-12-03
1321,7700000001321,Artículo Retail 01321,Alimentos,Subcategoría 17,Línea 12,369,2350.11,2.63,UNIDAD,True,2025-06-27
1322,7700000001322,Artículo Retail 01322,Alimentos,Subcategoría 16,Línea 28,378,128320.03,7.99,UNIDAD,True,2025-04-09
1323,7700000001323,Artículo Retail 01323,Electrónica,Subcategoría 4,Línea 14,649,8047.54,21.11,UNIDAD,True,2025-12-16
1324,7700000001324,Artículo Retail 01324,Hogar,Subcategoría 9,Línea 14,675,2018.19,26.62,UNIDAD,True,2025-12-20
1325,7700000001325,Artículo Retail 01325,Cuidado personal,Subcategoría 7,Línea 4,250,34837.09,5.79,UNIDAD,True,2025-10-27
1326,7700000001326,Artículo Retail 01326,Ropa,Subcategoría 20,Línea 9,769,26750.01,19.55,UNIDAD,True,2025-12-15
1327,7700000001327,Artículo Retail 01327,Cuidado personal,Subcategoría 15,Línea 11,716,71028.2,29.7,UNIDAD,True,2025-03-18
1328,7700000001328,Artículo Retail 01328,Alimentos,Subcategoría 1,Línea 5,28,23702.78,20.14,UNIDAD,True,2025-09-04
1329,7700000001329,Artículo Retail 01329,Cuidado personal,Subcategoría 13,Línea 43,398,30409.58,14.6,UNIDAD,True,2025-10-30
1330,7700000001330,Artículo Retail 01330,Cuidado personal,Subcategoría 13,Línea 31,656,5619.35,17.37,UNIDAD,True,2025-12-24
1331,7700000001331,Artículo Retail 01331,Hogar,Subcategoría 12,Línea 5,126,15486.98,1.61,UNIDAD,True,2025-05-13
1332,7700000001332,Artículo Retail 01332,Bebés,Subcategoría 3,Línea 2,349,16594.63,8.3,UNIDAD,True,2025-04-20
1333,7700000001333,Artículo Retail 01333,Ropa,Subcategoría 19,Línea 40,322,15174.12,11.76,UNIDAD,True,2025-07-14
1334,7700000001334,Artículo Retail 01334,Ropa,Subcategoría 19,Línea 49,260,13293.42,18.14,UNIDAD,True,2025-12-02
1335,7700000001335,Artículo Retail 01335,Ropa,Subcategoría 11,Línea 9,470,35868.52,3.27,UNIDAD,True,2025-06-22
1336,7700000001336,Artículo Retail 01336,Bebés,Subcategoría 17,Línea 26,373,5027.26,28.07,UNIDAD,True,2025-05-15
1337,7700000001337,Artículo Retail 01337,Ropa,Subcategoría 5,Línea 42,39,21579.57,14.97,UNIDAD,True,2025-11-18
1338,7700000001338,Artículo Retail 01338,Cuidado personal,Subcategoría 8,Línea 23,284,174008.38,24.11,UNIDAD,True,2025-12-28
1339,7700000001339,Artículo Retail 01339,Cuidado personal,Subcategoría 1,Línea 35,377,24908.3,21.37,UNIDAD,True,2025-09-06
1340,7700000001340,Artículo Retail 01340,Bebés,Subcategoría 1,Línea 11,542,9550.41,,UNIDAD,True,2025-06-18
1341,7700000001341,Artículo Retail 01341,Electrónica,Subcategoría 3,Línea 28,646,242447.85,27.1,UNIDAD,True,2025-01-04
1342,7700000001342,Artículo Retail 01342,Alimentos,Subcategoría 17,Línea 5,530,23738.63,12.52,UNIDAD,True,2025-07-17
1343,7700000001343,Artículo Retail 01343,Hogar,Subcategoría 11,Línea 20,82,18846.36,25.11,UNIDAD,True,2025-02-17
1344,7700000001344,Artículo Retail 01344,Ropa,Subcategoría 1,Línea 33,681,28576.25,23.56,UNIDAD,True,2025-12-09
1345,7700000001345,Artículo Retail 01345,Electrónica,Subcategoría 15,Línea 47,791,12531.28,23.53,UNIDAD,True,2025-06-20
1346,7700000001346,Artículo Retail 01346,Ropa,Subcategoría 10,Línea 19,67,48532.65,15.4,UNIDAD,True,2025-10-23
1347,7700000001347,Artículo Retail 01347,Electrónica,Subcategoría 9,Línea 38,53,7812.91,26.28,UNIDAD,True,2025-06-21
1348,7700000001348,Artículo Retail 01348,Bebés,Subcategoría 15,Línea 10,321,8124.61,11.14,UNIDAD,True,2025-05-12
1349,7700000001349,Artículo Retail 01349,Bebés,Subcategoría 16,Línea 20,166,188212.31,18.37,UNIDAD,True,2025-04-11
1350,7700000001350,Artículo Retail 01350,Ropa,Subcategoría 20,Línea 27,176,80295.59,6.29,UNIDAD,True,2025-07-10
1351,7700000001351,Artículo Retail 01351,Ropa,Subcategoría 14,Línea 21,485,18565.8,23.6,UNIDAD,True,2025-08-22
1352,7700000001352,Artículo Retail 01352,Ropa,Subcategoría 10,Línea 3,28,18721.07,9.3,UNIDAD,True,2025-08-16
1353,7700000001353,Artículo Retail 01353,Hogar,Subcategoría 8,Línea 33,405,7740.75,26.15,UNIDAD,True,2025-01-05
1354,7700000001354,Artículo Retail 01354,Bebés,Subcategoría 1,Línea 34,55,19258.67,5.82,UNIDAD,True,2025-08-01
1355,7700000001355,Artículo Retail 01355,Bebés,Subcategoría 14,Línea 18,205,48953.59,1.47,UNIDAD,True,2025-03-31
1356,7700000001356,Artículo Retail 01356,Alimentos,Subcategoría 7,Línea 22,144,14373.94,23.35,UNIDAD,True,2025-01-06
1357,7700000001357,Artículo Retail 01357,Cuidado personal,Subcategoría 6,Línea 3,675,29561.56,,UNIDAD,True,2025-08-24
1358,7700000001358,Artículo Retail 01358,Hogar,Subcategoría 14,Línea 12,392,29461.98,16.95,UNIDAD,True,2025-04-01
1359,7700000001359,Artículo Retail 01359,Bebés,Subcategoría 12,Línea 22,558,33469.44,0.2,UNIDAD,True,2025-11-14
1360,7700000001360,Artículo Retail 01360,Bebés,Subcategoría 19,Línea 15,739,75638.37,24.89,UNIDAD,True,2025-06-16
1361,7700000001361,Artículo Retail 01361,Hogar,Subcategoría 10,Línea 33,686,3302.16,9.4,UNIDAD,True,2025-01-01
1362,7700000001362,Artículo Retail 01362,Hogar,Subcategoría 15,Línea 40,464,15118.03,14.46,UNIDAD,True,2025-05-03
1363,7700000001363,Artículo Retail 01363,Hogar,Subcategoría 10,Línea 26,677,35901.4,27.48,UNIDAD,True,2025-11-21
1364,7700000001364,Artículo Retail 01364,Hogar,Subcategoría 17,Línea 41,717,4426.51,17.65,UNIDAD,True,2025-12-13
1365,7700000001365,Artículo Retail 01365,Hogar,Subcategoría 14,Línea 9,306,20414.81,0.88,UNIDAD,True,2025-07-21
1366,7700000001366,Artículo Retail 01366,Bebés,Subcategoría 17,Línea 40,44,7908.28,23.77,UNIDAD,True,2025-05-20
1367,7700000001367,Artículo Retail 01367,Cuidado personal,Subcategoría 15,Línea 22,645,98020.41,19.79,UNIDAD,True,2025-04-15
1368,7700000001368,Artículo Retail 01368,Bebés,Subcategoría 5,Línea 47,236,2514.09,14.86,UNIDAD,True,2025-07-23
1369,7700000001369,Artículo Retail 01369,Bebés,Subcategoría 3,Línea 24,299,168051.07,29.5,UNIDAD,True,2025-08-23
1370,7700000001370,Artículo Retail 01370,Bebés,Subcategoría 17,Línea 23,251,67781.89,29.33,UNIDAD,True,2025-11-02
1371,7700000001371,Artículo Retail 01371,Alimentos,Subcategoría 19,Línea 50,208,18685.44,23.89,UNIDAD,True,2025-02-26
1372,7700000001372,Artículo Retail 01372,Alimentos,Subcategoría 16,Línea 10,4,63727.8,6.94,UNIDAD,True,2025-08-29
1373,7700000001373,Artículo Retail 01373,Electrónica,Subcategoría 11,Línea 2,198,10353.69,13.3,UNIDAD,True,2025-02-20
1374,7700000001374,Artículo Retail 01374,Hogar,Subcategoría 9,Línea 30,399,30056.95,3.35,UNIDAD,True,2025-04-06
1375,7700000001375,Artículo Retail 01375,Alimentos,Subcategoría 4,Línea 45,603,34215.54,,UNIDAD,True,2025-10-10
1376,7700000001376,Artículo Retail 01376,Cuidado personal,Subcategoría 14,Línea 50,123,15425.43,16.84,UNIDAD,True,2025-12-28
1377,7700000001377,Artículo Retail 01377,Hogar,Subcategoría 9,Línea 30,608,28106.73,5.12,UNIDAD,True,2025-06-23
1378,7700000001378,Artículo Retail 01378,Ropa,Subcategoría 10,Línea 2,502,12309.71,7.53,UNIDAD,False,2025-10-06
1379,7700000001379,Artículo Retail 01379,Cuidado personal,Subcategoría 7,Línea 31,337,122746.87,,UNIDAD,True,2025-12-21
1380,7700000001380,Artículo Retail 01380,Bebés,Subcategoría 2,Línea 18,539,18054.33,,UNIDAD,True,2025-12-02
1381,7700000001381,Artículo Retail 01381,Electrónica,Subcategoría 8,Línea 38,350,42425.46,13.04,UNIDAD,True,2025-04-08
1382,7700000001382,Artículo Retail 01382,Ropa,Subcategoría 11,Línea 47,95,74713.37,19.54,UNIDAD,True,2025-01-16
1383,7700000001383,Artículo Retail 01383,Hogar,Subcategoría 10,Línea 18,12,11861.04,19.55,UNIDAD,True,2025-02-28
1384,7700000001384,Artículo Retail 01384,Ropa,Subcategoría 12,Línea 22,670,82443.35,19.18,UNIDAD,True,2025-10-07
1385,7700000001385,Artículo Retail 01385,Cuidado personal,Subcategoría 2,Línea 47,566,27193.81,22.64,UNIDAD,True,2025-08-26
1386,7700000001386,Artículo Retail 01386,Cuidado personal,Subcategoría 16,Línea 48,473,57478.16,12.78,UNIDAD,True,2025-09-14
1387,7700000001387,Artículo Retail 01387,Cuidado personal,Subcategoría 2,Línea 3,83,19927.64,11.21,UNIDAD,True,2025-04-24
1388,7700000001388,Artículo Retail 01388,Hogar,Subcategoría 14,Línea 4,21,17162.26,24.95,UNIDAD,True,2025-01-06
1389,7700000001389,Artículo Retail 01389,Cuidado personal,Subcategoría 8,Línea 27,206,14536.3,14.05,UNIDAD,True,2025-11-30
1390,7700000001390,Artículo Retail 01390,Cuidado personal,Subcategoría 10,Línea 19,751,124594.42,29.67,UNIDAD,True,2025-05-20
1391,7700000001391,Artículo Retail 01391,Electrónica,Subcategoría 8,Línea 40,262,33965.68,0.3,UNIDAD,True,2025-09-09
1392,7700000001392,Artículo Retail 01392,Ropa,Subcategoría 14,Línea 18,251,10936.75,10.04,UNIDAD,True,2025-02-13
1393,7700000001393,Artículo Retail 01393,Bebés,Subcategoría 14,Línea 40,354,31166.13,3.44,UNIDAD,True,2025-09-01
1394,7700000001394,Artículo Retail 01394,Alimentos,Subcategoría 14,Línea 9,648,5169.75,16.01,UNIDAD,True,2025-06-19
1395,7700000001395,Artículo Retail 01395,Alimentos,Subcategoría 17,Línea 18,199,41088.88,3.32,UNIDAD,True,2025-05-30
1396,7700000001396,Artículo Retail 01396,Electrónica,Subcategoría 2,Línea 11,313,33745.66,11.48,UNIDAD,True,2025-10-11
1397,7700000001397,Artículo Retail 01397,Alimentos,Subcategoría 2,Línea 3,118,24811.69,17.75,UNIDAD,True,2025-10-19
1398,7700000001398,Artículo Retail 01398,Alimentos,Subcategoría 18,Línea 22,52,77721.09,8.17,UNIDAD,True,2025-03-08
1399,7700000001399,Artículo Retail 01399,Electrónica,Subcategoría 13,Línea 6,16,34651.67,24.77,UNIDAD,True,2025-02-13
1400,7700000001400,Artículo Retail 01400,Bebés,Subcategoría 2,Línea 38,540,7951.1,5.56,UNIDAD,True,2025-11-07
1401,7700000001401,Artículo Retail 01401,Electrónica,Subcategoría 19,Línea 11,795,21302.25,5.95,UNIDAD,True,2025-11-19
1402,7700000001402,Artículo Retail 01402,Hogar,Subcategoría 14,Línea 39,685,15882.52,5.98,UNIDAD,True,2025-08-23
1403,7700000001403,Artículo Retail 01403,Electrónica,Subcategoría 1,Línea 36,563,39647.17,19.29,UNIDAD,True,2025-10-01
1404,7700000001404,Artículo Retail 01404,Bebés,Subcategoría 3,Línea 47,329,18355.72,22.39,UNIDAD,True,2025-08-21
1405,7700000001405,Artículo Retail 01405,Cuidado personal,Subcategoría 20,Línea 41,162,35418.36,7.09,UNIDAD,True,2025-11-09
1406,7700000001406,Artículo Retail 01406,Bebés,Subcategoría 1,Línea 19,723,6931.51,6.37,UNIDAD,False,2025-11-22
1407,7700000001407,Artículo Retail 01407,Ropa,Subcategoría 15,Línea 40,481,21266.36,6.17,UNIDAD,True,2025-04-11
1408,7700000001408,Artículo Retail 01408,Electrónica,Subcategoría 17,Línea 49,518,8587.01,12.51,UNIDAD,True,2025-07-22
1409,7700000001409,Artículo Retail 01409,Bebés,Subcategoría 17,Línea 28,289,74513.21,28.47,UNIDAD,True,2025-03-05
1410,7700000001410,Artículo Retail 01410,Bebés,Subcategoría 6,Línea 9,279,34436.57,0.78,UNIDAD,True,2025-06-19
1411,7700000001411,Artículo Retail 01411,Bebés,Subcategoría 19,Línea 45,28,302920.62,10.3,UNIDAD,True,2025-08-06
1412,7700000001412,Artículo Retail 01412,Electrónica,Subcategoría 9,Línea 17,503,32964.51,3.3,UNIDAD,True,2025-09-05
1413,7700000001413,Artículo Retail 01413,Hogar,Subcategoría 4,Línea 36,691,19638.25,9.77,UNIDAD,True,2025-12-16
1414,7700000001414,Artículo Retail 01414,Bebés,Subcategoría 10,Línea 22,620,14987.29,9.89,UNIDAD,True,2025-09-26
1415,7700000001415,Artículo Retail 01415,Cuidado personal,Subcategoría 3,Línea 21,198,176293.32,,UNIDAD,True,2025-03-29
1416,7700000001416,Artículo Retail 01416,Cuidado personal,Subcategoría 12,Línea 34,170,5337.57,20.1,UNIDAD,True,2025-09-25
1417,7700000001417,Artículo Retail 01417,Hogar,Subcategoría 6,Línea 29,798,10003.83,17.26,UNIDAD,True,2025-02-04
1418,7700000001418,Artículo Retail 01418,Ropa,Subcategoría 16,Línea 36,118,18060.93,17.67,UNIDAD,True,2025-10-23
1419,7700000001419,Artículo Retail 01419,Electrónica,Subcategoría 3,Línea 26,696,9177.08,11.31,UNIDAD,True,2025-05-31
1420,7700000001420,Artículo Retail 01420,Hogar,Subcategoría 9,Línea 3,35,48329.27,29.35,UNIDAD,True,2025-02-10
1421,7700000001421,Artículo Retail 01421,Bebés,Subcategoría 16,Línea 32,568,8882.53,24.43,UNIDAD,True,2025-01-29
1422,7700000001422,Artículo Retail 01422,Cuidado personal,Subcategoría 12,Línea 36,467,97155.17,,UNIDAD,True,2025-01-07
1423,7700000001423,Artículo Retail 01423,Alimentos,Subcategoría 15,Línea 11,334,16680.22,16.32,UNIDAD,True,2025-03-29
1424,7700000001424,Artículo Retail 01424,Alimentos,Subcategoría 5,Línea 37,485,11192.58,19.37,UNIDAD,True,2025-11-24
1425,7700000001425,Artículo Retail 01425,Electrónica,Subcategoría 8,Línea 3,534,77261.54,13.22,UNIDAD,True,2025-07-03
1426,7700000001426,Artículo Retail 01426,Electrónica,Subcategoría 8,Línea 11,423,35005.05,23.2,UNIDAD,True,2025-06-03
1427,7700000001427,Artículo Retail 01427,Alimentos,Subcategoría 6,Línea 17,87,83610.06,25.67,UNIDAD,True,2025-02-17
1428,7700000001428,Artículo Retail 01428,Bebés,Subcategoría 10,Línea 1,278,14722.46,11.27,UNIDAD,True,2025-09-26
1429,7700000001429,Artículo Retail 01429,Alimentos,Subcategoría 6,Línea 37,419,51118.4,23.59,UNIDAD,True,2025-07-31
1430,7700000001430,Artículo Retail 01430,Cuidado personal,Subcategoría 18,Línea 5,302,3554.03,10.12,UNIDAD,True,2025-06-29
1431,7700000001431,Artículo Retail 01431,Cuidado personal,Subcategoría 1,Línea 15,413,9333.27,23.44,UNIDAD,True,2025-01-29
1432,7700000001432,Artículo Retail 01432,Bebés,Subcategoría 15,Línea 45,478,3089.2,10.65,UNIDAD,True,2025-12-17
1433,7700000001433,Artículo Retail 01433,Alimentos,Subcategoría 8,Línea 8,312,2728.41,21.97,UNIDAD,True,2025-11-27
1434,7700000001434,Artículo Retail 01434,Bebés,Subcategoría 1,Línea 11,747,21200.61,9.86,UNIDAD,True,2025-01-19
1435,7700000001435,Artículo Retail 01435,Bebés,Subcategoría 20,Línea 18,339,28628.26,3.97,UNIDAD,True,2025-04-03
1436,7700000001436,Artículo Retail 01436,Hogar,Subcategoría 10,Línea 43,194,44890.07,11.13,UNIDAD,True,2025-10-22
1437,7700000001437,Artículo Retail 01437,Cuidado personal,Subcategoría 1,Línea 1,373,35240.88,1.63,UNIDAD,True,2025-05-03
1438,7700000001438,Artículo Retail 01438,Alimentos,Subcategoría 11,Línea 25,607,18225.32,,UNIDAD,True,2025-02-13
1439,7700000001439,Artículo Retail 01439,Bebés,Subcategoría 4,Línea 16,602,41598.56,21.19,UNIDAD,True,2025-11-15
1440,7700000001440,Artículo Retail 01440,Electrónica,Subcategoría 9,Línea 34,432,45169.8,4.29,UNIDAD,True,2025-06-27
1441,7700000001441,Artículo Retail 01441,Cuidado personal,Subcategoría 4,Línea 46,83,7390.8,27.21,UNIDAD,True,2025-10-24
1442,7700000001442,Artículo Retail 01442,Bebés,Subcategoría 20,Línea 14,413,41195.01,,UNIDAD,True,2025-01-19
1443,7700000001443,Artículo Retail 01443,Cuidado personal,Subcategoría 11,Línea 14,348,8806.94,8.77,UNIDAD,True,2025-07-17
1444,7700000001444,Artículo Retail 01444,Electrónica,Subcategoría 5,Línea 47,15,9573.72,23.37,UNIDAD,True,2025-09-22
1445,7700000001445,Artículo Retail 01445,Bebés,Subcategoría 20,Línea 45,531,57099.3,22.69,UNIDAD,True,2025-12-30
1446,7700000001446,Artículo Retail 01446,Electrónica,Subcategoría 5,Línea 3,484,11569.87,8.59,UNIDAD,True,2025-12-19
1447,7700000001447,Artículo Retail 01447,Ropa,Subcategoría 5,Línea 44,708,20599.29,25.69,UNIDAD,True,2025-12-19
1448,7700000001448,Artículo Retail 01448,Bebés,Subcategoría 11,Línea 6,679,6617.19,16.36,UNIDAD,True,2025-06-02
1449,7700000001449,Artículo Retail 01449,Bebés,Subcategoría 10,Línea 31,475,42799.72,8.24,UNIDAD,True,2025-06-07
1450,7700000001450,Artículo Retail 01450,Ropa,Subcategoría 3,Línea 44,417,48912.1,16.86,UNIDAD,True,2025-08-28
1451,7700000001451,Artículo Retail 01451,Ropa,Subcategoría 5,Línea 20,40,15396.0,7.32,UNIDAD,True,2025-09-05
1452,7700000001452,Artículo Retail 01452,Hogar,Subcategoría 13,Línea 6,705,4547.34,9.52,UNIDAD,True,2025-04-17
1453,7700000001453,Artículo Retail 01453,Cuidado personal,Subcategoría 14,Línea 37,515,93409.02,1.17,UNIDAD,True,2025-04-10
1454,7700000001454,Artículo Retail 01454,Alimentos,Subcategoría 11,Línea 48,84,66700.8,20.55,UNIDAD,True,2025-03-29
1455,7700000001455,Artículo Retail 01455,Hogar,Subcategoría 4,Línea 33,643,8921.07,19.86,UNIDAD,True,2025-10-31
1456,7700000001456,Artículo Retail 01456,Bebés,Subcategoría 12,Línea 20,682,12397.43,29.27,UNIDAD,True,2025-12-14
1457,7700000001457,Artículo Retail 01457,Alimentos,Subcategoría 12,Línea 16,441,6497.75,28.42,UNIDAD,False,2025-03-29
1458,7700000001458,Artículo Retail 01458,Hogar,Subcategoría 2,Línea 41,427,11844.52,7.75,UNIDAD,True,2025-05-25
1459,7700000001459,Artículo Retail 01459,Cuidado personal,Subcategoría 4,Línea 38,214,14106.67,13.17,UNIDAD,True,2025-04-25
1460,7700000001460,Artículo Retail 01460,Electrónica,Subcategoría 10,Línea 28,261,22924.68,10.35,UNIDAD,True,2025-07-16
1461,7700000001461,Artículo Retail 01461,Bebés,Subcategoría 3,Línea 4,173,15245.66,12.8,UNIDAD,True,2025-03-27
1462,7700000001462,Artículo Retail 01462,Electrónica,Subcategoría 18,Línea 45,53,12070.11,1.07,UNIDAD,True,2025-11-12
1463,7700000001463,Artículo Retail 01463,Hogar,Subcategoría 11,Línea 18,704,5240.31,28.41,UNIDAD,True,2025-01-30
1464,7700000001464,Artículo Retail 01464,Electrónica,Subcategoría 14,Línea 6,109,5642.32,23.27,UNIDAD,True,2025-07-02
1465,7700000001465,Artículo Retail 01465,Cuidado personal,Subcategoría 17,Línea 34,38,41796.85,5.75,UNIDAD,True,2025-11-26
1466,7700000001466,Artículo Retail 01466,Alimentos,Subcategoría 7,Línea 3,469,31853.2,,UNIDAD,True,2025-11-03
1467,7700000001467,Artículo Retail 01467,Alimentos,Subcategoría 2,Línea 27,258,57470.07,9.04,UNIDAD,True,2025-04-01
1468,7700000001468,Artículo Retail 01468,Hogar,Subcategoría 3,Línea 47,718,6613.66,4.33,UNIDAD,True,2025-03-06
1469,7700000001469,Artículo Retail 01469,Electrónica,Subcategoría 9,Línea 32,76,15182.8,22.45,UNIDAD,True,2025-11-01
1470,7700000001470,Artículo Retail 01470,Electrónica,Subcategoría 7,Línea 43,464,12160.62,6.73,UNIDAD,True,2025-08-06
1471,7700000001471,Artículo Retail 01471,Hogar,Subcategoría 17,Línea 22,412,13958.5,20.41,UNIDAD,True,2025-10-23
1472,7700000001472,Artículo Retail 01472,Electrónica,Subcategoría 19,Línea 20,312,36209.68,4.26,UNIDAD,True,2025-06-30
1473,7700000001473,Artículo Retail 01473,Bebés,Subcategoría 10,Línea 46,769,51722.02,21.01,UNIDAD,True,2025-12-21
1474,7700000001474,Artículo Retail 01474,Hogar,Subcategoría 4,Línea 6,520,18316.87,21.99,UNIDAD,True,2025-09-10
1475,7700000001475,Artículo Retail 01475,Cuidado personal,Subcategoría 2,Línea 35,793,50026.8,8.63,UNIDAD,True,2025-11-11
1476,7700000001476,Artículo Retail 01476,Ropa,Subcategoría 13,Línea 9,27,49759.26,26.31,UNIDAD,True,2025-07-17
1477,7700000001477,Artículo Retail 01477,Cuidado personal,Subcategoría 5,Línea 46,9,81327.28,1.96,UNIDAD,True,2025-12-13
1478,7700000001478,Artículo Retail 01478,Alimentos,Subcategoría 6,Línea 1,388,22420.52,15.77,UNIDAD,True,2025-07-11
1479,7700000001479,Artículo Retail 01479,Alimentos,Subcategoría 20,Línea 9,199,21388.4,7.76,UNIDAD,True,2025-11-19
1480,7700000001480,Artículo Retail 01480,Alimentos,Subcategoría 17,Línea 43,144,7725.16,8.63,UNIDAD,True,2025-10-07
1481,7700000001481,Artículo Retail 01481,Electrónica,Subcategoría 13,Línea 41,134,7965.73,1.47,UNIDAD,True,2025-03-20
1482,7700000001482,Artículo Retail 01482,Alimentos,Subcategoría 9,Línea 26,134,111764.95,,UNIDAD,True,2025-09-16
1483,7700000001483,Artículo Retail 01483,Bebés,Subcategoría 14,Línea 23,474,7717.04,22.84,UNIDAD,True,2025-12-14
1484,7700000001484,Artículo Retail 01484,Hogar,Subcategoría 5,Línea 33,223,24171.69,13.43,UNIDAD,True,2025-08-16
1485,7700000001485,Artículo Retail 01485,Cuidado personal,Subcategoría 13,Línea 16,21,55848.03,17.1,UNIDAD,True,2025-08-16
1486,7700000001486,Artículo Retail 01486,Cuidado personal,Subcategoría 3,Línea 3,205,32369.78,3.82,UNIDAD,False,2025-01-25
1487,7700000001487,Artículo Retail 01487,Bebés,Subcategoría 1,Línea 21,620,11709.68,9.34,UNIDAD,True,2025-01-16
1488,7700000001488,Artículo Retail 01488,Hogar,Subcategoría 18,Línea 28,132,46182.87,18.89,UNIDAD,True,2025-05-02
1489,7700000001489,Artículo Retail 01489,Bebés,Subcategoría 7,Línea 3,223,21489.99,18.12,UNIDAD,True,2025-06-07
1490,7700000001490,Artículo Retail 01490,Bebés,Subcategoría 8,Línea 16,422,27649.07,25.72,UNIDAD,True,2025-01-31
1491,7700000001491,Artículo Retail 01491,Ropa,Subcategoría 18,Línea 12,290,23193.71,17.08,UNIDAD,True,2025-11-28
1492,7700000001492,Artículo Retail 01492,Cuidado personal,Subcategoría 7,Línea 6,777,7697.08,5.77,UNIDAD,True,2025-06-19
1493,7700000001493,Artículo Retail 01493,Hogar,Subcategoría 15,Línea 26,109,90362.33,23.05,UNIDAD,True,2025-06-18
1494,7700000001494,Artículo Retail 01494,Hogar,Subcategoría 10,Línea 8,352,35454.55,,UNIDAD,True,2025-08-03
1495,7700000001495,Artículo Retail 01495,Hogar,Subcategoría 3,Línea 2,35,22783.22,22.55,UNIDAD,True,2025-10-30
1496,7700000001496,Artículo Retail 01496,Alimentos,Subcategoría 10,Línea 10,77,16230.12,29.5,UNIDAD,True,2025-06-28
1497,7700000001497,Artículo Retail 01497,Hogar,Subcategoría 14,Línea 28,351,10874.58,9.99,UNIDAD,True,2025-04-18
1498,7700000001498,Artículo Retail 01498,Electrónica,Subcategoría 20,Línea 1,735,26896.47,8.59,UNIDAD,True,2025-04-17
1499,7700000001499,Artículo Retail 01499,Hogar,Subcategoría 2,Línea 14,700,63361.28,27.83,UNIDAD,True,2025-06-04
1500,7700000001500,Artículo Retail 01500,Hogar,Subcategoría 11,Línea 31,443,188259.22,19.77,UNIDAD,True,2025-03-09
1501,7700000001501,Artículo Retail 01501,Hogar,Subcategoría 3,Línea 31,601,20277.31,7.95,UNIDAD,True,2025-05-12
1502,7700000001502,Artículo Retail 01502,Electrónica,Subcategoría 7,Línea 4,248,5641.23,22.31,UNIDAD,True,2025-04-18
1503,7700000001503,Artículo Retail 01503,Alimentos,Subcategoría 18,Línea 44,411,23300.01,4.09,UNIDAD,True,2025-03-21
1504,7700000001504,Artículo Retail 01504,Bebés,Subcategoría 6,Línea 15,27,11817.19,2.33,UNIDAD,True,2025-08-14
1505,7700000001505,Artículo Retail 01505,Bebés,Subcategoría 12,Línea 4,202,18044.11,27.04,UNIDAD,True,2025-10-29
1506,7700000001506,Artículo Retail 01506,Alimentos,Subcategoría 10,Línea 45,541,12875.14,17.23,UNIDAD,True,2025-03-31
1507,7700000001507,Artículo Retail 01507,Bebés,Subcategoría 13,Línea 7,173,9291.75,28.78,UNIDAD,True,2025-09-17
1508,7700000001508,Artículo Retail 01508,Ropa,Subcategoría 13,Línea 12,440,4857.44,0.19,UNIDAD,True,2025-09-04
1509,7700000001509,Artículo Retail 01509,Ropa,Subcategoría 14,Línea 17,517,13258.35,25.22,UNIDAD,True,2025-07-06
1510,7700000001510,Artículo Retail 01510,Hogar,Subcategoría 3,Línea 33,140,17257.54,21.53,UNIDAD,True,2025-11-03
1511,7700000001511,Artículo Retail 01511,Cuidado personal,Subcategoría 14,Línea 36,538,7039.48,13.34,UNIDAD,True,2025-06-13
1512,7700000001512,Artículo Retail 01512,Cuidado personal,Subcategoría 6,Línea 4,289,106051.86,8.53,UNIDAD,True,2025-05-31
1513,7700000001513,Artículo Retail 01513,Bebés,Subcategoría 17,Línea 18,364,24114.01,29.77,UNIDAD,True,2025-01-22
1514,7700000001514,Artículo Retail 01514,Ropa,Subcategoría 10,Línea 46,188,48289.62,5.32,UNIDAD,True,2025-03-17
1515,7700000001515,Artículo Retail 01515,Cuidado personal,Subcategoría 12,Línea 13,101,5358.02,25.3,UNIDAD,True,2025-06-14
1516,7700000001516,Artículo Retail 01516,Bebés,Subcategoría 15,Línea 8,780,28042.9,10.72,UNIDAD,True,2025-11-17
1517,7700000001517,Artículo Retail 01517,Electrónica,Subcategoría 13,Línea 30,609,11170.16,20.32,UNIDAD,True,2025-08-24
1518,7700000001518,Artículo Retail 01518,Hogar,Subcategoría 9,Línea 5,469,182155.54,28.07,UNIDAD,True,2025-01-01
1519,7700000001519,Artículo Retail 01519,Alimentos,Subcategoría 5,Línea 27,217,15908.28,0.67,UNIDAD,True,2025-02-27
1520,7700000001520,Artículo Retail 01520,Cuidado personal,Subcategoría 3,Línea 29,775,8494.98,23.01,UNIDAD,True,2025-01-13
1521,7700000001521,Artículo Retail 01521,Cuidado personal,Subcategoría 18,Línea 23,367,20601.74,20.46,UNIDAD,True,2025-03-14
1522,7700000001522,Artículo Retail 01522,Cuidado personal,Subcategoría 11,Línea 33,663,29064.25,11.03,UNIDAD,True,2025-11-26
1523,7700000001523,Artículo Retail 01523,Cuidado personal,Subcategoría 3,Línea 6,51,29753.62,0.88,UNIDAD,True,2025-06-03
1524,7700000001524,Artículo Retail 01524,Alimentos,Subcategoría 3,Línea 32,290,115894.03,29.7,UNIDAD,True,2025-06-27
1525,7700000001525,Artículo Retail 01525,Electrónica,Subcategoría 12,Línea 24,175,23871.3,3.62,UNIDAD,True,2025-08-11
1526,7700000001526,Artículo Retail 01526,Ropa,Subcategoría 18,Línea 7,662,46809.11,12.61,UNIDAD,True,2025-02-18
1527,7700000001527,Artículo Retail 01527,Electrónica,Subcategoría 16,Línea 21,481,25909.84,12.0,UNIDAD,True,2025-12-27
1528,7700000001528,Artículo Retail 01528,Alimentos,Subcategoría 8,Línea 5,90,8167.37,22.56,UNIDAD,True,2025-06-22
1529,7700000001529,Artículo Retail 01529,Ropa,Subcategoría 14,Línea 17,352,5831.75,20.05,UNIDAD,True,2025-04-05
1530,7700000001530,Artículo Retail 01530,Bebés,Subcategoría 20,Línea 16,65,20509.95,19.81,UNIDAD,True,2025-08-22
1531,7700000001531,Artículo Retail 01531,Bebés,Subcategoría 3,Línea 34,767,27609.69,7.05,UNIDAD,True,2025-04-03
1532,7700000001532,Artículo Retail 01532,Cuidado personal,Subcategoría 12,Línea 38,589,17219.7,14.98,UNIDAD,True,2025-05-23
1533,7700000001533,Artículo Retail 01533,Hogar,Subcategoría 7,Línea 50,519,52165.54,12.58,UNIDAD,True,2025-12-28
1534,7700000001534,Artículo Retail 01534,Cuidado personal,Subcategoría 3,Línea 11,415,14187.87,6.95,UNIDAD,True,2025-03-13
1535,7700000001535,Artículo Retail 01535,Cuidado personal,Subcategoría 11,Línea 10,47,4198.31,5.73,UNIDAD,True,2025-02-06
1536,7700000001536,Artículo Retail 01536,Bebés,Subcategoría 8,Línea 15,43,9521.59,23.77,UNIDAD,True,2025-12-01
1537,7700000001537,Artículo Retail 01537,Bebés,Subcategoría 16,Línea 14,674,8554.31,12.63,UNIDAD,True,2025-06-27
1538,7700000001538,Artículo Retail 01538,Bebés,Subcategoría 4,Línea 40,275,29371.39,8.84,UNIDAD,True,2025-07-18
1539,7700000001539,Artículo Retail 01539,Bebés,Subcategoría 13,Línea 19,482,38382.23,5.77,UNIDAD,True,2025-06-13
1540,7700000001540,Artículo Retail 01540,Bebés,Subcategoría 9,Línea 43,90,11932.58,16.91,UNIDAD,True,2025-05-05
1541,7700000001541,Artículo Retail 01541,Alimentos,Subcategoría 18,Línea 36,656,13524.57,0.33,UNIDAD,True,2025-06-07
1542,7700000001542,Artículo Retail 01542,Electrónica,Subcategoría 11,Línea 46,571,216254.39,8.72,UNIDAD,True,2025-11-21
1543,7700000001543,Artículo Retail 01543,Hogar,Subcategoría 14,Línea 27,364,27395.71,22.75,UNIDAD,True,2025-04-19
1544,7700000001544,Artículo Retail 01544,Ropa,Subcategoría 16,Línea 10,714,4841.01,1.38,UNIDAD,True,2025-05-31
1545,7700000001545,Artículo Retail 01545,Electrónica,Subcategoría 20,Línea 46,80,112415.13,1.53,UNIDAD,True,2025-03-23
1546,7700000001546,Artículo Retail 01546,Bebés,Subcategoría 1,Línea 17,553,19353.61,21.02,UNIDAD,True,2025-07-17
1547,7700000001547,Artículo Retail 01547,Alimentos,Subcategoría 10,Línea 32,176,5759.84,17.68,UNIDAD,True,2025-12-28
1548,7700000001548,Artículo Retail 01548,Ropa,Subcategoría 16,Línea 28,620,100724.97,13.6,UNIDAD,True,2025-07-28
1549,7700000001549,Artículo Retail 01549,Ropa,Subcategoría 1,Línea 12,651,90547.81,7.53,UNIDAD,True,2025-04-09
1550,7700000001550,Artículo Retail 01550,Bebés,Subcategoría 3,Línea 21,482,15623.41,15.21,UNIDAD,True,2025-10-11
1551,7700000001551,Artículo Retail 01551,Bebés,Subcategoría 7,Línea 3,7,38527.94,18.53,UNIDAD,True,2025-11-07
1552,7700000001552,Artículo Retail 01552,Electrónica,Subcategoría 16,Línea 20,44,27985.63,19.64,UNIDAD,True,2025-12-23
1553,7700000001553,Artículo Retail 01553,Bebés,Subcategoría 4,Línea 10,327,120443.65,9.31,UNIDAD,True,2025-05-03
1554,7700000001554,Artículo Retail 01554,Alimentos,Subcategoría 11,Línea 47,703,16533.97,3.92,UNIDAD,True,2025-11-04
1555,7700000001555,Artículo Retail 01555,Alimentos,Subcategoría 3,Línea 30,613,33426.53,22.06,UNIDAD,True,2025-04-07
1556,7700000001556,Artículo Retail 01556,Ropa,Subcategoría 20,Línea 8,656,46075.46,0.75,UNIDAD,True,2025-04-29
1557,7700000001557,Artículo Retail 01557,Hogar,Subcategoría 4,Línea 9,78,34491.18,19.21,UNIDAD,True,2025-10-01
1558,7700000001558,Artículo Retail 01558,Electrónica,Subcategoría 17,Línea 34,604,17841.33,0.41,UNIDAD,True,2025-05-04
1559,7700000001559,Artículo Retail 01559,Hogar,Subcategoría 6,Línea 48,351,24964.74,10.63,UNIDAD,True,2025-01-04
1560,7700000001560,Artículo Retail 01560,Ropa,Subcategoría 20,Línea 50,430,2867.86,5.82,UNIDAD,True,2025-09-08
1561,7700000001561,Artículo Retail 01561,Cuidado personal,Subcategoría 20,Línea 29,229,57083.1,16.84,UNIDAD,True,2025-05-27
1562,7700000001562,Artículo Retail 01562,Bebés,Subcategoría 5,Línea 7,766,5616.46,7.88,UNIDAD,True,2025-01-21
1563,7700000001563,Artículo Retail 01563,Bebés,Subcategoría 6,Línea 48,81,37639.25,28.24,UNIDAD,True,2025-11-26
1564,7700000001564,Artículo Retail 01564,Hogar,Subcategoría 13,Línea 48,677,7261.17,,UNIDAD,True,2025-03-13
1565,7700000001565,Artículo Retail 01565,Cuidado personal,Subcategoría 14,Línea 37,368,28999.08,3.36,UNIDAD,True,2025-01-03
1566,7700000001566,Artículo Retail 01566,Cuidado personal,Subcategoría 16,Línea 10,676,29964.63,25.67,UNIDAD,True,2025-08-31
1567,7700000001567,Artículo Retail 01567,Ropa,Subcategoría 11,Línea 46,746,39137.08,19.97,UNIDAD,True,2025-12-08
1568,7700000001568,Artículo Retail 01568,Ropa,Subcategoría 14,Línea 35,788,17153.04,11.79,UNIDAD,True,2025-01-10
1569,7700000001569,Artículo Retail 01569,Hogar,Subcategoría 4,Línea 32,513,21195.1,15.76,UNIDAD,True,2025-05-03
1570,7700000001570,Artículo Retail 01570,Ropa,Subcategoría 4,Línea 20,528,13465.93,27.49,UNIDAD,True,2025-08-22
1571,7700000001571,Artículo Retail 01571,Cuidado personal,Subcategoría 14,Línea 8,550,57111.54,26.38,UNIDAD,True,2025-01-18
1572,7700000001572,Artículo Retail 01572,Hogar,Subcategoría 11,Línea 10,8,26905.6,0.26,UNIDAD,True,2025-12-13
1573,7700000001573,Artículo Retail 01573,Alimentos,Subcategoría 6,Línea 20,21,44431.85,0.34,UNIDAD,True,2025-12-16
1574,7700000001574,Artículo Retail 01574,Ropa,Subcategoría 14,Línea 45,276,8674.48,14.7,UNIDAD,True,2025-08-23
1575,7700000001575,Artículo Retail 01575,Electrónica,Subcategoría 19,Línea 39,300,10885.63,8.84,UNIDAD,True,2025-05-13
1576,7700000001576,Artículo Retail 01576,Ropa,Subcategoría 12,Línea 48,124,38294.33,17.19,UNIDAD,True,2025-12-30
1577,7700000001577,Artículo Retail 01577,Bebés,Subcategoría 1,Línea 19,212,53797.57,3.1,UNIDAD,True,2025-03-30
1578,7700000001578,Artículo Retail 01578,Alimentos,Subcategoría 18,Línea 45,220,37812.2,18.05,UNIDAD,True,2025-08-25
1579,7700000001579,Artículo Retail 01579,Electrónica,Subcategoría 20,Línea 36,782,9663.0,0.17,UNIDAD,True,2025-09-24
1580,7700000001580,Artículo Retail 01580,Electrónica,Subcategoría 20,Línea 10,27,7477.59,20.93,UNIDAD,True,2025-06-02
1581,7700000001581,Artículo Retail 01581,Cuidado personal,Subcategoría 12,Línea 24,342,6350.11,3.55,UNIDAD,True,2025-11-26
1582,7700000001582,Artículo Retail 01582,Bebés,Subcategoría 11,Línea 8,643,35816.38,22.95,UNIDAD,True,2025-07-20
1583,7700000001583,Artículo Retail 01583,Electrónica,Subcategoría 1,Línea 17,569,15070.07,3.93,UNIDAD,True,2025-06-26
1584,7700000001584,Artículo Retail 01584,Cuidado personal,Subcategoría 2,Línea 3,764,4395.29,18.34,UNIDAD,True,2025-06-24
1585,7700000001585,Artículo Retail 01585,Hogar,Subcategoría 14,Línea 32,646,50407.66,24.68,UNIDAD,True,2025-04-24
1586,7700000001586,Artículo Retail 01586,Ropa,Subcategoría 3,Línea 1,485,12480.38,1.11,UNIDAD,True,2025-05-06
1587,7700000001587,Artículo Retail 01587,Alimentos,Subcategoría 20,Línea 18,725,5531.25,28.4,UNIDAD,True,2025-02-02
1588,7700000001588,Artículo Retail 01588,Ropa,Subcategoría 5,Línea 13,516,9548.72,28.1,UNIDAD,True,2025-12-09
1589,7700000001589,Artículo Retail 01589,Bebés,Subcategoría 16,Línea 50,164,57817.57,23.35,UNIDAD,True,2025-07-24
1590,7700000001590,Artículo Retail 01590,Electrónica,Subcategoría 19,Línea 25,547,8832.62,25.85,UNIDAD,True,2025-04-01
1591,7700000001591,Artículo Retail 01591,Electrónica,Subcategoría 18,Línea 47,288,15608.21,,UNIDAD,True,2025-06-16
1592,7700000001592,Artículo Retail 01592,Bebés,Subcategoría 12,Línea 40,601,64189.69,26.08,UNIDAD,True,2025-05-30
1593,7700000001593,Artículo Retail 01593,Hogar,Subcategoría 10,Línea 37,751,20055.96,22.3,UNIDAD,True,2025-10-01
1594,7700000001594,Artículo Retail 01594,Ropa,Subcategoría 4,Línea 24,668,19582.57,13.18,UNIDAD,True,2025-07-20
1595,7700000001595,Artículo Retail 01595,Bebés,Subcategoría 20,Línea 16,15,10280.77,11.89,UNIDAD,True,2025-01-18
1596,7700000001596,Artículo Retail 01596,Bebés,Subcategoría 2,Línea 21,310,16283.94,28.25,UNIDAD,True,2025-06-19
1597,7700000001597,Artículo Retail 01597,Ropa,Subcategoría 14,Línea 31,100,12135.7,3.04,UNIDAD,True,2025-08-11
1598,7700000001598,Artículo Retail 01598,Bebés,Subcategoría 2,Línea 33,748,106916.11,0.69,UNIDAD,True,2025-10-27
1599,7700000001599,Artículo Retail 01599,Hogar,Subcategoría 4,Línea 50,249,5932.53,26.9,UNIDAD,True,2025-09-20
1600,7700000001600,Artículo Retail 01600,Electrónica,Subcategoría 10,Línea 30,366,106651.33,,UNIDAD,True,2025-01-14
1601,7700000001601,Artículo Retail 01601,Bebés,Subcategoría 20,Línea 31,289,29023.26,1.67,UNIDAD,True,2025-08-05
1602,7700000001602,Artículo Retail 01602,Cuidado personal,Subcategoría 3,Línea 45,64,61382.57,29.49,UNIDAD,True,2025-10-10
1603,7700000001603,Artículo Retail 01603,Bebés,Subcategoría 8,Línea 19,85,18441.58,13.52,UNIDAD,False,2025-01-31
1604,7700000001604,Artículo Retail 01604,Ropa,Subcategoría 2,Línea 45,588,80091.08,16.32,UNIDAD,True,2025-09-01
1605,7700000001605,Artículo Retail 01605,Ropa,Subcategoría 2,Línea 6,347,12092.44,11.91,UNIDAD,True,2025-10-15
1606,7700000001606,Artículo Retail 01606,Bebés,Subcategoría 4,Línea 4,660,35953.44,10.3,UNIDAD,True,2025-06-03
1607,7700000001607,Artículo Retail 01607,Electrónica,Subcategoría 14,Línea 18,35,2322.31,4.16,UNIDAD,True,2025-03-16
1608,7700000001608,Artículo Retail 01608,Ropa,Subcategoría 15,Línea 9,504,7742.87,0.6,UNIDAD,True,2025-04-04
1609,7700000001609,Artículo Retail 01609,Alimentos,Subcategoría 4,Línea 47,358,37965.93,23.98,UNIDAD,True,2025-02-02
1610,7700000001610,Artículo Retail 01610,Bebés,Subcategoría 15,Línea 26,158,23520.31,,UNIDAD,True,2025-08-08
1611,7700000001611,Artículo Retail 01611,Electrónica,Subcategoría 8,Línea 5,713,184106.88,16.22,UNIDAD,True,2025-05-09
1612,7700000001612,Artículo Retail 01612,Ropa,Subcategoría 3,Línea 10,715,21356.34,28.17,UNIDAD,True,2025-07-28
1613,7700000001613,Artículo Retail 01613,Alimentos,Subcategoría 19,Línea 8,442,59804.63,11.54,UNIDAD,True,2025-01-28
1614,7700000001614,Artículo Retail 01614,Alimentos,Subcategoría 20,Línea 10,34,37958.3,24.62,UNIDAD,True,2025-07-20
1615,7700000001615,Artículo Retail 01615,Electrónica,Subcategoría 17,Línea 43,634,9663.59,13.75,UNIDAD,True,2025-04-09
1616,7700000001616,Artículo Retail 01616,Electrónica,Subcategoría 17,Línea 35,113,13300.38,17.08,UNIDAD,True,2025-11-15
1617,7700000001617,Artículo Retail 01617,Bebés,Subcategoría 13,Línea 20,744,9707.71,21.16,UNIDAD,True,2025-11-11
1618,7700000001618,Artículo Retail 01618,Bebés,Subcategoría 14,Línea 14,624,5843.31,22.76,UNIDAD,True,2025-11-11
1619,7700000001619,Artículo Retail 01619,Cuidado personal,Subcategoría 6,Línea 4,443,16216.36,16.73,UNIDAD,True,2025-05-15
1620,7700000001620,Artículo Retail 01620,Cuidado personal,Subcategoría 15,Línea 24,752,28912.89,8.54,UNIDAD,True,2025-08-29
1621,7700000001621,Artículo Retail 01621,Ropa,Subcategoría 19,Línea 50,126,35974.79,0.52,UNIDAD,True,2025-08-07
1622,7700000001622,Artículo Retail 01622,Alimentos,Subcategoría 15,Línea 40,318,42696.14,0.83,UNIDAD,True,2025-09-25
1623,7700000001623,Artículo Retail 01623,Hogar,Subcategoría 5,Línea 47,296,49416.07,12.01,UNIDAD,True,2025-09-17
1624,7700000001624,Artículo Retail 01624,Ropa,Subcategoría 8,Línea 25,300,55603.78,27.93,UNIDAD,True,2025-06-28
1625,7700000001625,Artículo Retail 01625,Bebés,Subcategoría 12,Línea 21,545,23250.19,5.46,UNIDAD,True,2025-12-18
1626,7700000001626,Artículo Retail 01626,Hogar,Subcategoría 5,Línea 43,294,15687.31,25.25,UNIDAD,True,2025-11-20
1627,7700000001627,Artículo Retail 01627,Ropa,Subcategoría 12,Línea 30,589,38909.61,,UNIDAD,True,2025-05-21
1628,7700000001628,Artículo Retail 01628,Cuidado personal,Subcategoría 7,Línea 40,28,21665.19,19.41,UNIDAD,True,2025-05-15
1629,7700000001629,Artículo Retail 01629,Ropa,Subcategoría 20,Línea 20,211,20389.49,13.49,UNIDAD,True,2025-10-14
1630,7700000001630,Artículo Retail 01630,Electrónica,Subcategoría 4,Línea 39,349,9120.73,10.66,UNIDAD,True,2025-10-01
1631,7700000001631,Artículo Retail 01631,Ropa,Subcategoría 7,Línea 46,669,42321.43,,UNIDAD,True,2025-01-14
1632,7700000001632,Artículo Retail 01632,Hogar,Subcategoría 1,Línea 16,189,13839.12,3.07,UNIDAD,True,2025-06-05
1633,7700000001633,Artículo Retail 01633,Alimentos,Subcategoría 1,Línea 43,218,1932.99,28.84,UNIDAD,True,2025-07-18
1634,7700000001634,Artículo Retail 01634,Ropa,Subcategoría 12,Línea 38,230,12774.36,28.72,UNIDAD,True,2025-07-02
1635,7700000001635,Artículo Retail 01635,Electrónica,Subcategoría 5,Línea 14,398,5740.5,0.61,UNIDAD,True,2025-08-18
1636,7700000001636,Artículo Retail 01636,Electrónica,Subcategoría 6,Línea 24,674,55044.91,19.14,UNIDAD,False,2025-08-03
1637,7700000001637,Artículo Retail 01637,Alimentos,Subcategoría 19,Línea 31,202,8090.93,17.32,UNIDAD,True,2025-08-09
1638,7700000001638,Artículo Retail 01638,Electrónica,Subcategoría 1,Línea 12,537,13900.59,7.04,UNIDAD,True,2025-12-19
1639,7700000001639,Artículo Retail 01639,Ropa,Subcategoría 10,Línea 21,281,13001.15,21.78,UNIDAD,True,2025-06-15
1640,7700000001640,Artículo Retail 01640,Cuidado personal,Subcategoría 3,Línea 41,367,2256.55,3.59,UNIDAD,True,2025-05-14
1641,7700000001641,Artículo Retail 01641,Ropa,Subcategoría 9,Línea 28,363,29183.73,0.4,UNIDAD,True,2025-07-16
1642,7700000001642,Artículo Retail 01642,Alimentos,Subcategoría 6,Línea 42,762,24641.46,23.23,UNIDAD,True,2025-05-26
1643,7700000001643,Artículo Retail 01643,Ropa,Subcategoría 14,Línea 21,497,7854.35,13.6,UNIDAD,True,2025-12-10
1644,7700000001644,Artículo Retail 01644,Cuidado personal,Subcategoría 20,Línea 32,5,16762.49,6.85,UNIDAD,False,2025-01-03
1645,7700000001645,Artículo Retail 01645,Cuidado personal,Subcategoría 11,Línea 8,258,15525.3,5.81,UNIDAD,True,2025-08-03
1646,7700000001646,Artículo Retail 01646,Cuidado personal,Subcategoría 1,Línea 40,772,42488.13,23.46,UNIDAD,True,2025-07-14
1647,7700000001647,Artículo Retail 01647,Cuidado personal,Subcategoría 17,Línea 47,462,3972.72,27.62,UNIDAD,True,2025-07-04
1648,7700000001648,Artículo Retail 01648,Ropa,Subcategoría 5,Línea 29,788,19054.21,0.6,UNIDAD,True,2025-01-30
1649,7700000001649,Artículo Retail 01649,Ropa,Subcategoría 9,Línea 48,602,31130.52,7.64,UNIDAD,True,2025-03-18
1650,7700000001650,Artículo Retail 01650,Bebés,Subcategoría 9,Línea 43,574,19195.08,29.76,UNIDAD,True,2025-08-20
1651,7700000001651,Artículo Retail 01651,Electrónica,Subcategoría 6,Línea 6,351,14982.92,28.38,UNIDAD,True,2025-11-14
1652,7700000001652,Artículo Retail 01652,Hogar,Subcategoría 11,Línea 15,769,78930.75,7.51,UNIDAD,True,2025-07-17
1653,7700000001653,Artículo Retail 01653,Ropa,Subcategoría 18,Línea 2,563,20309.88,28.27,UNIDAD,True,2025-09-10
1654,7700000001654,Artículo Retail 01654,Hogar,Subcategoría 20,Línea 44,298,8441.66,14.79,UNIDAD,True,2025-09-18
1655,7700000001655,Artículo Retail 01655,Ropa,Subcategoría 9,Línea 3,748,299839.32,13.2,UNIDAD,True,2025-11-14
1656,7700000001656,Artículo Retail 01656,Ropa,Subcategoría 2,Línea 32,96,6185.23,28.69,UNIDAD,True,2025-07-19
1657,7700000001657,Artículo Retail 01657,Ropa,Subcategoría 13,Línea 45,606,13111.51,10.43,UNIDAD,True,2025-03-25
1658,7700000001658,Artículo Retail 01658,Electrónica,Subcategoría 11,Línea 24,498,7650.6,3.3,UNIDAD,True,2025-06-16
1659,7700000001659,Artículo Retail 01659,Electrónica,Subcategoría 12,Línea 31,418,33459.23,22.37,UNIDAD,True,2025-05-25
1660,7700000001660,Artículo Retail 01660,Alimentos,Subcategoría 3,Línea 11,571,31868.15,4.8,UNIDAD,True,2025-08-14
1661,7700000001661,Artículo Retail 01661,Electrónica,Subcategoría 12,Línea 34,648,59762.64,6.53,UNIDAD,True,2025-11-15
1662,7700000001662,Artículo Retail 01662,Hogar,Subcategoría 2,Línea 1,659,13198.98,27.95,UNIDAD,True,2025-11-10
1663,7700000001663,Artículo Retail 01663,Cuidado personal,Subcategoría 2,Línea 32,111,18682.19,17.63,UNIDAD,True,2025-01-15
1664,7700000001664,Artículo Retail 01664,Ropa,Subcategoría 7,Línea 18,361,21542.7,8.46,UNIDAD,True,2025-09-28
1665,7700000001665,Artículo Retail 01665,Hogar,Subcategoría 1,Línea 28,564,20151.21,14.28,UNIDAD,True,2025-11-02
1666,7700000001666,Artículo Retail 01666,Ropa,Subcategoría 16,Línea 34,714,8248.65,29.06,UNIDAD,True,2025-12-03
1667,7700000001667,Artículo Retail 01667,Hogar,Subcategoría 20,Línea 36,558,18465.51,13.62,UNIDAD,True,2025-07-17
1668,7700000001668,Artículo Retail 01668,Hogar,Subcategoría 5,Línea 11,524,6639.15,15.09,UNIDAD,True,2025-03-03
1669,7700000001669,Artículo Retail 01669,Electrónica,Subcategoría 11,Línea 33,417,10749.61,3.02,UNIDAD,True,2025-07-02
1670,7700000001670,Artículo Retail 01670,Hogar,Subcategoría 9,Línea 25,591,35458.27,23.62,UNIDAD,True,2025-06-01
1671,7700000001671,Artículo Retail 01671,Ropa,Subcategoría 5,Línea 40,126,11295.94,19.21,UNIDAD,True,2025-01-07
1672,7700000001672,Artículo Retail 01672,Hogar,Subcategoría 7,Línea 44,262,51877.65,2.38,UNIDAD,True,2025-07-12
1673,7700000001673,Artículo Retail 01673,Alimentos,Subcategoría 1,Línea 45,104,12703.31,8.45,UNIDAD,True,2025-09-18
1674,7700000001674,Artículo Retail 01674,Alimentos,Subcategoría 11,Línea 7,318,16612.77,22.78,UNIDAD,True,2025-08-15
1675,7700000001675,Artículo Retail 01675,Alimentos,Subcategoría 14,Línea 31,122,170394.36,3.88,UNIDAD,True,2025-05-30
1676,7700000001676,Artículo Retail 01676,Ropa,Subcategoría 12,Línea 2,208,72921.44,16.29,UNIDAD,True,2025-03-01
1677,7700000001677,Artículo Retail 01677,Electrónica,Subcategoría 15,Línea 20,751,8742.61,17.0,UNIDAD,True,2025-12-30
1678,7700000001678,Artículo Retail 01678,Alimentos,Subcategoría 4,Línea 41,166,11443.08,14.69,UNIDAD,True,2025-05-31
1679,7700000001679,Artículo Retail 01679,Bebés,Subcategoría 1,Línea 7,322,7525.9,9.95,UNIDAD,True,2025-06-08
1680,7700000001680,Artículo Retail 01680,Cuidado personal,Subcategoría 18,Línea 9,7,19644.5,23.71,UNIDAD,True,2025-01-30
1681,7700000001681,Artículo Retail 01681,Electrónica,Subcategoría 1,Línea 42,690,10733.64,28.97,UNIDAD,True,2025-08-07
1682,7700000001682,Artículo Retail 01682,Hogar,Subcategoría 6,Línea 50,754,6662.46,19.64,UNIDAD,True,2025-04-16
1683,7700000001683,Artículo Retail 01683,Alimentos,Subcategoría 17,Línea 8,627,41798.86,23.54,UNIDAD,True,2025-06-28
1684,7700000001684,Artículo Retail 01684,Bebés,Subcategoría 5,Línea 26,722,2844.04,0.85,UNIDAD,True,2025-07-26
1685,7700000001685,Artículo Retail 01685,Hogar,Subcategoría 2,Línea 10,715,166125.88,28.21,UNIDAD,True,2025-12-17
1686,7700000001686,Artículo Retail 01686,Electrónica,Subcategoría 3,Línea 37,79,8266.34,28.03,UNIDAD,True,2025-11-05
1687,7700000001687,Artículo Retail 01687,Cuidado personal,Subcategoría 2,Línea 8,204,11467.32,11.92,UNIDAD,True,2025-10-12
1688,7700000001688,Artículo Retail 01688,Electrónica,Subcategoría 6,Línea 37,668,32637.65,12.63,UNIDAD,True,2025-11-08
1689,7700000001689,Artículo Retail 01689,Bebés,Subcategoría 1,Línea 30,640,12391.27,28.16,UNIDAD,True,2025-06-23
1690,7700000001690,Artículo Retail 01690,Ropa,Subcategoría 8,Línea 10,98,58632.74,2.81,UNIDAD,True,2025-10-02
1691,7700000001691,Artículo Retail 01691,Hogar,Subcategoría 11,Línea 22,246,32328.97,14.76,UNIDAD,True,2025-07-01
1692,7700000001692,Artículo Retail 01692,Alimentos,Subcategoría 7,Línea 46,466,91784.72,4.97,UNIDAD,True,2025-09-17
1693,7700000001693,Artículo Retail 01693,Ropa,Subcategoría 8,Línea 5,179,20912.37,28.41,UNIDAD,True,2025-09-18
1694,7700000001694,Artículo Retail 01694,Ropa,Subcategoría 20,Línea 32,732,37071.87,9.25,UNIDAD,True,2025-09-25
1695,7700000001695,Artículo Retail 01695,Alimentos,Subcategoría 14,Línea 10,423,16820.58,17.09,UNIDAD,True,2025-09-30
1696,7700000001696,Artículo Retail 01696,Hogar,Subcategoría 19,Línea 10,749,10500.79,19.37,UNIDAD,True,2025-09-23
1697,7700000001697,Artículo Retail 01697,Alimentos,Subcategoría 15,Línea 40,121,249074.04,12.12,UNIDAD,True,2025-08-01
1698,7700000001698,Artículo Retail 01698,Ropa,Subcategoría 4,Línea 20,202,19141.58,8.43,UNIDAD,True,2025-01-11
1699,7700000001699,Artículo Retail 01699,Bebés,Subcategoría 13,Línea 22,498,28600.92,18.63,UNIDAD,True,2025-03-22
1700,7700000001700,Artículo Retail 01700,Ropa,Subcategoría 9,Línea 28,351,15602.55,27.78,UNIDAD,True,2025-05-06
1701,7700000001701,Artículo Retail 01701,Alimentos,Subcategoría 15,Línea 50,158,23270.55,19.95,UNIDAD,True,2025-04-13
1702,7700000001702,Artículo Retail 01702,Alimentos,Subcategoría 2,Línea 12,350,89438.67,1.93,UNIDAD,True,2025-08-19
1703,7700000001703,Artículo Retail 01703,Cuidado personal,Subcategoría 4,Línea 26,748,34509.83,3.04,UNIDAD,True,2025-06-07
1704,7700000001704,Artículo Retail 01704,Bebés,Subcategoría 3,Línea 37,595,29860.71,13.3,UNIDAD,True,2025-08-05
1705,7700000001705,Artículo Retail 01705,Bebés,Subcategoría 7,Línea 49,275,28297.79,9.22,UNIDAD,True,2025-07-20
1706,7700000001706,Artículo Retail 01706,Alimentos,Subcategoría 18,Línea 43,592,65635.77,18.45,UNIDAD,True,2025-07-18
1707,7700000001707,Artículo Retail 01707,Electrónica,Subcategoría 5,Línea 43,146,11692.98,23.41,UNIDAD,True,2025-12-08
1708,7700000001708,Artículo Retail 01708,Alimentos,Subcategoría 2,Línea 22,38,13452.69,17.85,UNIDAD,True,2025-08-23
1709,7700000001709,Artículo Retail 01709,Alimentos,Subcategoría 2,Línea 20,107,24769.04,1.25,UNIDAD,True,2025-01-17
1710,7700000001710,Artículo Retail 01710,Electrónica,Subcategoría 14,Línea 32,29,30324.3,29.58,UNIDAD,True,2025-09-27
1711,7700000001711,Artículo Retail 01711,Hogar,Subcategoría 11,Línea 15,436,34909.05,7.57,UNIDAD,True,2025-06-01
1712,7700000001712,Artículo Retail 01712,Bebés,Subcategoría 12,Línea 7,498,9942.65,27.52,UNIDAD,True,2025-10-18
1713,7700000001713,Artículo Retail 01713,Alimentos,Subcategoría 17,Línea 3,594,16466.74,18.05,UNIDAD,True,2025-12-28
1714,7700000001714,Artículo Retail 01714,Alimentos,Subcategoría 16,Línea 26,214,4457.93,15.68,UNIDAD,True,2025-05-07
1715,7700000001715,Artículo Retail 01715,Alimentos,Subcategoría 6,Línea 27,430,35532.76,5.47,UNIDAD,True,2025-04-18
1716,7700000001716,Artículo Retail 01716,Hogar,Subcategoría 9,Línea 29,361,42921.38,20.95,UNIDAD,True,2025-07-03
1717,7700000001717,Artículo Retail 01717,Bebés,Subcategoría 15,Línea 32,601,20117.03,,UNIDAD,True,2025-03-21
1718,7700000001718,Artículo Retail 01718,Alimentos,Subcategoría 10,Línea 28,221,4948.82,0.37,UNIDAD,True,2025-07-31
1719,7700000001719,Artículo Retail 01719,Hogar,Subcategoría 10,Línea 3,687,11809.45,18.61,UNIDAD,True,2025-08-17
1720,7700000001720,Artículo Retail 01720,Cuidado personal,Subcategoría 17,Línea 12,777,85573.79,,UNIDAD,True,2025-06-07
1721,7700000001721,Artículo Retail 01721,Cuidado personal,Subcategoría 16,Línea 10,101,70567.45,6.83,UNIDAD,True,2025-07-24
1722,7700000001722,Artículo Retail 01722,Hogar,Subcategoría 16,Línea 38,95,7237.6,15.43,UNIDAD,True,2025-05-13
1723,7700000001723,Artículo Retail 01723,Electrónica,Subcategoría 5,Línea 30,378,13594.98,24.44,UNIDAD,True,2025-05-05
1724,7700000001724,Artículo Retail 01724,Ropa,Subcategoría 14,Línea 41,305,65560.61,8.19,UNIDAD,True,2025-11-15
1725,7700000001725,Artículo Retail 01725,Electrónica,Subcategoría 19,Línea 30,13,38290.16,11.33,UNIDAD,True,2025-01-12
1726,7700000001726,Artículo Retail 01726,Ropa,Subcategoría 3,Línea 25,720,11163.9,16.72,UNIDAD,True,2025-08-23
1727,7700000001727,Artículo Retail 01727,Hogar,Subcategoría 18,Línea 8,517,18243.91,6.97,UNIDAD,True,2025-12-25
1728,7700000001728,Artículo Retail 01728,Hogar,Subcategoría 9,Línea 41,722,14493.05,5.86,UNIDAD,True,2025-07-03
1729,7700000001729,Artículo Retail 01729,Bebés,Subcategoría 3,Línea 50,240,58496.67,25.14,UNIDAD,True,2025-10-11
1730,7700000001730,Artículo Retail 01730,Alimentos,Subcategoría 3,Línea 46,654,35209.38,12.51,UNIDAD,True,2025-04-30
1731,7700000001731,Artículo Retail 01731,Alimentos,Subcategoría 18,Línea 16,99,1620.75,2.89,UNIDAD,True,2025-02-23
1732,7700000001732,Artículo Retail 01732,Electrónica,Subcategoría 6,Línea 35,214,9651.35,5.38,UNIDAD,True,2025-09-19
1733,7700000001733,Artículo Retail 01733,Hogar,Subcategoría 9,Línea 1,773,25284.1,,UNIDAD,True,2025-10-02
1734,7700000001734,Artículo Retail 01734,Alimentos,Subcategoría 4,Línea 35,545,190173.61,13.76,UNIDAD,True,2025-08-12
1735,7700000001735,Artículo Retail 01735,Cuidado personal,Subcategoría 3,Línea 12,361,33615.16,4.58,UNIDAD,True,2025-09-05
1736,7700000001736,Artículo Retail 01736,Alimentos,Subcategoría 3,Línea 41,200,18344.15,10.69,UNIDAD,True,2025-08-07
1737,7700000001737,Artículo Retail 01737,Ropa,Subcategoría 18,Línea 31,312,21467.92,18.79,UNIDAD,True,2025-03-07
1738,7700000001738,Artículo Retail 01738,Alimentos,Subcategoría 12,Línea 48,295,10765.23,11.65,UNIDAD,True,2025-04-22
1739,7700000001739,Artículo Retail 01739,Bebés,Subcategoría 9,Línea 50,359,60708.08,11.57,UNIDAD,False,2025-06-11
1740,7700000001740,Artículo Retail 01740,Hogar,Subcategoría 5,Línea 28,744,42536.57,20.05,UNIDAD,True,2025-01-19
1741,7700000001741,Artículo Retail 01741,Alimentos,Subcategoría 19,Línea 28,576,5941.56,9.92,UNIDAD,False,2025-03-28
1742,7700000001742,Artículo Retail 01742,Bebés,Subcategoría 19,Línea 29,346,22889.18,5.4,UNIDAD,True,2025-04-01
1743,7700000001743,Artículo Retail 01743,Ropa,Subcategoría 12,Línea 44,580,2618.34,27.42,UNIDAD,True,2025-05-26
1744,7700000001744,Artículo Retail 01744,Alimentos,Subcategoría 20,Línea 33,710,94910.25,11.46,UNIDAD,True,2025-08-14
1745,7700000001745,Artículo Retail 01745,Hogar,Subcategoría 3,Línea 27,798,34003.08,6.49,UNIDAD,True,2025-11-25
1746,7700000001746,Artículo Retail 01746,Cuidado personal,Subcategoría 13,Línea 44,327,5236.19,6.54,UNIDAD,True,2025-04-17
1747,7700000001747,Artículo Retail 01747,Bebés,Subcategoría 10,Línea 17,137,8491.69,29.97,UNIDAD,True,2025-11-15
1748,7700000001748,Artículo Retail 01748,Bebés,Subcategoría 4,Línea 7,628,11202.56,,UNIDAD,True,2025-06-09
1749,7700000001749,Artículo Retail 01749,Bebés,Subcategoría 18,Línea 29,288,2478.56,9.98,UNIDAD,True,2025-10-22
1750,7700000001750,Artículo Retail 01750,Ropa,Subcategoría 10,Línea 39,319,24654.12,8.89,UNIDAD,True,2025-09-23
1751,7700000001751,Artículo Retail 01751,Bebés,Subcategoría 5,Línea 39,6,15831.8,6.51,UNIDAD,False,2025-10-21
1752,7700000001752,Artículo Retail 01752,Bebés,Subcategoría 3,Línea 7,386,6303.92,13.88,UNIDAD,True,2025-03-08
1753,7700000001753,Artículo Retail 01753,Bebés,Subcategoría 1,Línea 5,354,7825.55,21.26,UNIDAD,True,2025-05-26
1754,7700000001754,Artículo Retail 01754,Electrónica,Subcategoría 2,Línea 16,614,27631.93,26.93,UNIDAD,True,2025-02-11
1755,7700000001755,Artículo Retail 01755,Ropa,Subcategoría 20,Línea 20,569,36408.27,14.03,UNIDAD,True,2025-12-23
1756,7700000001756,Artículo Retail 01756,Ropa,Subcategoría 14,Línea 4,487,15165.42,17.17,UNIDAD,True,2025-09-04
1757,7700000001757,Artículo Retail 01757,Alimentos,Subcategoría 12,Línea 28,606,9632.29,13.2,UNIDAD,True,2025-11-15
1758,7700000001758,Artículo Retail 01758,Bebés,Subcategoría 5,Línea 31,422,70194.8,26.96,UNIDAD,True,2025-07-19
1759,7700000001759,Artículo Retail 01759,Electrónica,Subcategoría 7,Línea 47,525,45502.32,14.71,UNIDAD,True,2025-10-13
1760,7700000001760,Artículo Retail 01760,Cuidado personal,Subcategoría 12,Línea 1,430,64895.14,7.77,UNIDAD,True,2025-10-19
1761,7700000001761,Artículo Retail 01761,Electrónica,Subcategoría 8,Línea 34,185,112922.64,28.59,UNIDAD,True,2025-09-17
1762,7700000001762,Artículo Retail 01762,Bebés,Subcategoría 16,Línea 23,774,27189.66,29.6,UNIDAD,True,2025-09-22
1763,7700000001763,Artículo Retail 01763,Cuidado personal,Subcategoría 6,Línea 33,480,200108.47,14.21,UNIDAD,True,2025-01-24
1764,7700000001764,Artículo Retail 01764,Alimentos,Subcategoría 8,Línea 2,390,23324.28,10.3,UNIDAD,True,2025-10-26
1765,7700000001765,Artículo Retail 01765,Bebés,Subcategoría 17,Línea 5,723,38913.63,19.99,UNIDAD,True,2025-05-10
1766,7700000001766,Artículo Retail 01766,Cuidado personal,Subcategoría 6,Línea 10,95,13242.85,4.08,UNIDAD,True,2025-05-01
1767,7700000001767,Artículo Retail 01767,Bebés,Subcategoría 6,Línea 48,273,69098.81,22.32,UNIDAD,True,2025-06-15
1768,7700000001768,Artículo Retail 01768,Electrónica,Subcategoría 20,Línea 48,288,37055.11,14.65,UNIDAD,True,2025-10-12
1769,7700000001769,Artículo Retail 01769,Bebés,Subcategoría 1,Línea 27,294,7387.71,21.88,UNIDAD,True,2025-06-23
1770,7700000001770,Artículo Retail 01770,Alimentos,Subcategoría 16,Línea 19,594,56274.74,20.63,UNIDAD,True,2025-06-25
1771,7700000001771,Artículo Retail 01771,Bebés,Subcategoría 20,Línea 10,284,17543.22,26.06,UNIDAD,True,2025-09-19
1772,7700000001772,Artículo Retail 01772,Cuidado personal,Subcategoría 5,Línea 15,25,169227.81,12.79,UNIDAD,True,2025-03-06
1773,7700000001773,Artículo Retail 01773,Bebés,Subcategoría 12,Línea 27,214,25477.06,2.85,UNIDAD,True,2025-07-16
1774,7700000001774,Artículo Retail 01774,Bebés,Subcategoría 6,Línea 17,671,34809.48,,UNIDAD,True,2025-06-13
1775,7700000001775,Artículo Retail 01775,Cuidado personal,Subcategoría 7,Línea 48,656,9820.54,14.04,UNIDAD,True,2025-04-20
1776,7700000001776,Artículo Retail 01776,Cuidado personal,Subcategoría 15,Línea 3,169,37918.71,8.41,UNIDAD,True,2025-12-03
1777,7700000001777,Artículo Retail 01777,Electrónica,Subcategoría 7,Línea 12,391,34278.18,10.36,UNIDAD,True,2025-08-17
1778,7700000001778,Artículo Retail 01778,Hogar,Subcategoría 4,Línea 25,255,9756.23,15.97,UNIDAD,True,2025-10-26
1779,7700000001779,Artículo Retail 01779,Bebés,Subcategoría 14,Línea 19,14,8905.7,13.75,UNIDAD,True,2025-04-14
1780,7700000001780,Artículo Retail 01780,Ropa,Subcategoría 20,Línea 13,417,14320.86,1.76,UNIDAD,True,2025-04-13
1781,7700000001781,Artículo Retail 01781,Bebés,Subcategoría 18,Línea 2,526,30693.59,1.87,UNIDAD,True,2025-07-09
1782,7700000001782,Artículo Retail 01782,Bebés,Subcategoría 13,Línea 48,487,25520.25,,UNIDAD,True,2025-04-12
1783,7700000001783,Artículo Retail 01783,Electrónica,Subcategoría 1,Línea 10,474,42940.92,3.26,UNIDAD,False,2025-09-24
1784,7700000001784,Artículo Retail 01784,Bebés,Subcategoría 9,Línea 35,669,429074.88,26.47,UNIDAD,True,2025-02-05
1785,7700000001785,Artículo Retail 01785,Electrónica,Subcategoría 17,Línea 12,756,3418.49,21.46,UNIDAD,False,2025-07-08
1786,7700000001786,Artículo Retail 01786,Bebés,Subcategoría 20,Línea 30,589,15556.28,18.46,UNIDAD,True,2025-12-25
1787,7700000001787,Artículo Retail 01787,Hogar,Subcategoría 16,Línea 26,22,9578.52,0.63,UNIDAD,True,2025-07-24
1788,7700000001788,Artículo Retail 01788,Hogar,Subcategoría 9,Línea 22,479,9993.27,16.16,UNIDAD,True,2025-04-21
1789,7700000001789,Artículo Retail 01789,Electrónica,Subcategoría 18,Línea 7,440,55896.29,3.59,UNIDAD,True,2025-12-30
1790,7700000001790,Artículo Retail 01790,Cuidado personal,Subcategoría 4,Línea 5,314,13259.7,1.62,UNIDAD,True,2025-10-08
1791,7700000001791,Artículo Retail 01791,Ropa,Subcategoría 11,Línea 32,393,28027.44,0.54,UNIDAD,True,2025-05-19
1792,7700000001792,Artículo Retail 01792,Hogar,Subcategoría 6,Línea 3,735,19266.2,12.05,UNIDAD,True,2025-10-13
1793,7700000001793,Artículo Retail 01793,Electrónica,Subcategoría 4,Línea 35,20,13794.26,24.65,UNIDAD,True,2025-10-13
1794,7700000001794,Artículo Retail 01794,Electrónica,Subcategoría 14,Línea 13,94,96890.64,13.88,UNIDAD,True,2025-12-31
1795,7700000001795,Artículo Retail 01795,Cuidado personal,Subcategoría 4,Línea 35,526,33439.38,29.44,UNIDAD,True,2025-01-08
1796,7700000001796,Artículo Retail 01796,Electrónica,Subcategoría 1,Línea 27,513,11203.98,13.35,UNIDAD,False,2025-08-25
1797,7700000001797,Artículo Retail 01797,Bebés,Subcategoría 10,Línea 30,224,78756.13,29.21,UNIDAD,True,2025-12-30
1798,7700000001798,Artículo Retail 01798,Cuidado personal,Subcategoría 18,Línea 47,415,27129.06,24.59,UNIDAD,True,2025-01-31
1799,7700000001799,Artículo Retail 01799,Bebés,Subcategoría 19,Línea 25,39,11565.41,21.52,UNIDAD,True,2025-04-17
1800,7700000001800,Artículo Retail 01800,Cuidado personal,Subcategoría 5,Línea 27,307,19665.06,11.68,UNIDAD,True,2025-09-04
1801,7700000001801,Artículo Retail 01801,Electrónica,Subcategoría 8,Línea 20,401,11463.39,24.53,UNIDAD,True,2025-06-01
1802,7700000001802,Artículo Retail 01802,Alimentos,Subcategoría 2,Línea 11,313,110955.2,8.06,UNIDAD,True,2025-12-25
1803,7700000001803,Artículo Retail 01803,Ropa,Subcategoría 14,Línea 45,382,19432.08,29.88,UNIDAD,True,2025-12-27
1804,7700000001804,Artículo Retail 01804,Alimentos,Subcategoría 7,Línea 3,286,19083.93,26.0,UNIDAD,True,2025-09-25
1805,7700000001805,Artículo Retail 01805,Ropa,Subcategoría 15,Línea 10,385,12466.23,9.52,UNIDAD,True,2025-08-23
1806,7700000001806,Artículo Retail 01806,Bebés,Subcategoría 16,Línea 45,713,17280.26,15.43,UNIDAD,True,2025-08-06
1807,7700000001807,Artículo Retail 01807,Cuidado personal,Subcategoría 12,Línea 5,171,34524.56,22.88,UNIDAD,True,2025-06-24
1808,7700000001808,Artículo Retail 01808,Hogar,Subcategoría 3,Línea 23,224,46836.08,2.58,UNIDAD,True,2025-11-06
1809,7700000001809,Artículo Retail 01809,Cuidado personal,Subcategoría 9,Línea 23,155,6492.98,25.06,UNIDAD,True,2025-05-27
1810,7700000001810,Artículo Retail 01810,Ropa,Subcategoría 20,Línea 10,694,8992.3,4.36,UNIDAD,True,2025-07-28
1811,7700000001811,Artículo Retail 01811,Hogar,Subcategoría 19,Línea 45,668,8561.91,29.28,UNIDAD,True,2025-02-01
1812,7700000001812,Artículo Retail 01812,Alimentos,Subcategoría 5,Línea 49,14,28934.93,,UNIDAD,True,2025-09-09
1813,7700000001813,Artículo Retail 01813,Bebés,Subcategoría 3,Línea 15,741,16415.76,0.95,UNIDAD,True,2025-02-24
1814,7700000001814,Artículo Retail 01814,Ropa,Subcategoría 19,Línea 13,373,20672.27,29.54,UNIDAD,True,2025-04-09
1815,7700000001815,Artículo Retail 01815,Electrónica,Subcategoría 6,Línea 17,252,15470.24,28.44,UNIDAD,True,2025-04-05
1816,7700000001816,Artículo Retail 01816,Electrónica,Subcategoría 15,Línea 41,145,99667.56,8.13,UNIDAD,True,2025-05-26
1817,7700000001817,Artículo Retail 01817,Ropa,Subcategoría 15,Línea 17,685,2734.94,17.15,UNIDAD,True,2025-04-24
1818,7700000001818,Artículo Retail 01818,Electrónica,Subcategoría 1,Línea 15,290,15959.51,14.39,UNIDAD,True,2025-12-09
1819,7700000001819,Artículo Retail 01819,Hogar,Subcategoría 2,Línea 4,147,40130.83,21.97,UNIDAD,True,2025-05-15
1820,7700000001820,Artículo Retail 01820,Bebés,Subcategoría 2,Línea 30,65,118881.91,14.93,UNIDAD,True,2025-03-09
1821,7700000001821,Artículo Retail 01821,Hogar,Subcategoría 15,Línea 21,735,66646.65,16.45,UNIDAD,True,2025-01-23
1822,7700000001822,Artículo Retail 01822,Ropa,Subcategoría 19,Línea 23,707,24859.78,23.67,UNIDAD,True,2025-06-07
1823,7700000001823,Artículo Retail 01823,Electrónica,Subcategoría 13,Línea 28,439,56901.34,14.8,UNIDAD,True,2025-05-12
1824,7700000001824,Artículo Retail 01824,Alimentos,Subcategoría 8,Línea 30,33,25463.76,2.54,UNIDAD,True,2025-02-08
1825,7700000001825,Artículo Retail 01825,Cuidado personal,Subcategoría 8,Línea 41,162,3302.67,3.04,UNIDAD,True,2025-11-11
1826,7700000001826,Artículo Retail 01826,Hogar,Subcategoría 12,Línea 38,783,8916.75,18.1,UNIDAD,True,2025-06-22
1827,7700000001827,Artículo Retail 01827,Bebés,Subcategoría 13,Línea 37,434,17537.64,15.24,UNIDAD,True,2025-06-27
1828,7700000001828,Artículo Retail 01828,Alimentos,Subcategoría 12,Línea 43,681,13396.82,6.09,UNIDAD,True,2025-01-28
1829,7700000001829,Artículo Retail 01829,Alimentos,Subcategoría 3,Línea 1,269,4248.74,9.08,UNIDAD,True,2025-07-01
1830,7700000001830,Artículo Retail 01830,Electrónica,Subcategoría 9,Línea 39,163,5680.9,28.24,UNIDAD,True,2025-08-21
1831,7700000001831,Artículo Retail 01831,Hogar,Subcategoría 12,Línea 31,193,13962.69,21.48,UNIDAD,True,2025-05-27
1832,7700000001832,Artículo Retail 01832,Hogar,Subcategoría 2,Línea 40,738,23517.79,13.97,UNIDAD,True,2025-12-03
1833,7700000001833,Artículo Retail 01833,Alimentos,Subcategoría 14,Línea 43,623,21471.72,5.82,UNIDAD,True,2025-03-28
1834,7700000001834,Artículo Retail 01834,Ropa,Subcategoría 4,Línea 15,197,15497.92,26.83,UNIDAD,True,2025-04-15
1835,7700000001835,Artículo Retail 01835,Alimentos,Subcategoría 7,Línea 19,557,22664.63,25.28,UNIDAD,True,2025-12-31
1836,7700000001836,Artículo Retail 01836,Bebés,Subcategoría 6,Línea 5,298,4649.83,7.98,UNIDAD,False,2025-12-06
1837,7700000001837,Artículo Retail 01837,Ropa,Subcategoría 11,Línea 16,173,28356.93,,UNIDAD,False,2025-10-17
1838,7700000001838,Artículo Retail 01838,Hogar,Subcategoría 4,Línea 7,302,9193.82,18.73,UNIDAD,True,2025-04-14
1839,7700000001839,Artículo Retail 01839,Cuidado personal,Subcategoría 17,Línea 40,554,20660.61,12.78,UNIDAD,True,2025-05-04
1840,7700000001840,Artículo Retail 01840,Electrónica,Subcategoría 4,Línea 45,413,17109.12,3.7,UNIDAD,True,2025-09-01
1841,7700000001841,Artículo Retail 01841,Electrónica,Subcategoría 15,Línea 15,740,7818.3,14.27,UNIDAD,True,2025-07-28
1842,7700000001842,Artículo Retail 01842,Cuidado personal,Subcategoría 10,Línea 26,692,25336.37,20.54,UNIDAD,True,2025-11-29
1843,7700000001843,Artículo Retail 01843,Electrónica,Subcategoría 14,Línea 36,143,104655.78,3.99,UNIDAD,True,2025-01-20
1844,7700000001844,Artículo Retail 01844,Ropa,Subcategoría 10,Línea 6,443,20165.73,0.1,UNIDAD,True,2025-12-23
1845,7700000001845,Artículo Retail 01845,Alimentos,Subcategoría 8,Línea 45,487,12736.34,10.02,UNIDAD,True,2025-08-02
1846,7700000001846,Artículo Retail 01846,Ropa,Subcategoría 18,Línea 32,437,29353.21,12.31,UNIDAD,True,2025-10-02
1847,7700000001847,Artículo Retail 01847,Bebés,Subcategoría 4,Línea 48,54,5188.57,7.03,UNIDAD,True,2025-07-16
1848,7700000001848,Artículo Retail 01848,Electrónica,Subcategoría 19,Línea 14,717,5711.07,18.28,UNIDAD,True,2025-01-10
1849,7700000001849,Artículo Retail 01849,Electrónica,Subcategoría 16,Línea 38,190,38089.39,1.43,UNIDAD,False,2025-05-19
1850,7700000001850,Artículo Retail 01850,Alimentos,Subcategoría 3,Línea 8,548,78939.99,25.85,UNIDAD,True,2025-07-01
1851,7700000001851,Artículo Retail 01851,Alimentos,Subcategoría 11,Línea 33,707,8741.88,12.24,UNIDAD,True,2025-02-09
1852,7700000001852,Artículo Retail 01852,Hogar,Subcategoría 7,Línea 11,292,100276.1,1.75,UNIDAD,True,2025-01-09
1853,7700000001853,Artículo Retail 01853,Alimentos,Subcategoría 5,Línea 47,731,4308.7,21.92,UNIDAD,True,2025-01-05
1854,7700000001854,Artículo Retail 01854,Electrónica,Subcategoría 15,Línea 5,734,126365.25,6.94,UNIDAD,True,2025-12-19
1855,7700000001855,Artículo Retail 01855,Hogar,Subcategoría 12,Línea 23,257,39617.05,14.79,UNIDAD,True,2025-04-06
1856,7700000001856,Artículo Retail 01856,Hogar,Subcategoría 1,Línea 33,717,10478.26,20.98,UNIDAD,False,2025-04-30
1857,7700000001857,Artículo Retail 01857,Electrónica,Subcategoría 11,Línea 35,294,37477.34,21.84,UNIDAD,True,2025-09-13
1858,7700000001858,Artículo Retail 01858,Bebés,Subcategoría 16,Línea 13,339,35744.02,2.34,UNIDAD,True,2025-03-12
1859,7700000001859,Artículo Retail 01859,Bebés,Subcategoría 5,Línea 16,670,26316.87,16.59,UNIDAD,True,2025-09-21
1860,7700000001860,Artículo Retail 01860,Electrónica,Subcategoría 20,Línea 15,215,34335.44,25.71,UNIDAD,True,2025-03-24
1861,7700000001861,Artículo Retail 01861,Bebés,Subcategoría 7,Línea 27,301,10032.78,23.28,UNIDAD,True,2025-02-16
1862,7700000001862,Artículo Retail 01862,Cuidado personal,Subcategoría 6,Línea 19,244,11605.19,6.34,UNIDAD,True,2025-12-17
1863,7700000001863,Artículo Retail 01863,Electrónica,Subcategoría 3,Línea 44,293,11684.29,17.3,UNIDAD,True,2025-08-23
1864,7700000001864,Artículo Retail 01864,Alimentos,Subcategoría 6,Línea 49,465,42095.26,19.3,UNIDAD,True,2025-12-22
1865,7700000001865,Artículo Retail 01865,Alimentos,Subcategoría 19,Línea 1,18,27486.33,2.45,UNIDAD,True,2025-03-05
1866,7700000001866,Artículo Retail 01866,Cuidado personal,Subcategoría 14,Línea 33,408,13986.54,23.81,UNIDAD,True,2025-03-11
1867,7700000001867,Artículo Retail 01867,Hogar,Subcategoría 10,Línea 38,30,20902.6,20.55,UNIDAD,True,2025-04-07
1868,7700000001868,Artículo Retail 01868,Cuidado personal,Subcategoría 9,Línea 20,62,10481.16,,UNIDAD,True,2025-09-03
1869,7700000001869,Artículo Retail 01869,Alimentos,Subcategoría 8,Línea 28,256,45178.67,14.21,UNIDAD,True,2025-12-11
1870,7700000001870,Artículo Retail 01870,Bebés,Subcategoría 10,Línea 33,73,30950.24,7.43,UNIDAD,True,2025-07-24
1871,7700000001871,Artículo Retail 01871,Cuidado personal,Subcategoría 15,Línea 20,644,25645.43,20.93,UNIDAD,True,2025-08-03
1872,7700000001872,Artículo Retail 01872,Ropa,Subcategoría 1,Línea 12,280,14923.61,10.73,UNIDAD,True,2025-01-27
1873,7700000001873,Artículo Retail 01873,Hogar,Subcategoría 1,Línea 49,350,5899.9,1.09,UNIDAD,True,2025-02-27
1874,7700000001874,Artículo Retail 01874,Electrónica,Subcategoría 12,Línea 10,667,2806.3,6.46,UNIDAD,True,2025-05-12
1875,7700000001875,Artículo Retail 01875,Cuidado personal,Subcategoría 14,Línea 1,595,91836.08,1.86,UNIDAD,True,2025-09-09
1876,7700000001876,Artículo Retail 01876,Bebés,Subcategoría 17,Línea 50,494,4639.27,27.17,UNIDAD,True,2025-09-11
1877,7700000001877,Artículo Retail 01877,Alimentos,Subcategoría 14,Línea 9,366,32143.05,8.68,UNIDAD,True,2025-04-07
1878,7700000001878,Artículo Retail 01878,Alimentos,Subcategoría 15,Línea 32,673,6694.94,2.46,UNIDAD,True,2025-01-16
1879,7700000001879,Artículo Retail 01879,Bebés,Subcategoría 5,Línea 14,572,22860.49,6.11,UNIDAD,True,2025-12-05
1880,7700000001880,Artículo Retail 01880,Alimentos,Subcategoría 19,Línea 8,697,7048.1,7.37,UNIDAD,True,2025-02-21
1881,7700000001881,Artículo Retail 01881,Alimentos,Subcategoría 18,Línea 6,472,44917.85,14.99,UNIDAD,True,2025-01-01
1882,7700000001882,Artículo Retail 01882,Electrónica,Subcategoría 11,Línea 12,243,4476.3,14.49,UNIDAD,True,2025-01-17
1883,7700000001883,Artículo Retail 01883,Hogar,Subcategoría 14,Línea 34,417,42279.9,13.62,UNIDAD,True,2025-09-23
1884,7700000001884,Artículo Retail 01884,Cuidado personal,Subcategoría 7,Línea 36,303,31747.15,2.05,UNIDAD,True,2025-02-04
1885,7700000001885,Artículo Retail 01885,Cuidado personal,Subcategoría 8,Línea 35,142,17851.05,4.16,UNIDAD,True,2025-06-03
1886,7700000001886,Artículo Retail 01886,Ropa,Subcategoría 16,Línea 13,746,13667.69,6.29,UNIDAD,True,2025-11-14
1887,7700000001887,Artículo Retail 01887,Hogar,Subcategoría 7,Línea 27,707,9227.33,14.93,UNIDAD,True,2025-03-28
1888,7700000001888,Artículo Retail 01888,Electrónica,Subcategoría 13,Línea 13,9,17514.84,23.51,UNIDAD,True,2025-05-08
1889,7700000001889,Artículo Retail 01889,Electrónica,Subcategoría 1,Línea 46,194,27123.35,,UNIDAD,True,2025-06-05
1890,7700000001890,Artículo Retail 01890,Cuidado personal,Subcategoría 8,Línea 45,626,13974.11,,UNIDAD,True,2025-09-17
1891,7700000001891,Artículo Retail 01891,Electrónica,Subcategoría 11,Línea 2,730,163807.62,20.42,UNIDAD,True,2025-07-30
1892,7700000001892,Artículo Retail 01892,Ropa,Subcategoría 5,Línea 27,31,16335.03,0.81,UNIDAD,True,2025-06-02
1893,7700000001893,Artículo Retail 01893,Bebés,Subcategoría 12,Línea 29,29,12837.45,7.13,UNIDAD,True,2025-01-17
1894,7700000001894,Artículo Retail 01894,Bebés,Subcategoría 5,Línea 11,525,16984.07,14.06,UNIDAD,True,2025-04-14
1895,7700000001895,Artículo Retail 01895,Cuidado personal,Subcategoría 18,Línea 43,575,26850.19,29.13,UNIDAD,True,2025-07-05
1896,7700000001896,Artículo Retail 01896,Bebés,Subcategoría 9,Línea 33,475,3572.89,5.36,UNIDAD,True,2025-12-21
1897,7700000001897,Artículo Retail 01897,Cuidado personal,Subcategoría 12,Línea 40,504,30147.25,20.95,UNIDAD,True,2025-08-11
1898,7700000001898,Artículo Retail 01898,Ropa,Subcategoría 11,Línea 32,722,22478.01,24.68,UNIDAD,False,2025-03-06
1899,7700000001899,Artículo Retail 01899,Alimentos,Subcategoría 10,Línea 47,44,68638.22,,UNIDAD,True,2025-12-26
1900,7700000001900,Artículo Retail 01900,Cuidado personal,Subcategoría 18,Línea 32,217,12145.06,20.73,UNIDAD,True,2025-09-10
1901,7700000001901,Artículo Retail 01901,Alimentos,Subcategoría 6,Línea 3,58,69283.8,21.78,UNIDAD,True,2025-06-12
1902,7700000001902,Artículo Retail 01902,Hogar,Subcategoría 1,Línea 18,764,7315.72,2.63,UNIDAD,True,2025-10-27
1903,7700000001903,Artículo Retail 01903,Hogar,Subcategoría 2,Línea 45,322,16707.49,27.88,UNIDAD,True,2025-04-13
1904,7700000001904,Artículo Retail 01904,Bebés,Subcategoría 17,Línea 23,438,32745.26,7.34,UNIDAD,True,2025-08-24
1905,7700000001905,Artículo Retail 01905,Cuidado personal,Subcategoría 20,Línea 36,164,13483.85,,UNIDAD,True,2025-09-10
1906,7700000001906,Artículo Retail 01906,Ropa,Subcategoría 3,Línea 30,762,7560.39,5.73,UNIDAD,True,2025-08-24
1907,7700000001907,Artículo Retail 01907,Ropa,Subcategoría 9,Línea 47,686,15284.39,7.66,UNIDAD,True,2025-05-20
1908,7700000001908,Artículo Retail 01908,Bebés,Subcategoría 8,Línea 1,170,59683.75,16.9,UNIDAD,True,2025-04-02
1909,7700000001909,Artículo Retail 01909,Electrónica,Subcategoría 6,Línea 29,765,132370.35,5.86,UNIDAD,True,2025-09-12
1910,7700000001910,Artículo Retail 01910,Cuidado personal,Subcategoría 9,Línea 34,363,119901.28,,UNIDAD,True,2025-06-07
1911,7700000001911,Artículo Retail 01911,Electrónica,Subcategoría 4,Línea 21,301,70196.81,20.64,UNIDAD,True,2025-06-25
1912,7700000001912,Artículo Retail 01912,Bebés,Subcategoría 10,Línea 12,513,51553.82,23.76,UNIDAD,True,2025-04-19
1913,7700000001913,Artículo Retail 01913,Hogar,Subcategoría 5,Línea 22,398,2143.8,23.9,UNIDAD,True,2025-05-20
1914,7700000001914,Artículo Retail 01914,Electrónica,Subcategoría 18,Línea 8,489,137548.48,29.75,UNIDAD,True,2025-04-19
1915,7700000001915,Artículo Retail 01915,Hogar,Subcategoría 10,Línea 13,422,14069.19,21.41,UNIDAD,True,2025-09-17
1916,7700000001916,Artículo Retail 01916,Alimentos,Subcategoría 18,Línea 36,503,25607.92,12.86,UNIDAD,True,2025-10-11
1917,7700000001917,Artículo Retail 01917,Bebés,Subcategoría 16,Línea 40,683,9163.14,17.51,UNIDAD,True,2025-07-28
1918,7700000001918,Artículo Retail 01918,Cuidado personal,Subcategoría 2,Línea 47,624,121439.2,0.78,UNIDAD,True,2025-06-27
1919,7700000001919,Artículo Retail 01919,Alimentos,Subcategoría 12,Línea 21,714,403913.64,2.38,UNIDAD,True,2025-01-01
1920,7700000001920,Artículo Retail 01920,Alimentos,Subcategoría 4,Línea 23,671,30350.46,28.55,UNIDAD,True,2025-01-17
1921,7700000001921,Artículo Retail 01921,Alimentos,Subcategoría 4,Línea 10,71,70341.69,,UNIDAD,False,2025-08-23
1922,7700000001922,Artículo Retail 01922,Alimentos,Subcategoría 17,Línea 48,613,27407.41,17.66,UNIDAD,True,2025-07-16
1923,7700000001923,Artículo Retail 01923,Alimentos,Subcategoría 18,Línea 29,289,28898.76,6.75,UNIDAD,True,2025-06-02
1924,7700000001924,Artículo Retail 01924,Ropa,Subcategoría 16,Línea 13,236,16950.22,3.42,UNIDAD,True,2025-12-04
1925,7700000001925,Artículo Retail 01925,Electrónica,Subcategoría 7,Línea 5,660,103077.41,25.62,UNIDAD,True,2025-06-22
1926,7700000001926,Artículo Retail 01926,Ropa,Subcategoría 6,Línea 19,533,35342.55,10.64,UNIDAD,True,2025-12-10
1927,7700000001927,Artículo Retail 01927,Alimentos,Subcategoría 18,Línea 32,2,24026.63,,UNIDAD,True,2025-02-26
1928,7700000001928,Artículo Retail 01928,Electrónica,Subcategoría 17,Línea 11,429,6914.04,25.17,UNIDAD,True,2025-02-18
1929,7700000001929,Artículo Retail 01929,Alimentos,Subcategoría 6,Línea 18,303,158990.15,17.37,UNIDAD,True,2025-01-26
1930,7700000001930,Artículo Retail 01930,Alimentos,Subcategoría 4,Línea 49,749,9583.77,24.71,UNIDAD,True,2025-05-24
1931,7700000001931,Artículo Retail 01931,Ropa,Subcategoría 10,Línea 40,366,86039.8,15.86,UNIDAD,True,2025-03-15
1932,7700000001932,Artículo Retail 01932,Cuidado personal,Subcategoría 11,Línea 17,411,16037.34,20.11,UNIDAD,True,2025-07-14
1933,7700000001933,Artículo Retail 01933,Bebés,Subcategoría 17,Línea 42,731,7313.21,28.86,UNIDAD,True,2025-05-16
1934,7700000001934,Artículo Retail 01934,Hogar,Subcategoría 1,Línea 32,329,8694.52,22.2,UNIDAD,True,2025-01-27
1935,7700000001935,Artículo Retail 01935,Alimentos,Subcategoría 6,Línea 16,314,25950.68,12.12,UNIDAD,True,2025-08-07
1936,7700000001936,Artículo Retail 01936,Bebés,Subcategoría 5,Línea 15,719,39416.99,10.38,UNIDAD,True,2025-01-21
1937,7700000001937,Artículo Retail 01937,Electrónica,Subcategoría 16,Línea 37,277,11530.81,7.08,UNIDAD,True,2025-10-26
1938,7700000001938,Artículo Retail 01938,Hogar,Subcategoría 13,Línea 49,212,63034.72,26.83,UNIDAD,True,2025-08-22
1939,7700000001939,Artículo Retail 01939,Hogar,Subcategoría 4,Línea 44,414,32660.83,18.28,UNIDAD,True,2025-05-27
1940,7700000001940,Artículo Retail 01940,Bebés,Subcategoría 14,Línea 4,306,28413.53,4.24,UNIDAD,True,2025-07-05
1941,7700000001941,Artículo Retail 01941,Bebés,Subcategoría 9,Línea 27,394,30096.63,8.81,UNIDAD,True,2025-03-06
1942,7700000001942,Artículo Retail 01942,Alimentos,Subcategoría 6,Línea 19,560,62412.09,27.56,UNIDAD,True,2025-12-28
1943,7700000001943,Artículo Retail 01943,Ropa,Subcategoría 13,Línea 24,595,34169.98,6.82,UNIDAD,True,2025-03-01
1944,7700000001944,Artículo Retail 01944,Bebés,Subcategoría 15,Línea 30,265,61451.98,5.9,UNIDAD,True,2025-08-29
1945,7700000001945,Artículo Retail 01945,Ropa,Subcategoría 5,Línea 33,91,68050.3,6.9,UNIDAD,True,2025-04-09
1946,7700000001946,Artículo Retail 01946,Ropa,Subcategoría 20,Línea 49,487,50564.81,12.62,UNIDAD,True,2025-05-11
1947,7700000001947,Artículo Retail 01947,Hogar,Subcategoría 12,Línea 33,657,14289.47,4.0,UNIDAD,True,2025-02-10
1948,7700000001948,Artículo Retail 01948,Alimentos,Subcategoría 19,Línea 41,533,3818.0,22.14,UNIDAD,True,2025-10-03
1949,7700000001949,Artículo Retail 01949,Bebés,Subcategoría 4,Línea 45,713,86274.37,7.61,UNIDAD,True,2025-01-25
1950,7700000001950,Artículo Retail 01950,Hogar,Subcategoría 6,Línea 38,676,2767.0,7.29,UNIDAD,True,2025-12-02
1951,7700000001951,Artículo Retail 01951,Electrónica,Subcategoría 16,Línea 50,587,23757.92,6.66,UNIDAD,True,2025-05-24
1952,7700000001952,Artículo Retail 01952,Bebés,Subcategoría 8,Línea 31,102,12673.31,7.49,UNIDAD,True,2025-12-14
1953,7700000001953,Artículo Retail 01953,Alimentos,Subcategoría 1,Línea 37,541,13121.99,7.27,UNIDAD,True,2025-10-10
1954,7700000001954,Artículo Retail 01954,Hogar,Subcategoría 2,Línea 31,243,19351.84,3.46,UNIDAD,True,2025-12-10
1955,7700000001955,Artículo Retail 01955,Cuidado personal,Subcategoría 5,Línea 16,510,21249.97,12.49,UNIDAD,True,2025-05-09
1956,7700000001956,Artículo Retail 01956,Cuidado personal,Subcategoría 15,Línea 47,531,9704.7,24.88,UNIDAD,True,2025-05-01
1957,7700000001957,Artículo Retail 01957,Cuidado personal,Subcategoría 1,Línea 22,632,4792.81,19.05,UNIDAD,True,2025-07-10
1958,7700000001958,Artículo Retail 01958,Ropa,Subcategoría 9,Línea 42,532,10927.26,17.26,UNIDAD,True,2025-12-04
1959,7700000001959,Artículo Retail 01959,Bebés,Subcategoría 19,Línea 34,64,18360.11,29.97,UNIDAD,True,2025-12-28
1960,7700000001960,Artículo Retail 01960,Electrónica,Subcategoría 8,Línea 28,651,15250.43,19.36,UNIDAD,True,2025-08-12
1961,7700000001961,Artículo Retail 01961,Ropa,Subcategoría 9,Línea 45,438,53328.86,27.1,UNIDAD,True,2025-12-27
1962,7700000001962,Artículo Retail 01962,Bebés,Subcategoría 5,Línea 36,308,29815.27,14.55,UNIDAD,True,2025-06-17
1963,7700000001963,Artículo Retail 01963,Electrónica,Subcategoría 1,Línea 33,716,97900.68,8.56,UNIDAD,True,2025-03-18
1964,7700000001964,Artículo Retail 01964,Hogar,Subcategoría 17,Línea 35,677,27135.84,26.58,UNIDAD,True,2025-05-05
1965,7700000001965,Artículo Retail 01965,Cuidado personal,Subcategoría 6,Línea 43,558,18754.8,25.82,UNIDAD,True,2025-10-05
1966,7700000001966,Artículo Retail 01966,Hogar,Subcategoría 14,Línea 31,225,72305.1,23.13,UNIDAD,True,2025-04-22
1967,7700000001967,Artículo Retail 01967,Cuidado personal,Subcategoría 19,Línea 40,260,6614.05,2.72,UNIDAD,True,2025-11-10
1968,7700000001968,Artículo Retail 01968,Electrónica,Subcategoría 12,Línea 46,747,9230.76,18.38,UNIDAD,True,2025-05-01
1969,7700000001969,Artículo Retail 01969,Alimentos,Subcategoría 17,Línea 22,491,158221.56,13.79,UNIDAD,True,2025-02-16
1970,7700000001970,Artículo Retail 01970,Hogar,Subcategoría 19,Línea 9,58,9805.6,16.13,UNIDAD,False,2025-09-24
1971,7700000001971,Artículo Retail 01971,Cuidado personal,Subcategoría 12,Línea 35,126,67552.48,12.43,UNIDAD,True,2025-03-22
1972,7700000001972,Artículo Retail 01972,Bebés,Subcategoría 4,Línea 29,751,7472.51,6.81,UNIDAD,True,2025-04-29
1973,7700000001973,Artículo Retail 01973,Electrónica,Subcategoría 12,Línea 14,360,68009.97,0.14,UNIDAD,True,2025-08-16
1974,7700000001974,Artículo Retail 01974,Electrónica,Subcategoría 4,Línea 2,311,36424.04,13.05,UNIDAD,True,2025-12-01
1975,7700000001975,Artículo Retail 01975,Ropa,Subcategoría 12,Línea 4,636,20782.91,14.97,UNIDAD,True,2025-03-07
1976,7700000001976,Artículo Retail 01976,Electrónica,Subcategoría 20,Línea 29,255,17707.67,7.27,UNIDAD,True,2025-07-22
1977,7700000001977,Artículo Retail 01977,Alimentos,Subcategoría 5,Línea 40,425,17113.98,11.31,UNIDAD,True,2025-01-05
1978,7700000001978,Artículo Retail 01978,Alimentos,Subcategoría 4,Línea 41,721,52299.19,23.67,UNIDAD,True,2025-02-27
1979,7700000001979,Artículo Retail 01979,Electrónica,Subcategoría 1,Línea 20,715,22773.96,21.35,UNIDAD,True,2025-10-10
1980,7700000001980,Artículo Retail 01980,Ropa,Subcategoría 17,Línea 48,397,29712.47,21.54,UNIDAD,True,2025-05-10
1981,7700000001981,Artículo Retail 01981,Ropa,Subcategoría 16,Línea 35,418,4429.4,28.5,UNIDAD,True,2025-10-16
1982,7700000001982,Artículo Retail 01982,Alimentos,Subcategoría 6,Línea 50,81,102723.85,9.18,UNIDAD,True,2025-01-17
1983,7700000001983,Artículo Retail 01983,Ropa,Subcategoría 8,Línea 21,664,10368.91,,UNIDAD,True,2025-10-25
1984,7700000001984,Artículo Retail 01984,Bebés,Subcategoría 2,Línea 31,334,57367.14,22.4,UNIDAD,True,2025-08-30
1985,7700000001985,Artículo Retail 01985,Ropa,Subcategoría 7,Línea 16,102,13141.91,22.01,UNIDAD,True,2025-11-04
1986,7700000001986,Artículo Retail 01986,Hogar,Subcategoría 12,Línea 36,105,17736.75,9.72,UNIDAD,True,2025-08-01
1987,7700000001987,Artículo Retail 01987,Ropa,Subcategoría 5,Línea 7,162,5713.73,20.88,UNIDAD,True,2025-02-23
1988,7700000001988,Artículo Retail 01988,Bebés,Subcategoría 16,Línea 11,765,15434.38,8.03,UNIDAD,True,2025-03-19
1989,7700000001989,Artículo Retail 01989,Hogar,Subcategoría 2,Línea 48,788,5245.11,28.78,UNIDAD,False,2025-07-07
1990,7700000001990,Artículo Retail 01990,Electrónica,Subcategoría 7,Línea 10,614,27558.18,,UNIDAD,True,2025-04-14
1991,7700000001991,Artículo Retail 01991,Bebés,Subcategoría 2,Línea 23,760,28537.1,8.03,UNIDAD,True,2025-08-23
1992,7700000001992,Artículo Retail 01992,Cuidado personal,Subcategoría 7,Línea 50,119,65631.64,1.01,UNIDAD,True,2025-12-07
1993,7700000001993,Artículo Retail 01993,Alimentos,Subcategoría 5,Línea 36,625,10992.16,22.52,UNIDAD,True,2025-01-18
1994,7700000001994,Artículo Retail 01994,Alimentos,Subcategoría 7,Línea 23,375,6135.45,5.91,UNIDAD,True,2025-05-29
1995,7700000001995,Artículo Retail 01995,Ropa,Subcategoría 19,Línea 20,798,51898.67,6.03,UNIDAD,True,2025-11-04
1996,7700000001996,Artículo Retail 01996,Electrónica,Subcategoría 11,Línea 37,752,17677.99,17.8,UNIDAD,True,2025-09-08
1997,7700000001997,Artículo Retail 01997,Electrónica,Subcategoría 17,Línea 27,314,86212.86,9.97,UNIDAD,True,2025-02-06
1998,7700000001998,Artículo Retail 01998,Ropa,Subcategoría 5,Línea 23,704,7578.9,14.86,UNIDAD,True,2025-05-02
1999,7700000001999,Artículo Retail 01999,Ropa,Subcategoría 11,Línea 16,736,5680.04,3.28,UNIDAD,True,2025-10-27
2000,7700000002000,Artículo Retail 02000,Alimentos,Subcategoría 11,Línea 25,99,29175.53,16.21,UNIDAD,True,2025-03-04
2001,7700000002001,Artículo Retail 02001,Cuidado personal,Subcategoría 2,Línea 50,764,23786.19,19.12,UNIDAD,True,2025-10-19
2002,7700000002002,Artículo Retail 02002,Electrónica,Subcategoría 16,Línea 15,617,10469.76,0.45,UNIDAD,True,2025-05-09
2003,7700000002003,Artículo Retail 02003,Alimentos,Subcategoría 20,Línea 30,671,41433.94,21.73,UNIDAD,True,2025-07-13
2004,7700000002004,Artículo Retail 02004,Ropa,Subcategoría 17,Línea 18,259,70324.93,10.93,UNIDAD,True,2025-12-26
2005,7700000002005,Artículo Retail 02005,Bebés,Subcategoría 9,Línea 23,116,70429.36,,UNIDAD,True,2025-10-01
2006,7700000002006,Artículo Retail 02006,Cuidado personal,Subcategoría 4,Línea 10,60,74770.59,14.3,UNIDAD,True,2025-04-07
2007,7700000002007,Artículo Retail 02007,Electrónica,Subcategoría 10,Línea 42,485,58439.06,27.04,UNIDAD,True,2025-07-02
2008,7700000002008,Artículo Retail 02008,Hogar,Subcategoría 14,Línea 21,728,63796.35,28.94,UNIDAD,True,2025-01-16
2009,7700000002009,Artículo Retail 02009,Bebés,Subcategoría 16,Línea 8,263,6637.14,17.65,UNIDAD,True,2025-09-25
2010,7700000002010,Artículo Retail 02010,Electrónica,Subcategoría 3,Línea 40,380,18250.73,19.07,UNIDAD,True,2025-04-13
2011,7700000002011,Artículo Retail 02011,Cuidado personal,Subcategoría 4,Línea 16,734,61289.71,21.44,UNIDAD,True,2025-12-14
2012,7700000002012,Artículo Retail 02012,Electrónica,Subcategoría 3,Línea 48,433,9541.01,26.47,UNIDAD,True,2025-03-26
2013,7700000002013,Artículo Retail 02013,Alimentos,Subcategoría 10,Línea 2,366,97948.45,2.52,UNIDAD,True,2025-08-20
2014,7700000002014,Artículo Retail 02014,Ropa,Subcategoría 8,Línea 5,497,82590.94,,UNIDAD,True,2025-03-06
2015,7700000002015,Artículo Retail 02015,Alimentos,Subcategoría 1,Línea 38,410,8192.69,,UNIDAD,True,2025-03-31
2016,7700000002016,Artículo Retail 02016,Alimentos,Subcategoría 20,Línea 43,358,67005.57,3.19,UNIDAD,True,2025-06-09
2017,7700000002017,Artículo Retail 02017,Electrónica,Subcategoría 16,Línea 48,387,70719.66,7.57,UNIDAD,True,2025-10-30
2018,7700000002018,Artículo Retail 02018,Electrónica,Subcategoría 4,Línea 4,563,143802.67,3.94,UNIDAD,True,2025-09-08
2019,7700000002019,Artículo Retail 02019,Bebés,Subcategoría 18,Línea 12,127,27589.55,7.51,UNIDAD,True,2025-05-21
2020,7700000002020,Artículo Retail 02020,Cuidado personal,Subcategoría 4,Línea 39,682,37807.93,23.34,UNIDAD,True,2025-09-24
2021,7700000002021,Artículo Retail 02021,Hogar,Subcategoría 15,Línea 34,670,18506.31,26.15,UNIDAD,True,2025-03-06
2022,7700000002022,Artículo Retail 02022,Hogar,Subcategoría 18,Línea 20,18,25430.03,3.84,UNIDAD,True,2025-05-02
2023,7700000002023,Artículo Retail 02023,Hogar,Subcategoría 18,Línea 6,272,55605.59,,UNIDAD,True,2025-02-25
2024,7700000002024,Artículo Retail 02024,Hogar,Subcategoría 17,Línea 19,276,53704.67,10.77,UNIDAD,True,2025-04-24
2025,7700000002025,Artículo Retail 02025,Cuidado personal,Subcategoría 14,Línea 34,749,42420.11,20.54,UNIDAD,True,2025-04-26
2026,7700000002026,Artículo Retail 02026,Ropa,Subcategoría 10,Línea 35,502,33123.5,23.57,UNIDAD,True,2025-01-14
2027,7700000002027,Artículo Retail 02027,Alimentos,Subcategoría 12,Línea 3,621,24238.4,28.76,UNIDAD,True,2025-06-11
2028,7700000002028,Artículo Retail 02028,Ropa,Subcategoría 15,Línea 40,656,25742.92,19.59,UNIDAD,True,2025-03-05
2029,7700000002029,Artículo Retail 02029,Cuidado personal,Subcategoría 16,Línea 28,27,19066.07,2.49,UNIDAD,True,2025-10-20
2030,7700000002030,Artículo Retail 02030,Electrónica,Subcategoría 8,Línea 46,316,64606.15,26.34,UNIDAD,True,2025-11-14
2031,7700000002031,Artículo Retail 02031,Bebés,Subcategoría 6,Línea 32,260,129884.88,,UNIDAD,True,2025-07-02
2032,7700000002032,Artículo Retail 02032,Cuidado personal,Subcategoría 5,Línea 29,171,10444.22,22.1,UNIDAD,True,2025-09-01
2033,7700000002033,Artículo Retail 02033,Alimentos,Subcategoría 12,Línea 42,65,37582.3,1.87,UNIDAD,True,2025-09-09
2034,7700000002034,Artículo Retail 02034,Electrónica,Subcategoría 1,Línea 30,778,41096.85,25.5,UNIDAD,True,2025-08-26
2035,7700000002035,Artículo Retail 02035,Cuidado personal,Subcategoría 5,Línea 32,326,10576.97,27.79,UNIDAD,True,2025-05-16
2036,7700000002036,Artículo Retail 02036,Ropa,Subcategoría 6,Línea 42,721,6956.99,10.58,UNIDAD,True,2025-10-10
2037,7700000002037,Artículo Retail 02037,Electrónica,Subcategoría 6,Línea 26,235,66175.76,4.6,UNIDAD,True,2025-02-16
2038,7700000002038,Artículo Retail 02038,Cuidado personal,Subcategoría 12,Línea 10,208,111192.14,19.94,UNIDAD,False,2025-11-24
2039,7700000002039,Artículo Retail 02039,Electrónica,Subcategoría 18,Línea 1,57,42424.24,20.54,UNIDAD,True,2025-08-19
2040,7700000002040,Artículo Retail 02040,Bebés,Subcategoría 14,Línea 43,541,5262.27,9.71,UNIDAD,True,2025-09-25
2041,7700000002041,Artículo Retail 02041,Bebés,Subcategoría 12,Línea 3,297,121252.22,11.72,UNIDAD,True,2025-11-22
2042,7700000002042,Artículo Retail 02042,Ropa,Subcategoría 8,Línea 23,687,63552.01,26.13,UNIDAD,True,2025-03-01
2043,7700000002043,Artículo Retail 02043,Electrónica,Subcategoría 7,Línea 11,302,13319.92,19.58,UNIDAD,True,2025-01-20
2044,7700000002044,Artículo Retail 02044,Bebés,Subcategoría 11,Línea 11,437,60188.85,6.76,UNIDAD,True,2025-09-06
2045,7700000002045,Artículo Retail 02045,Bebés,Subcategoría 9,Línea 11,608,72474.82,18.78,UNIDAD,True,2025-11-08
2046,7700000002046,Artículo Retail 02046,Alimentos,Subcategoría 7,Línea 21,77,11137.95,9.58,UNIDAD,True,2025-06-23
2047,7700000002047,Artículo Retail 02047,Electrónica,Subcategoría 14,Línea 19,578,3551.08,14.26,UNIDAD,False,2025-03-07
2048,7700000002048,Artículo Retail 02048,Cuidado personal,Subcategoría 7,Línea 41,531,46073.04,27.9,UNIDAD,True,2025-11-11
2049,7700000002049,Artículo Retail 02049,Cuidado personal,Subcategoría 16,Línea 20,776,24256.65,8.2,UNIDAD,True,2025-03-31
2050,7700000002050,Artículo Retail 02050,Alimentos,Subcategoría 16,Línea 17,478,14360.2,9.16,UNIDAD,True,2025-12-19
2051,7700000002051,Artículo Retail 02051,Bebés,Subcategoría 3,Línea 17,545,6246.97,1.16,UNIDAD,False,2025-04-08
2052,7700000002052,Artículo Retail 02052,Electrónica,Subcategoría 11,Línea 39,253,24370.68,25.53,UNIDAD,True,2025-03-16
2053,7700000002053,Artículo Retail 02053,Hogar,Subcategoría 14,Línea 12,164,18325.69,13.11,UNIDAD,True,2025-05-08
2054,7700000002054,Artículo Retail 02054,Alimentos,Subcategoría 11,Línea 28,144,16088.55,9.28,UNIDAD,True,2025-02-13
2055,7700000002055,Artículo Retail 02055,Electrónica,Subcategoría 7,Línea 4,523,31268.37,28.46,UNIDAD,True,2025-12-08
2056,7700000002056,Artículo Retail 02056,Alimentos,Subcategoría 3,Línea 32,665,19287.28,27.89,UNIDAD,True,2025-02-01
2057,7700000002057,Artículo Retail 02057,Cuidado personal,Subcategoría 20,Línea 38,558,6029.36,14.28,UNIDAD,True,2025-02-14
2058,7700000002058,Artículo Retail 02058,Cuidado personal,Subcategoría 10,Línea 14,692,16081.21,13.61,UNIDAD,True,2025-06-09
2059,7700000002059,Artículo Retail 02059,Cuidado personal,Subcategoría 13,Línea 1,596,42397.48,11.4,UNIDAD,True,2025-05-29
2060,7700000002060,Artículo Retail 02060,Hogar,Subcategoría 11,Línea 45,660,110982.75,11.98,UNIDAD,True,2025-09-17
2061,7700000002061,Artículo Retail 02061,Bebés,Subcategoría 2,Línea 29,543,121658.85,1.43,UNIDAD,True,2025-09-05
2062,7700000002062,Artículo Retail 02062,Electrónica,Subcategoría 11,Línea 13,587,8917.03,1.6,UNIDAD,True,2025-09-29
2063,7700000002063,Artículo Retail 02063,Hogar,Subcategoría 20,Línea 5,350,11185.17,20.71,UNIDAD,True,2025-09-07
2064,7700000002064,Artículo Retail 02064,Bebés,Subcategoría 3,Línea 20,249,16341.69,0.66,UNIDAD,True,2025-02-06
2065,7700000002065,Artículo Retail 02065,Ropa,Subcategoría 16,Línea 26,402,27367.22,13.09,UNIDAD,True,2025-07-29
2066,7700000002066,Artículo Retail 02066,Alimentos,Subcategoría 4,Línea 50,335,2419.09,17.0,UNIDAD,True,2025-05-22
2067,7700000002067,Artículo Retail 02067,Alimentos,Subcategoría 20,Línea 23,74,20215.98,29.71,UNIDAD,True,2025-12-25
2068,7700000002068,Artículo Retail 02068,Electrónica,Subcategoría 17,Línea 13,273,60163.54,7.61,UNIDAD,True,2025-11-04
2069,7700000002069,Artículo Retail 02069,Bebés,Subcategoría 9,Línea 18,673,24385.78,,UNIDAD,True,2025-10-15
2070,7700000002070,Artículo Retail 02070,Hogar,Subcategoría 20,Línea 22,329,6424.37,1.96,UNIDAD,True,2025-11-25
2071,7700000002071,Artículo Retail 02071,Hogar,Subcategoría 14,Línea 26,359,5580.3,5.19,UNIDAD,False,2025-10-17
2072,7700000002072,Artículo Retail 02072,Cuidado personal,Subcategoría 12,Línea 6,695,8037.27,16.73,UNIDAD,True,2025-02-14
2073,7700000002073,Artículo Retail 02073,Electrónica,Subcategoría 19,Línea 41,646,37998.57,18.94,UNIDAD,True,2025-06-02
2074,7700000002074,Artículo Retail 02074,Alimentos,Subcategoría 10,Línea 2,485,38652.93,24.39,UNIDAD,True,2025-04-09
2075,7700000002075,Artículo Retail 02075,Cuidado personal,Subcategoría 7,Línea 28,724,6434.75,0.6,UNIDAD,True,2025-09-02
2076,7700000002076,Artículo Retail 02076,Bebés,Subcategoría 2,Línea 28,505,8507.7,13.6,UNIDAD,True,2025-09-24
2077,7700000002077,Artículo Retail 02077,Cuidado personal,Subcategoría 20,Línea 48,42,14075.71,19.43,UNIDAD,True,2025-12-28
2078,7700000002078,Artículo Retail 02078,Electrónica,Subcategoría 6,Línea 26,580,23566.81,1.11,UNIDAD,True,2025-02-05
2079,7700000002079,Artículo Retail 02079,Bebés,Subcategoría 7,Línea 43,477,6885.04,27.52,UNIDAD,True,2025-03-14
2080,7700000002080,Artículo Retail 02080,Bebés,Subcategoría 5,Línea 1,50,12258.79,5.83,UNIDAD,True,2025-12-24
2081,7700000002081,Artículo Retail 02081,Electrónica,Subcategoría 20,Línea 3,460,223093.1,26.81,UNIDAD,True,2025-06-06
2082,7700000002082,Artículo Retail 02082,Electrónica,Subcategoría 8,Línea 42,631,91409.6,9.19,UNIDAD,True,2025-04-25
2083,7700000002083,Artículo Retail 02083,Cuidado personal,Subcategoría 1,Línea 6,732,83876.66,2.91,UNIDAD,True,2025-12-06
2084,7700000002084,Artículo Retail 02084,Hogar,Subcategoría 12,Línea 6,491,13002.39,6.8,UNIDAD,True,2025-01-14
2085,7700000002085,Artículo Retail 02085,Bebés,Subcategoría 6,Línea 45,667,6540.74,1.42,UNIDAD,True,2025-03-29
2086,7700000002086,Artículo Retail 02086,Ropa,Subcategoría 3,Línea 13,461,38519.6,28.49,UNIDAD,True,2025-04-10
2087,7700000002087,Artículo Retail 02087,Ropa,Subcategoría 8,Línea 42,261,14637.27,18.81,UNIDAD,True,2025-07-14
2088,7700000002088,Artículo Retail 02088,Hogar,Subcategoría 12,Línea 25,296,9482.21,15.94,UNIDAD,True,2025-04-19
2089,7700000002089,Artículo Retail 02089,Hogar,Subcategoría 13,Línea 42,533,7362.07,7.75,UNIDAD,True,2025-06-23
2090,7700000002090,Artículo Retail 02090,Ropa,Subcategoría 12,Línea 1,548,19946.5,14.23,UNIDAD,True,2025-11-16
2091,7700000002091,Artículo Retail 02091,Alimentos,Subcategoría 17,Línea 29,555,22958.76,3.1,UNIDAD,True,2025-02-06
2092,7700000002092,Artículo Retail 02092,Ropa,Subcategoría 1,Línea 47,625,8742.62,9.37,UNIDAD,True,2025-05-10
2093,7700000002093,Artículo Retail 02093,Ropa,Subcategoría 9,Línea 10,336,41059.45,,UNIDAD,True,2025-02-13
2094,7700000002094,Artículo Retail 02094,Electrónica,Subcategoría 10,Línea 35,782,81806.1,23.67,UNIDAD,True,2025-07-27
2095,7700000002095,Artículo Retail 02095,Bebés,Subcategoría 15,Línea 47,387,17273.39,10.17,UNIDAD,True,2025-02-10
2096,7700000002096,Artículo Retail 02096,Bebés,Subcategoría 5,Línea 28,618,11338.98,2.17,UNIDAD,True,2025-03-17
2097,7700000002097,Artículo Retail 02097,Cuidado personal,Subcategoría 7,Línea 3,753,47440.85,20.06,UNIDAD,True,2025-09-12
2098,7700000002098,Artículo Retail 02098,Cuidado personal,Subcategoría 5,Línea 16,171,9883.32,6.63,UNIDAD,True,2025-02-18
2099,7700000002099,Artículo Retail 02099,Electrónica,Subcategoría 18,Línea 48,670,11414.82,29.18,UNIDAD,True,2025-12-14
2100,7700000002100,Artículo Retail 02100,Ropa,Subcategoría 4,Línea 6,199,9771.76,6.06,UNIDAD,True,2025-04-29
2101,7700000002101,Artículo Retail 02101,Hogar,Subcategoría 13,Línea 36,453,31696.74,8.26,UNIDAD,True,2025-03-21
2102,7700000002102,Artículo Retail 02102,Hogar,Subcategoría 12,Línea 9,192,27889.48,4.85,UNIDAD,True,2025-04-21
2103,7700000002103,Artículo Retail 02103,Ropa,Subcategoría 2,Línea 32,246,21371.19,29.72,UNIDAD,True,2025-04-30
2104,7700000002104,Artículo Retail 02104,Ropa,Subcategoría 4,Línea 8,216,224029.6,23.5,UNIDAD,True,2025-01-16
2105,7700000002105,Artículo Retail 02105,Ropa,Subcategoría 6,Línea 14,421,11424.76,,UNIDAD,True,2025-01-18
2106,7700000002106,Artículo Retail 02106,Alimentos,Subcategoría 14,Línea 7,268,9459.51,6.64,UNIDAD,True,2025-06-05
2107,7700000002107,Artículo Retail 02107,Bebés,Subcategoría 3,Línea 3,165,72491.05,24.24,UNIDAD,True,2025-07-04
2108,7700000002108,Artículo Retail 02108,Ropa,Subcategoría 7,Línea 11,454,19128.87,21.02,UNIDAD,True,2025-04-30
2109,7700000002109,Artículo Retail 02109,Electrónica,Subcategoría 9,Línea 10,290,62385.53,25.61,UNIDAD,True,2025-12-20
2110,7700000002110,Artículo Retail 02110,Alimentos,Subcategoría 16,Línea 45,200,97212.04,12.76,UNIDAD,True,2025-12-28
2111,7700000002111,Artículo Retail 02111,Bebés,Subcategoría 19,Línea 24,294,20320.66,24.2,UNIDAD,True,2025-07-11
2112,7700000002112,Artículo Retail 02112,Bebés,Subcategoría 1,Línea 46,474,37836.44,10.89,UNIDAD,True,2025-09-08
2113,7700000002113,Artículo Retail 02113,Hogar,Subcategoría 1,Línea 18,204,54150.91,23.52,UNIDAD,True,2025-12-13
2114,7700000002114,Artículo Retail 02114,Electrónica,Subcategoría 2,Línea 42,348,16884.76,21.74,UNIDAD,True,2025-08-26
2115,7700000002115,Artículo Retail 02115,Cuidado personal,Subcategoría 10,Línea 31,341,36070.96,17.28,UNIDAD,True,2025-04-22
2116,7700000002116,Artículo Retail 02116,Alimentos,Subcategoría 15,Línea 32,693,18628.21,22.58,UNIDAD,True,2025-07-21
2117,7700000002117,Artículo Retail 02117,Bebés,Subcategoría 6,Línea 6,135,23771.31,0.89,UNIDAD,True,2025-06-06
2118,7700000002118,Artículo Retail 02118,Alimentos,Subcategoría 18,Línea 21,301,16361.03,0.79,UNIDAD,True,2025-10-28
2119,7700000002119,Artículo Retail 02119,Cuidado personal,Subcategoría 10,Línea 19,583,6389.63,15.38,UNIDAD,True,2025-01-24
2120,7700000002120,Artículo Retail 02120,Electrónica,Subcategoría 4,Línea 13,491,4044.39,24.32,UNIDAD,True,2025-02-19
2121,7700000002121,Artículo Retail 02121,Hogar,Subcategoría 10,Línea 26,748,9823.98,11.39,UNIDAD,True,2025-11-26
2122,7700000002122,Artículo Retail 02122,Bebés,Subcategoría 2,Línea 48,124,11131.34,29.57,UNIDAD,True,2025-08-25
2123,7700000002123,Artículo Retail 02123,Cuidado personal,Subcategoría 14,Línea 22,784,57100.65,19.92,UNIDAD,True,2025-12-20
2124,7700000002124,Artículo Retail 02124,Ropa,Subcategoría 20,Línea 16,617,131335.65,9.14,UNIDAD,True,2025-06-05
2125,7700000002125,Artículo Retail 02125,Cuidado personal,Subcategoría 10,Línea 16,647,11040.28,3.11,UNIDAD,True,2025-02-10
2126,7700000002126,Artículo Retail 02126,Cuidado personal,Subcategoría 7,Línea 24,35,611030.38,4.08,UNIDAD,True,2025-05-21
2127,7700000002127,Artículo Retail 02127,Ropa,Subcategoría 19,Línea 39,167,28111.39,24.74,UNIDAD,True,2025-01-01
2128,7700000002128,Artículo Retail 02128,Ropa,Subcategoría 3,Línea 45,543,15893.28,19.32,UNIDAD,True,2025-02-17
2129,7700000002129,Artículo Retail 02129,Alimentos,Subcategoría 11,Línea 11,428,5329.04,22.55,UNIDAD,True,2025-03-27
2130,7700000002130,Artículo Retail 02130,Electrónica,Subcategoría 10,Línea 30,555,9290.62,16.7,UNIDAD,True,2025-04-25
2131,7700000002131,Artículo Retail 02131,Cuidado personal,Subcategoría 10,Línea 41,264,33566.68,4.7,UNIDAD,True,2025-05-09
2132,7700000002132,Artículo Retail 02132,Alimentos,Subcategoría 1,Línea 39,574,20629.8,9.72,UNIDAD,True,2025-12-30
2133,7700000002133,Artículo Retail 02133,Alimentos,Subcategoría 4,Línea 37,362,7663.96,17.3,UNIDAD,True,2025-05-31
2134,7700000002134,Artículo Retail 02134,Cuidado personal,Subcategoría 17,Línea 43,191,23601.67,26.08,UNIDAD,True,2025-02-12
2135,7700000002135,Artículo Retail 02135,Ropa,Subcategoría 3,Línea 37,161,44443.22,18.75,UNIDAD,True,2025-08-11
2136,7700000002136,Artículo Retail 02136,Alimentos,Subcategoría 1,Línea 38,388,18688.2,14.02,UNIDAD,True,2025-04-24
2137,7700000002137,Artículo Retail 02137,Cuidado personal,Subcategoría 18,Línea 17,409,19561.94,7.54,UNIDAD,True,2025-11-06
2138,7700000002138,Artículo Retail 02138,Electrónica,Subcategoría 20,Línea 8,655,3619.21,2.85,UNIDAD,True,2025-05-11
2139,7700000002139,Artículo Retail 02139,Ropa,Subcategoría 4,Línea 10,483,76951.67,6.25,UNIDAD,True,2025-10-06
2140,7700000002140,Artículo Retail 02140,Ropa,Subcategoría 12,Línea 35,517,21943.38,19.07,UNIDAD,True,2025-02-22
2141,7700000002141,Artículo Retail 02141,Electrónica,Subcategoría 13,Línea 50,239,21877.7,15.44,UNIDAD,True,2025-08-27
2142,7700000002142,Artículo Retail 02142,Bebés,Subcategoría 9,Línea 40,42,252278.27,12.15,UNIDAD,True,2025-08-05
2143,7700000002143,Artículo Retail 02143,Ropa,Subcategoría 1,Línea 7,337,8626.82,25.93,UNIDAD,True,2025-09-28
2144,7700000002144,Artículo Retail 02144,Bebés,Subcategoría 18,Línea 30,536,8888.56,19.19,UNIDAD,True,2025-02-22
2145,7700000002145,Artículo Retail 02145,Electrónica,Subcategoría 1,Línea 36,270,5446.35,25.97,UNIDAD,True,2025-08-02
2146,7700000002146,Artículo Retail 02146,Alimentos,Subcategoría 12,Línea 32,478,39827.45,18.26,UNIDAD,True,2025-04-09
2147,7700000002147,Artículo Retail 02147,Electrónica,Subcategoría 12,Línea 26,385,53360.19,,UNIDAD,True,2025-10-22
2148,7700000002148,Artículo Retail 02148,Electrónica,Subcategoría 14,Línea 31,218,26413.8,7.63,UNIDAD,True,2025-03-23
2149,7700000002149,Artículo Retail 02149,Ropa,Subcategoría 2,Línea 48,106,79619.77,27.83,UNIDAD,True,2025-10-19
2150,7700000002150,Artículo Retail 02150,Cuidado personal,Subcategoría 17,Línea 41,566,28975.53,13.67,UNIDAD,True,2025-05-11
2151,7700000002151,Artículo Retail 02151,Alimentos,Subcategoría 14,Línea 3,184,52020.86,12.23,UNIDAD,True,2025-08-19
2152,7700000002152,Artículo Retail 02152,Cuidado personal,Subcategoría 19,Línea 22,69,21451.95,0.17,UNIDAD,True,2025-06-22
2153,7700000002153,Artículo Retail 02153,Cuidado personal,Subcategoría 1,Línea 14,223,63601.95,0.96,UNIDAD,True,2025-01-31
2154,7700000002154,Artículo Retail 02154,Alimentos,Subcategoría 2,Línea 24,233,26374.72,10.76,UNIDAD,True,2025-09-16
2155,7700000002155,Artículo Retail 02155,Ropa,Subcategoría 15,Línea 40,26,14346.55,18.94,UNIDAD,True,2025-11-07
2156,7700000002156,Artículo Retail 02156,Electrónica,Subcategoría 2,Línea 19,245,1362.02,24.23,UNIDAD,True,2025-03-03
2157,7700000002157,Artículo Retail 02157,Bebés,Subcategoría 4,Línea 40,465,16926.56,3.8,UNIDAD,True,2025-09-12
2158,7700000002158,Artículo Retail 02158,Hogar,Subcategoría 12,Línea 12,189,11755.87,20.83,UNIDAD,True,2025-12-31
2159,7700000002159,Artículo Retail 02159,Alimentos,Subcategoría 10,Línea 4,96,38995.89,25.01,UNIDAD,True,2025-10-22
2160,7700000002160,Artículo Retail 02160,Alimentos,Subcategoría 6,Línea 3,151,38066.57,4.33,UNIDAD,True,2025-05-30
2161,7700000002161,Artículo Retail 02161,Cuidado personal,Subcategoría 10,Línea 29,487,25902.94,12.0,UNIDAD,True,2025-03-22
2162,7700000002162,Artículo Retail 02162,Alimentos,Subcategoría 4,Línea 4,140,41480.53,11.53,UNIDAD,True,2025-02-16
2163,7700000002163,Artículo Retail 02163,Hogar,Subcategoría 8,Línea 28,415,8635.48,8.17,UNIDAD,True,2025-03-11
2164,7700000002164,Artículo Retail 02164,Alimentos,Subcategoría 12,Línea 41,416,18902.52,11.82,UNIDAD,True,2025-10-21
2165,7700000002165,Artículo Retail 02165,Electrónica,Subcategoría 12,Línea 15,638,31561.09,11.57,UNIDAD,True,2025-09-15
2166,7700000002166,Artículo Retail 02166,Bebés,Subcategoría 1,Línea 35,751,25605.17,18.14,UNIDAD,True,2025-04-01
2167,7700000002167,Artículo Retail 02167,Electrónica,Subcategoría 5,Línea 41,775,16780.46,21.34,UNIDAD,True,2025-09-28
2168,7700000002168,Artículo Retail 02168,Alimentos,Subcategoría 19,Línea 37,457,2510.84,16.32,UNIDAD,True,2025-04-11
2169,7700000002169,Artículo Retail 02169,Hogar,Subcategoría 16,Línea 29,296,6364.71,13.37,UNIDAD,True,2025-03-15
2170,7700000002170,Artículo Retail 02170,Cuidado personal,Subcategoría 1,Línea 47,2,29838.0,7.29,UNIDAD,True,2025-08-19
2171,7700000002171,Artículo Retail 02171,Ropa,Subcategoría 2,Línea 9,247,13397.67,27.41,UNIDAD,True,2025-07-09
2172,7700000002172,Artículo Retail 02172,Alimentos,Subcategoría 19,Línea 31,192,25546.41,28.76,UNIDAD,True,2025-11-24
2173,7700000002173,Artículo Retail 02173,Alimentos,Subcategoría 6,Línea 5,396,15065.14,27.17,UNIDAD,True,2025-09-08
2174,7700000002174,Artículo Retail 02174,Hogar,Subcategoría 3,Línea 44,654,111150.33,26.78,UNIDAD,True,2025-03-27
2175,7700000002175,Artículo Retail 02175,Hogar,Subcategoría 6,Línea 2,183,21048.68,8.73,UNIDAD,True,2025-01-11
2176,7700000002176,Artículo Retail 02176,Alimentos,Subcategoría 8,Línea 12,494,78577.93,3.28,UNIDAD,True,2025-02-13
2177,7700000002177,Artículo Retail 02177,Hogar,Subcategoría 11,Línea 47,325,15830.72,15.52,UNIDAD,True,2025-06-09
2178,7700000002178,Artículo Retail 02178,Alimentos,Subcategoría 15,Línea 26,270,4129.5,13.55,UNIDAD,True,2025-10-28
2179,7700000002179,Artículo Retail 02179,Ropa,Subcategoría 11,Línea 21,712,2012.63,15.62,UNIDAD,True,2025-07-02
2180,7700000002180,Artículo Retail 02180,Bebés,Subcategoría 10,Línea 31,500,41249.09,9.43,UNIDAD,True,2025-03-23
2181,7700000002181,Artículo Retail 02181,Hogar,Subcategoría 5,Línea 6,347,12063.25,4.7,UNIDAD,True,2025-03-30
2182,7700000002182,Artículo Retail 02182,Cuidado personal,Subcategoría 14,Línea 9,704,41338.62,6.32,UNIDAD,True,2025-12-02
2183,7700000002183,Artículo Retail 02183,Ropa,Subcategoría 4,Línea 47,280,38940.63,,UNIDAD,True,2025-07-31
2184,7700000002184,Artículo Retail 02184,Alimentos,Subcategoría 17,Línea 23,275,9330.26,20.98,UNIDAD,True,2025-11-15
2185,7700000002185,Artículo Retail 02185,Cuidado personal,Subcategoría 12,Línea 26,40,27536.24,13.09,UNIDAD,True,2025-10-25
2186,7700000002186,Artículo Retail 02186,Cuidado personal,Subcategoría 2,Línea 4,711,8325.61,6.02,UNIDAD,True,2025-02-27
2187,7700000002187,Artículo Retail 02187,Cuidado personal,Subcategoría 10,Línea 24,61,19495.86,0.25,UNIDAD,True,2025-02-24
2188,7700000002188,Artículo Retail 02188,Bebés,Subcategoría 18,Línea 22,456,78067.49,19.17,UNIDAD,True,2025-11-23
2189,7700000002189,Artículo Retail 02189,Electrónica,Subcategoría 13,Línea 45,697,28526.88,26.95,UNIDAD,True,2025-04-10
2190,7700000002190,Artículo Retail 02190,Hogar,Subcategoría 16,Línea 4,109,26212.13,15.27,UNIDAD,True,2025-11-16
2191,7700000002191,Artículo Retail 02191,Hogar,Subcategoría 16,Línea 23,665,5821.16,2.57,UNIDAD,True,2025-10-03
2192,7700000002192,Artículo Retail 02192,Ropa,Subcategoría 4,Línea 40,56,17712.03,3.27,UNIDAD,True,2025-02-27
2193,7700000002193,Artículo Retail 02193,Hogar,Subcategoría 6,Línea 31,82,10387.6,17.12,UNIDAD,True,2025-02-09
2194,7700000002194,Artículo Retail 02194,Electrónica,Subcategoría 10,Línea 35,708,44686.07,8.64,UNIDAD,True,2025-10-11
2195,7700000002195,Artículo Retail 02195,Ropa,Subcategoría 15,Línea 34,656,91196.89,12.3,UNIDAD,True,2025-03-16
2196,7700000002196,Artículo Retail 02196,Ropa,Subcategoría 1,Línea 8,481,43675.43,8.99,UNIDAD,True,2025-08-18
2197,7700000002197,Artículo Retail 02197,Electrónica,Subcategoría 8,Línea 27,754,27768.65,5.7,UNIDAD,True,2025-11-06
2198,7700000002198,Artículo Retail 02198,Bebés,Subcategoría 16,Línea 26,722,19649.44,10.37,UNIDAD,True,2025-08-31
2199,7700000002199,Artículo Retail 02199,Bebés,Subcategoría 20,Línea 11,137,6926.69,29.62,UNIDAD,True,2025-09-29
2200,7700000002200,Artículo Retail 02200,Cuidado personal,Subcategoría 6,Línea 48,93,24627.02,10.56,UNIDAD,True,2025-04-08
2201,7700000002201,Artículo Retail 02201,Cuidado personal,Subcategoría 1,Línea 2,265,115435.68,13.56,UNIDAD,True,2025-10-10
2202,7700000002202,Artículo Retail 02202,Bebés,Subcategoría 10,Línea 12,183,55042.85,,UNIDAD,True,2025-04-24
2203,7700000002203,Artículo Retail 02203,Alimentos,Subcategoría 17,Línea 36,740,160788.62,17.36,UNIDAD,True,2025-03-08
2204,7700000002204,Artículo Retail 02204,Cuidado personal,Subcategoría 11,Línea 34,51,8095.62,13.62,UNIDAD,True,2025-01-23
2205,7700000002205,Artículo Retail 02205,Hogar,Subcategoría 1,Línea 40,30,34976.51,17.19,UNIDAD,True,2025-10-16
2206,7700000002206,Artículo Retail 02206,Bebés,Subcategoría 18,Línea 17,544,43289.07,3.27,UNIDAD,True,2025-09-23
2207,7700000002207,Artículo Retail 02207,Hogar,Subcategoría 15,Línea 18,353,5331.95,27.78,UNIDAD,False,2025-11-10
2208,7700000002208,Artículo Retail 02208,Ropa,Subcategoría 15,Línea 36,274,61640.79,28.38,UNIDAD,True,2025-07-14
2209,7700000002209,Artículo Retail 02209,Electrónica,Subcategoría 6,Línea 48,639,220732.9,14.01,UNIDAD,True,2025-05-20
2210,7700000002210,Artículo Retail 02210,Alimentos,Subcategoría 11,Línea 20,391,38683.01,29.2,UNIDAD,True,2025-11-18
2211,7700000002211,Artículo Retail 02211,Cuidado personal,Subcategoría 4,Línea 25,536,1094.37,9.4,UNIDAD,True,2025-11-15
2212,7700000002212,Artículo Retail 02212,Ropa,Subcategoría 8,Línea 11,48,11523.13,8.15,UNIDAD,True,2025-04-03
2213,7700000002213,Artículo Retail 02213,Bebés,Subcategoría 7,Línea 1,493,49672.78,3.42,UNIDAD,True,2025-01-14
2214,7700000002214,Artículo Retail 02214,Hogar,Subcategoría 19,Línea 5,29,21207.87,11.14,UNIDAD,True,2025-11-27
2215,7700000002215,Artículo Retail 02215,Cuidado personal,Subcategoría 15,Línea 27,366,24619.12,29.52,UNIDAD,True,2025-09-22
2216,7700000002216,Artículo Retail 02216,Hogar,Subcategoría 15,Línea 30,465,38247.84,5.25,UNIDAD,True,2025-10-18
2217,7700000002217,Artículo Retail 02217,Cuidado personal,Subcategoría 2,Línea 42,303,57559.88,1.91,UNIDAD,True,2025-08-24
2218,7700000002218,Artículo Retail 02218,Hogar,Subcategoría 6,Línea 26,190,20631.75,14.16,UNIDAD,True,2025-07-27
2219,7700000002219,Artículo Retail 02219,Cuidado personal,Subcategoría 18,Línea 47,132,22427.21,17.9,UNIDAD,True,2025-09-21
2220,7700000002220,Artículo Retail 02220,Alimentos,Subcategoría 1,Línea 5,291,85986.5,3.85,UNIDAD,True,2025-04-07
2221,7700000002221,Artículo Retail 02221,Cuidado personal,Subcategoría 11,Línea 46,221,7406.38,0.58,UNIDAD,True,2025-08-13
2222,7700000002222,Artículo Retail 02222,Bebés,Subcategoría 15,Línea 20,336,57593.26,20.11,UNIDAD,True,2025-09-02
2223,7700000002223,Artículo Retail 02223,Bebés,Subcategoría 15,Línea 12,565,78478.41,8.86,UNIDAD,True,2025-04-23
2224,7700000002224,Artículo Retail 02224,Ropa,Subcategoría 9,Línea 36,576,39201.93,16.33,UNIDAD,True,2025-10-30
2225,7700000002225,Artículo Retail 02225,Hogar,Subcategoría 19,Línea 43,193,10181.15,7.38,UNIDAD,True,2025-10-14
2226,7700000002226,Artículo Retail 02226,Alimentos,Subcategoría 13,Línea 29,785,53567.47,15.36,UNIDAD,True,2025-06-25
2227,7700000002227,Artículo Retail 02227,Cuidado personal,Subcategoría 1,Línea 38,207,18324.88,7.94,UNIDAD,True,2025-02-25
2228,7700000002228,Artículo Retail 02228,Cuidado personal,Subcategoría 12,Línea 7,362,8667.31,29.68,UNIDAD,True,2025-02-14
2229,7700000002229,Artículo Retail 02229,Ropa,Subcategoría 3,Línea 22,65,7324.13,13.6,UNIDAD,True,2025-11-08
2230,7700000002230,Artículo Retail 02230,Hogar,Subcategoría 12,Línea 46,54,9701.05,10.17,UNIDAD,True,2025-05-11
2231,7700000002231,Artículo Retail 02231,Electrónica,Subcategoría 20,Línea 13,523,28665.25,9.0,UNIDAD,True,2025-02-16
2232,7700000002232,Artículo Retail 02232,Ropa,Subcategoría 8,Línea 13,229,92644.16,24.24,UNIDAD,True,2025-04-08
2233,7700000002233,Artículo Retail 02233,Bebés,Subcategoría 18,Línea 45,724,20134.07,1.61,UNIDAD,True,2025-03-03
2234,7700000002234,Artículo Retail 02234,Alimentos,Subcategoría 12,Línea 33,782,8616.18,26.96,UNIDAD,True,2025-08-17
2235,7700000002235,Artículo Retail 02235,Hogar,Subcategoría 15,Línea 34,270,22594.74,20.82,UNIDAD,True,2025-05-30
2236,7700000002236,Artículo Retail 02236,Cuidado personal,Subcategoría 15,Línea 23,648,30575.62,7.77,UNIDAD,True,2025-03-13
2237,7700000002237,Artículo Retail 02237,Electrónica,Subcategoría 18,Línea 12,458,4313.53,4.7,UNIDAD,True,2025-01-15
2238,7700000002238,Artículo Retail 02238,Ropa,Subcategoría 13,Línea 21,366,8606.78,9.2,UNIDAD,True,2025-05-18
2239,7700000002239,Artículo Retail 02239,Bebés,Subcategoría 3,Línea 1,587,6447.49,21.93,UNIDAD,True,2025-10-30
2240,7700000002240,Artículo Retail 02240,Electrónica,Subcategoría 14,Línea 33,673,15304.34,15.93,UNIDAD,True,2025-08-07
2241,7700000002241,Artículo Retail 02241,Bebés,Subcategoría 8,Línea 20,118,220862.28,19.07,UNIDAD,True,2025-07-05
2242,7700000002242,Artículo Retail 02242,Hogar,Subcategoría 19,Línea 33,514,45479.75,,UNIDAD,False,2025-01-05
2243,7700000002243,Artículo Retail 02243,Alimentos,Subcategoría 13,Línea 47,284,19645.77,24.49,UNIDAD,True,2025-01-17
2244,7700000002244,Artículo Retail 02244,Cuidado personal,Subcategoría 8,Línea 20,207,36538.15,0.86,UNIDAD,True,2025-06-18
2245,7700000002245,Artículo Retail 02245,Electrónica,Subcategoría 13,Línea 8,213,28731.58,25.72,UNIDAD,True,2025-06-06
2246,7700000002246,Artículo Retail 02246,Alimentos,Subcategoría 13,Línea 15,162,2986.83,13.8,UNIDAD,True,2025-11-25
2247,7700000002247,Artículo Retail 02247,Cuidado personal,Subcategoría 14,Línea 45,55,7817.15,,UNIDAD,True,2025-09-11
2248,7700000002248,Artículo Retail 02248,Bebés,Subcategoría 20,Línea 2,404,15565.51,23.59,UNIDAD,True,2025-01-06
2249,7700000002249,Artículo Retail 02249,Alimentos,Subcategoría 3,Línea 25,691,60507.0,12.97,UNIDAD,True,2025-05-22
2250,7700000002250,Artículo Retail 02250,Electrónica,Subcategoría 14,Línea 49,406,28547.54,26.93,UNIDAD,True,2025-12-02
2251,7700000002251,Artículo Retail 02251,Ropa,Subcategoría 9,Línea 31,391,5944.26,21.63,UNIDAD,True,2025-05-10
2252,7700000002252,Artículo Retail 02252,Electrónica,Subcategoría 16,Línea 26,315,6304.65,18.33,UNIDAD,True,2025-04-29
2253,7700000002253,Artículo Retail 02253,Bebés,Subcategoría 5,Línea 23,44,6249.98,26.32,UNIDAD,True,2025-03-22
2254,7700000002254,Artículo Retail 02254,Alimentos,Subcategoría 9,Línea 42,621,14207.9,17.03,UNIDAD,True,2025-04-03
2255,7700000002255,Artículo Retail 02255,Cuidado personal,Subcategoría 5,Línea 12,182,6360.66,,UNIDAD,True,2025-09-06
2256,7700000002256,Artículo Retail 02256,Ropa,Subcategoría 14,Línea 1,723,44531.89,23.75,UNIDAD,True,2025-05-07
2257,7700000002257,Artículo Retail 02257,Hogar,Subcategoría 10,Línea 41,700,2060.72,20.86,UNIDAD,True,2025-10-27
2258,7700000002258,Artículo Retail 02258,Hogar,Subcategoría 10,Línea 26,115,193156.47,1.66,UNIDAD,True,2025-05-19
2259,7700000002259,Artículo Retail 02259,Alimentos,Subcategoría 16,Línea 40,640,26603.7,23.87,UNIDAD,True,2025-10-05
2260,7700000002260,Artículo Retail 02260,Alimentos,Subcategoría 15,Línea 35,586,47640.81,29.89,UNIDAD,True,2025-12-31
2261,7700000002261,Artículo Retail 02261,Electrónica,Subcategoría 1,Línea 5,305,9541.49,24.66,UNIDAD,True,2025-08-16
2262,7700000002262,Artículo Retail 02262,Alimentos,Subcategoría 10,Línea 5,533,22043.05,9.52,UNIDAD,True,2025-07-06
2263,7700000002263,Artículo Retail 02263,Ropa,Subcategoría 15,Línea 45,685,17889.54,23.99,UNIDAD,True,2025-11-22
2264,7700000002264,Artículo Retail 02264,Ropa,Subcategoría 1,Línea 20,424,4633.94,11.25,UNIDAD,True,2025-08-18
2265,7700000002265,Artículo Retail 02265,Electrónica,Subcategoría 2,Línea 19,227,6702.21,8.59,UNIDAD,True,2025-11-29
2266,7700000002266,Artículo Retail 02266,Electrónica,Subcategoría 17,Línea 8,431,4209.94,19.12,UNIDAD,False,2025-12-08
2267,7700000002267,Artículo Retail 02267,Ropa,Subcategoría 17,Línea 2,123,21543.69,9.78,UNIDAD,True,2025-06-25
2268,7700000002268,Artículo Retail 02268,Cuidado personal,Subcategoría 15,Línea 8,222,5513.9,5.63,UNIDAD,True,2025-06-12
2269,7700000002269,Artículo Retail 02269,Alimentos,Subcategoría 1,Línea 41,667,392180.61,4.48,UNIDAD,True,2025-06-18
2270,7700000002270,Artículo Retail 02270,Electrónica,Subcategoría 11,Línea 42,771,5634.54,25.46,UNIDAD,True,2025-01-08
2271,7700000002271,Artículo Retail 02271,Hogar,Subcategoría 7,Línea 9,640,20700.01,20.31,UNIDAD,True,2025-10-18
2272,7700000002272,Artículo Retail 02272,Hogar,Subcategoría 8,Línea 45,741,45011.44,16.27,UNIDAD,True,2025-11-11
2273,7700000002273,Artículo Retail 02273,Cuidado personal,Subcategoría 2,Línea 13,396,16629.05,26.68,UNIDAD,True,2025-12-07
2274,7700000002274,Artículo Retail 02274,Alimentos,Subcategoría 3,Línea 4,639,48253.56,13.68,UNIDAD,True,2025-01-23
2275,7700000002275,Artículo Retail 02275,Alimentos,Subcategoría 2,Línea 34,708,15165.52,9.92,UNIDAD,True,2025-04-06
2276,7700000002276,Artículo Retail 02276,Alimentos,Subcategoría 8,Línea 39,124,34148.03,23.26,UNIDAD,True,2025-03-02
2277,7700000002277,Artículo Retail 02277,Ropa,Subcategoría 18,Línea 2,124,39422.55,21.23,UNIDAD,True,2025-07-28
2278,7700000002278,Artículo Retail 02278,Bebés,Subcategoría 6,Línea 38,7,45714.52,18.35,UNIDAD,True,2025-01-16
2279,7700000002279,Artículo Retail 02279,Cuidado personal,Subcategoría 2,Línea 31,94,24062.99,7.18,UNIDAD,True,2025-06-20
2280,7700000002280,Artículo Retail 02280,Ropa,Subcategoría 19,Línea 20,237,17497.25,14.99,UNIDAD,True,2025-04-16
2281,7700000002281,Artículo Retail 02281,Cuidado personal,Subcategoría 17,Línea 48,715,22343.01,17.45,UNIDAD,True,2025-04-29
2282,7700000002282,Artículo Retail 02282,Ropa,Subcategoría 20,Línea 25,509,13426.45,23.04,UNIDAD,True,2025-10-04
2283,7700000002283,Artículo Retail 02283,Ropa,Subcategoría 12,Línea 15,680,42122.65,13.72,UNIDAD,True,2025-07-09
2284,7700000002284,Artículo Retail 02284,Bebés,Subcategoría 13,Línea 49,485,42970.38,3.65,UNIDAD,True,2025-05-31
2285,7700000002285,Artículo Retail 02285,Ropa,Subcategoría 3,Línea 50,386,67448.33,19.76,UNIDAD,True,2025-07-22
2286,7700000002286,Artículo Retail 02286,Hogar,Subcategoría 3,Línea 15,372,34702.75,13.49,UNIDAD,True,2025-09-01
2287,7700000002287,Artículo Retail 02287,Electrónica,Subcategoría 13,Línea 4,391,19713.86,28.36,UNIDAD,True,2025-08-13
2288,7700000002288,Artículo Retail 02288,Hogar,Subcategoría 10,Línea 29,344,22272.48,3.03,UNIDAD,True,2025-01-21
2289,7700000002289,Artículo Retail 02289,Bebés,Subcategoría 6,Línea 45,345,26255.86,20.02,UNIDAD,True,2025-08-05
2290,7700000002290,Artículo Retail 02290,Bebés,Subcategoría 9,Línea 13,672,10698.09,,UNIDAD,True,2025-08-06
2291,7700000002291,Artículo Retail 02291,Bebés,Subcategoría 20,Línea 20,444,45421.12,13.37,UNIDAD,True,2025-06-04
2292,7700000002292,Artículo Retail 02292,Cuidado personal,Subcategoría 16,Línea 39,730,52440.34,11.41,UNIDAD,True,2025-07-11
2293,7700000002293,Artículo Retail 02293,Hogar,Subcategoría 16,Línea 42,769,12203.22,5.03,UNIDAD,True,2025-12-05
2294,7700000002294,Artículo Retail 02294,Ropa,Subcategoría 6,Línea 10,677,50113.44,9.37,UNIDAD,True,2025-11-12
2295,7700000002295,Artículo Retail 02295,Ropa,Subcategoría 7,Línea 37,606,34239.44,18.38,UNIDAD,True,2025-07-11
2296,7700000002296,Artículo Retail 02296,Electrónica,Subcategoría 7,Línea 23,186,7099.76,10.98,UNIDAD,True,2025-05-10
2297,7700000002297,Artículo Retail 02297,Ropa,Subcategoría 11,Línea 12,99,26220.5,27.32,UNIDAD,True,2025-05-10
2298,7700000002298,Artículo Retail 02298,Electrónica,Subcategoría 12,Línea 20,180,10215.06,26.77,UNIDAD,True,2025-05-05
2299,7700000002299,Artículo Retail 02299,Hogar,Subcategoría 19,Línea 39,517,21270.17,20.51,UNIDAD,True,2025-06-21
2300,7700000002300,Artículo Retail 02300,Ropa,Subcategoría 9,Línea 7,394,203504.5,19.86,UNIDAD,True,2025-06-13
2301,7700000002301,Artículo Retail 02301,Ropa,Subcategoría 13,Línea 21,700,16416.13,3.64,UNIDAD,True,2025-11-24
2302,7700000002302,Artículo Retail 02302,Electrónica,Subcategoría 3,Línea 26,555,31383.75,7.02,UNIDAD,True,2025-12-17
2303,7700000002303,Artículo Retail 02303,Cuidado personal,Subcategoría 11,Línea 48,608,36715.68,6.22,UNIDAD,True,2025-03-10
2304,7700000002304,Artículo Retail 02304,Ropa,Subcategoría 16,Línea 16,602,43650.25,12.87,UNIDAD,True,2025-12-26
2305,7700000002305,Artículo Retail 02305,Electrónica,Subcategoría 14,Línea 47,177,8474.22,11.06,UNIDAD,True,2025-04-21
2306,7700000002306,Artículo Retail 02306,Alimentos,Subcategoría 18,Línea 37,407,52706.77,5.4,UNIDAD,True,2025-09-26
2307,7700000002307,Artículo Retail 02307,Alimentos,Subcategoría 10,Línea 9,238,14267.69,3.86,UNIDAD,True,2025-01-25
2308,7700000002308,Artículo Retail 02308,Ropa,Subcategoría 3,Línea 46,424,162579.2,21.13,UNIDAD,True,2025-05-06
2309,7700000002309,Artículo Retail 02309,Alimentos,Subcategoría 4,Línea 17,225,10253.17,3.88,UNIDAD,True,2025-06-17
2310,7700000002310,Artículo Retail 02310,Hogar,Subcategoría 5,Línea 43,100,13338.74,12.95,UNIDAD,True,2025-03-02
2311,7700000002311,Artículo Retail 02311,Cuidado personal,Subcategoría 7,Línea 8,508,15026.43,12.5,UNIDAD,False,2025-04-28
2312,7700000002312,Artículo Retail 02312,Electrónica,Subcategoría 11,Línea 49,558,10546.32,4.57,UNIDAD,True,2025-03-16
2313,7700000002313,Artículo Retail 02313,Hogar,Subcategoría 13,Línea 18,602,2429.74,21.7,UNIDAD,True,2025-09-04
2314,7700000002314,Artículo Retail 02314,Bebés,Subcategoría 19,Línea 10,104,26558.25,14.56,UNIDAD,True,2025-08-11
2315,7700000002315,Artículo Retail 02315,Hogar,Subcategoría 14,Línea 2,419,104397.77,19.09,UNIDAD,True,2025-12-07
2316,7700000002316,Artículo Retail 02316,Ropa,Subcategoría 19,Línea 4,681,70799.05,11.67,UNIDAD,True,2025-04-07
2317,7700000002317,Artículo Retail 02317,Electrónica,Subcategoría 12,Línea 10,619,25914.78,24.8,UNIDAD,True,2025-11-10
2318,7700000002318,Artículo Retail 02318,Bebés,Subcategoría 3,Línea 8,141,11126.67,5.97,UNIDAD,True,2025-02-10
2319,7700000002319,Artículo Retail 02319,Hogar,Subcategoría 1,Línea 10,501,15493.66,17.98,UNIDAD,True,2025-05-09
2320,7700000002320,Artículo Retail 02320,Ropa,Subcategoría 3,Línea 10,232,3297.23,11.3,UNIDAD,True,2025-07-11
2321,7700000002321,Artículo Retail 02321,Ropa,Subcategoría 12,Línea 18,486,38657.24,10.24,UNIDAD,True,2025-12-15
2322,7700000002322,Artículo Retail 02322,Electrónica,Subcategoría 8,Línea 26,726,16334.58,9.0,UNIDAD,True,2025-08-12
2323,7700000002323,Artículo Retail 02323,Bebés,Subcategoría 10,Línea 40,732,8007.45,22.12,UNIDAD,True,2025-09-04
2324,7700000002324,Artículo Retail 02324,Electrónica,Subcategoría 5,Línea 29,534,16218.4,10.45,UNIDAD,True,2025-10-21
2325,7700000002325,Artículo Retail 02325,Alimentos,Subcategoría 15,Línea 29,501,22228.85,1.84,UNIDAD,True,2025-07-27
2326,7700000002326,Artículo Retail 02326,Ropa,Subcategoría 4,Línea 17,594,59233.89,18.71,UNIDAD,True,2025-10-08
2327,7700000002327,Artículo Retail 02327,Cuidado personal,Subcategoría 16,Línea 49,490,6605.65,23.54,UNIDAD,True,2025-10-20
2328,7700000002328,Artículo Retail 02328,Alimentos,Subcategoría 7,Línea 26,549,5747.51,20.97,UNIDAD,True,2025-11-14
2329,7700000002329,Artículo Retail 02329,Bebés,Subcategoría 18,Línea 41,430,361842.29,11.87,UNIDAD,True,2025-10-25
2330,7700000002330,Artículo Retail 02330,Electrónica,Subcategoría 20,Línea 9,145,43939.72,7.31,UNIDAD,True,2025-06-02
2331,7700000002331,Artículo Retail 02331,Bebés,Subcategoría 2,Línea 11,81,84177.96,21.95,UNIDAD,True,2025-04-02
2332,7700000002332,Artículo Retail 02332,Cuidado personal,Subcategoría 8,Línea 7,453,20313.25,7.68,UNIDAD,True,2025-05-08
2333,7700000002333,Artículo Retail 02333,Hogar,Subcategoría 7,Línea 27,752,70085.8,20.79,UNIDAD,True,2025-06-11
2334,7700000002334,Artículo Retail 02334,Cuidado personal,Subcategoría 7,Línea 4,97,81368.15,18.96,UNIDAD,True,2025-04-08
2335,7700000002335,Artículo Retail 02335,Ropa,Subcategoría 19,Línea 42,122,42717.46,19.28,UNIDAD,True,2025-05-03
2336,7700000002336,Artículo Retail 02336,Hogar,Subcategoría 20,Línea 33,91,24958.22,19.11,UNIDAD,True,2025-05-08
2337,7700000002337,Artículo Retail 02337,Bebés,Subcategoría 11,Línea 4,76,12533.37,6.97,UNIDAD,True,2025-01-13
2338,7700000002338,Artículo Retail 02338,Bebés,Subcategoría 3,Línea 44,127,19191.7,2.91,UNIDAD,True,2025-04-27
2339,7700000002339,Artículo Retail 02339,Cuidado personal,Subcategoría 12,Línea 49,546,16404.67,28.55,UNIDAD,True,2025-05-20
2340,7700000002340,Artículo Retail 02340,Electrónica,Subcategoría 11,Línea 1,105,10597.01,4.67,UNIDAD,True,2025-06-29
2341,7700000002341,Artículo Retail 02341,Cuidado personal,Subcategoría 6,Línea 10,412,25322.56,15.16,UNIDAD,True,2025-05-10
2342,7700000002342,Artículo Retail 02342,Electrónica,Subcategoría 15,Línea 3,126,16442.65,3.84,UNIDAD,True,2025-03-09
2343,7700000002343,Artículo Retail 02343,Electrónica,Subcategoría 14,Línea 9,119,28149.63,5.74,UNIDAD,True,2025-03-15
2344,7700000002344,Artículo Retail 02344,Electrónica,Subcategoría 19,Línea 17,241,21032.27,29.96,UNIDAD,True,2025-05-09
2345,7700000002345,Artículo Retail 02345,Alimentos,Subcategoría 13,Línea 18,415,217180.9,15.45,UNIDAD,True,2025-02-15
2346,7700000002346,Artículo Retail 02346,Ropa,Subcategoría 17,Línea 9,324,7585.86,27.81,UNIDAD,True,2025-10-12
2347,7700000002347,Artículo Retail 02347,Alimentos,Subcategoría 6,Línea 4,555,24310.05,29.95,UNIDAD,True,2025-11-19
2348,7700000002348,Artículo Retail 02348,Ropa,Subcategoría 4,Línea 47,687,16302.32,15.78,UNIDAD,True,2025-12-25
2349,7700000002349,Artículo Retail 02349,Alimentos,Subcategoría 5,Línea 7,443,30912.71,18.35,UNIDAD,True,2025-02-01
2350,7700000002350,Artículo Retail 02350,Ropa,Subcategoría 14,Línea 17,261,43390.68,23.79,UNIDAD,False,2025-06-29
2351,7700000002351,Artículo Retail 02351,Electrónica,Subcategoría 18,Línea 14,536,140884.0,2.56,UNIDAD,True,2025-04-19
2352,7700000002352,Artículo Retail 02352,Electrónica,Subcategoría 15,Línea 7,642,7200.43,24.47,UNIDAD,True,2025-06-16
2353,7700000002353,Artículo Retail 02353,Bebés,Subcategoría 4,Línea 30,85,74668.57,15.57,UNIDAD,True,2025-05-31
2354,7700000002354,Artículo Retail 02354,Ropa,Subcategoría 10,Línea 48,468,7587.86,2.73,UNIDAD,True,2025-08-06
2355,7700000002355,Artículo Retail 02355,Ropa,Subcategoría 2,Línea 35,55,46208.79,20.65,UNIDAD,True,2025-08-19
2356,7700000002356,Artículo Retail 02356,Alimentos,Subcategoría 19,Línea 19,220,10157.59,22.0,UNIDAD,True,2025-05-05
2357,7700000002357,Artículo Retail 02357,Electrónica,Subcategoría 16,Línea 1,747,121550.46,18.77,UNIDAD,True,2025-10-19
2358,7700000002358,Artículo Retail 02358,Ropa,Subcategoría 16,Línea 30,316,19083.44,27.68,UNIDAD,True,2025-08-23
2359,7700000002359,Artículo Retail 02359,Electrónica,Subcategoría 16,Línea 1,551,22254.64,0.52,UNIDAD,True,2025-05-14
2360,7700000002360,Artículo Retail 02360,Ropa,Subcategoría 2,Línea 45,549,20933.99,19.97,UNIDAD,True,2025-06-02
2361,7700000002361,Artículo Retail 02361,Ropa,Subcategoría 11,Línea 48,363,19031.33,11.37,UNIDAD,True,2025-07-22
2362,7700000002362,Artículo Retail 02362,Alimentos,Subcategoría 15,Línea 3,133,3413.04,18.75,UNIDAD,True,2025-05-09
2363,7700000002363,Artículo Retail 02363,Cuidado personal,Subcategoría 6,Línea 21,659,18082.83,10.08,UNIDAD,True,2025-08-27
2364,7700000002364,Artículo Retail 02364,Bebés,Subcategoría 13,Línea 50,608,55480.25,1.66,UNIDAD,True,2025-08-23
2365,7700000002365,Artículo Retail 02365,Electrónica,Subcategoría 12,Línea 19,448,23281.02,0.92,UNIDAD,True,2025-04-21
2366,7700000002366,Artículo Retail 02366,Alimentos,Subcategoría 5,Línea 42,421,69025.24,8.7,UNIDAD,True,2025-09-14
2367,7700000002367,Artículo Retail 02367,Ropa,Subcategoría 13,Línea 27,34,9047.43,0.59,UNIDAD,True,2025-06-07
2368,7700000002368,Artículo Retail 02368,Hogar,Subcategoría 16,Línea 15,525,5154.54,10.83,UNIDAD,True,2025-04-28
2369,7700000002369,Artículo Retail 02369,Alimentos,Subcategoría 12,Línea 6,291,17934.35,13.07,UNIDAD,False,2025-01-07
2370,7700000002370,Artículo Retail 02370,Hogar,Subcategoría 10,Línea 3,717,62909.24,3.11,UNIDAD,True,2025-06-14
2371,7700000002371,Artículo Retail 02371,Alimentos,Subcategoría 15,Línea 26,756,16350.65,24.26,UNIDAD,True,2025-05-10
2372,7700000002372,Artículo Retail 02372,Bebés,Subcategoría 7,Línea 43,359,5915.8,12.14,UNIDAD,True,2025-05-19
2373,7700000002373,Artículo Retail 02373,Alimentos,Subcategoría 16,Línea 27,183,22809.4,25.79,UNIDAD,True,2025-03-12
2374,7700000002374,Artículo Retail 02374,Bebés,Subcategoría 9,Línea 46,175,62230.23,7.15,UNIDAD,True,2025-01-25
2375,7700000002375,Artículo Retail 02375,Hogar,Subcategoría 14,Línea 41,561,26566.91,8.85,UNIDAD,True,2025-03-24
2376,7700000002376,Artículo Retail 02376,Bebés,Subcategoría 15,Línea 9,446,73718.67,24.87,UNIDAD,True,2025-12-05
2377,7700000002377,Artículo Retail 02377,Cuidado personal,Subcategoría 3,Línea 45,308,71585.62,10.66,UNIDAD,True,2025-10-29
2378,7700000002378,Artículo Retail 02378,Ropa,Subcategoría 3,Línea 19,477,12236.84,12.09,UNIDAD,True,2025-11-08
2379,7700000002379,Artículo Retail 02379,Cuidado personal,Subcategoría 7,Línea 15,783,21007.03,1.35,UNIDAD,True,2025-04-10
2380,7700000002380,Artículo Retail 02380,Hogar,Subcategoría 4,Línea 9,477,71507.04,6.71,UNIDAD,True,2025-08-19
2381,7700000002381,Artículo Retail 02381,Bebés,Subcategoría 11,Línea 31,282,63692.75,10.58,UNIDAD,True,2025-04-05
2382,7700000002382,Artículo Retail 02382,Ropa,Subcategoría 14,Línea 4,173,26643.05,9.77,UNIDAD,True,2025-12-07
2383,7700000002383,Artículo Retail 02383,Cuidado personal,Subcategoría 11,Línea 23,622,7013.1,8.6,UNIDAD,True,2025-09-14
2384,7700000002384,Artículo Retail 02384,Electrónica,Subcategoría 9,Línea 30,436,54119.49,27.66,UNIDAD,True,2025-03-17
2385,7700000002385,Artículo Retail 02385,Cuidado personal,Subcategoría 12,Línea 30,640,15510.17,14.22,UNIDAD,True,2025-09-26
2386,7700000002386,Artículo Retail 02386,Cuidado personal,Subcategoría 6,Línea 33,765,123249.43,8.71,UNIDAD,True,2025-09-28
2387,7700000002387,Artículo Retail 02387,Alimentos,Subcategoría 7,Línea 45,575,131071.55,12.0,UNIDAD,True,2025-07-01
2388,7700000002388,Artículo Retail 02388,Hogar,Subcategoría 19,Línea 18,529,25831.37,21.28,UNIDAD,True,2025-01-07
2389,7700000002389,Artículo Retail 02389,Bebés,Subcategoría 16,Línea 29,409,6841.79,28.04,UNIDAD,True,2025-04-01
2390,7700000002390,Artículo Retail 02390,Hogar,Subcategoría 18,Línea 14,11,53404.92,2.99,UNIDAD,True,2025-11-11
2391,7700000002391,Artículo Retail 02391,Bebés,Subcategoría 15,Línea 6,493,12809.05,4.58,UNIDAD,True,2025-08-12
2392,7700000002392,Artículo Retail 02392,Hogar,Subcategoría 7,Línea 13,448,30761.1,25.75,UNIDAD,True,2025-11-22
2393,7700000002393,Artículo Retail 02393,Cuidado personal,Subcategoría 20,Línea 49,560,1900.84,17.82,UNIDAD,True,2025-08-05
2394,7700000002394,Artículo Retail 02394,Electrónica,Subcategoría 16,Línea 19,350,26024.68,11.36,UNIDAD,True,2025-06-10
2395,7700000002395,Artículo Retail 02395,Electrónica,Subcategoría 8,Línea 16,33,20151.87,19.08,UNIDAD,True,2025-04-09
2396,7700000002396,Artículo Retail 02396,Hogar,Subcategoría 11,Línea 19,683,56147.75,15.94,UNIDAD,True,2025-03-16
2397,7700000002397,Artículo Retail 02397,Alimentos,Subcategoría 2,Línea 29,792,227848.74,21.58,UNIDAD,True,2025-09-08
2398,7700000002398,Artículo Retail 02398,Ropa,Subcategoría 9,Línea 4,269,47706.74,15.22,UNIDAD,True,2025-04-02
2399,7700000002399,Artículo Retail 02399,Ropa,Subcategoría 6,Línea 29,303,14302.29,24.91,UNIDAD,True,2025-09-26
2400,7700000002400,Artículo Retail 02400,Electrónica,Subcategoría 11,Línea 27,324,22230.86,,UNIDAD,True,2025-08-24
2401,7700000002401,Artículo Retail 02401,Alimentos,Subcategoría 9,Línea 26,122,23276.37,20.63,UNIDAD,True,2025-07-15
2402,7700000002402,Artículo Retail 02402,Electrónica,Subcategoría 13,Línea 41,748,10721.56,16.73,UNIDAD,True,2025-03-31
2403,7700000002403,Artículo Retail 02403,Bebés,Subcategoría 18,Línea 36,619,60373.56,13.65,UNIDAD,True,2025-06-02
2404,7700000002404,Artículo Retail 02404,Alimentos,Subcategoría 7,Línea 43,42,31849.48,4.07,UNIDAD,True,2025-03-22
2405,7700000002405,Artículo Retail 02405,Alimentos,Subcategoría 12,Línea 4,737,8675.08,13.68,UNIDAD,True,2025-05-21
2406,7700000002406,Artículo Retail 02406,Hogar,Subcategoría 7,Línea 50,244,49260.56,24.11,UNIDAD,True,2025-08-20
2407,7700000002407,Artículo Retail 02407,Hogar,Subcategoría 8,Línea 19,338,27616.71,14.95,UNIDAD,True,2025-01-23
2408,7700000002408,Artículo Retail 02408,Bebés,Subcategoría 2,Línea 26,228,30140.41,28.81,UNIDAD,True,2025-09-04
2409,7700000002409,Artículo Retail 02409,Bebés,Subcategoría 1,Línea 40,385,38667.67,13.34,UNIDAD,True,2025-12-26
2410,7700000002410,Artículo Retail 02410,Alimentos,Subcategoría 7,Línea 17,328,100521.9,28.42,UNIDAD,True,2025-04-09
2411,7700000002411,Artículo Retail 02411,Ropa,Subcategoría 3,Línea 19,20,92552.58,4.87,UNIDAD,True,2025-03-15
2412,7700000002412,Artículo Retail 02412,Alimentos,Subcategoría 7,Línea 36,576,8887.55,24.33,UNIDAD,True,2025-12-25
2413,7700000002413,Artículo Retail 02413,Ropa,Subcategoría 20,Línea 14,44,17238.33,3.94,UNIDAD,False,2025-08-23
2414,7700000002414,Artículo Retail 02414,Alimentos,Subcategoría 3,Línea 9,399,10998.0,25.11,UNIDAD,True,2025-07-14
2415,7700000002415,Artículo Retail 02415,Cuidado personal,Subcategoría 3,Línea 37,621,110020.41,,UNIDAD,True,2025-11-16
2416,7700000002416,Artículo Retail 02416,Alimentos,Subcategoría 18,Línea 2,220,45606.81,,UNIDAD,True,2025-10-28
2417,7700000002417,Artículo Retail 02417,Alimentos,Subcategoría 17,Línea 39,657,7818.33,20.62,UNIDAD,True,2025-02-14
2418,7700000002418,Artículo Retail 02418,Alimentos,Subcategoría 6,Línea 40,32,17698.07,9.56,UNIDAD,True,2025-05-24
2419,7700000002419,Artículo Retail 02419,Ropa,Subcategoría 7,Línea 32,791,61798.95,4.46,UNIDAD,True,2025-01-14
2420,7700000002420,Artículo Retail 02420,Electrónica,Subcategoría 16,Línea 7,433,31948.33,14.76,UNIDAD,True,2025-05-08
2421,7700000002421,Artículo Retail 02421,Bebés,Subcategoría 9,Línea 47,464,14373.62,11.33,UNIDAD,True,2025-05-25
2422,7700000002422,Artículo Retail 02422,Ropa,Subcategoría 6,Línea 13,172,87240.35,20.92,UNIDAD,True,2025-06-30
2423,7700000002423,Artículo Retail 02423,Alimentos,Subcategoría 7,Línea 17,711,49127.65,16.38,UNIDAD,True,2025-06-13
2424,7700000002424,Artículo Retail 02424,Hogar,Subcategoría 12,Línea 33,363,3172.05,26.94,UNIDAD,True,2025-07-06
2425,7700000002425,Artículo Retail 02425,Cuidado personal,Subcategoría 11,Línea 38,515,13034.77,12.16,UNIDAD,True,2025-06-10
2426,7700000002426,Artículo Retail 02426,Electrónica,Subcategoría 1,Línea 24,591,147455.4,20.34,UNIDAD,True,2025-05-01
2427,7700000002427,Artículo Retail 02427,Alimentos,Subcategoría 20,Línea 29,218,1347.62,26.93,UNIDAD,True,2025-10-27
2428,7700000002428,Artículo Retail 02428,Electrónica,Subcategoría 14,Línea 11,748,33781.0,28.31,UNIDAD,True,2025-07-24
2429,7700000002429,Artículo Retail 02429,Alimentos,Subcategoría 13,Línea 31,171,54360.45,19.26,UNIDAD,True,2025-06-17
2430,7700000002430,Artículo Retail 02430,Alimentos,Subcategoría 6,Línea 49,409,12698.73,17.29,UNIDAD,True,2025-06-25
2431,7700000002431,Artículo Retail 02431,Cuidado personal,Subcategoría 3,Línea 37,89,690.83,29.53,UNIDAD,True,2025-12-25
2432,7700000002432,Artículo Retail 02432,Electrónica,Subcategoría 1,Línea 2,49,43713.85,1.77,UNIDAD,True,2025-08-08
2433,7700000002433,Artículo Retail 02433,Electrónica,Subcategoría 13,Línea 50,364,9162.94,27.75,UNIDAD,False,2025-10-22
2434,7700000002434,Artículo Retail 02434,Electrónica,Subcategoría 9,Línea 1,503,62000.59,,UNIDAD,True,2025-02-03
2435,7700000002435,Artículo Retail 02435,Cuidado personal,Subcategoría 18,Línea 7,217,42559.17,14.81,UNIDAD,True,2025-06-23
2436,7700000002436,Artículo Retail 02436,Bebés,Subcategoría 10,Línea 20,148,20438.25,18.07,UNIDAD,True,2025-10-01
2437,7700000002437,Artículo Retail 02437,Ropa,Subcategoría 17,Línea 17,334,27920.26,27.23,UNIDAD,True,2025-04-04
2438,7700000002438,Artículo Retail 02438,Alimentos,Subcategoría 10,Línea 25,450,4776.88,4.09,UNIDAD,True,2025-02-09
2439,7700000002439,Artículo Retail 02439,Hogar,Subcategoría 14,Línea 3,101,104163.25,27.51,UNIDAD,True,2025-12-03
2440,7700000002440,Artículo Retail 02440,Hogar,Subcategoría 10,Línea 26,22,45486.78,6.85,UNIDAD,True,2025-11-18
2441,7700000002441,Artículo Retail 02441,Bebés,Subcategoría 10,Línea 11,599,33889.31,28.93,UNIDAD,True,2025-01-06
2442,7700000002442,Artículo Retail 02442,Cuidado personal,Subcategoría 16,Línea 41,403,1784.27,12.79,UNIDAD,True,2025-04-16
2443,7700000002443,Artículo Retail 02443,Hogar,Subcategoría 9,Línea 21,6,20449.53,27.83,UNIDAD,True,2025-05-08
2444,7700000002444,Artículo Retail 02444,Cuidado personal,Subcategoría 14,Línea 7,522,6682.54,5.03,UNIDAD,True,2025-05-03
2445,7700000002445,Artículo Retail 02445,Hogar,Subcategoría 20,Línea 23,194,23053.74,27.41,UNIDAD,True,2025-07-22
2446,7700000002446,Artículo Retail 02446,Bebés,Subcategoría 7,Línea 1,724,16522.82,25.24,UNIDAD,True,2025-10-06
2447,7700000002447,Artículo Retail 02447,Hogar,Subcategoría 6,Línea 20,264,28504.57,22.63,UNIDAD,True,2025-02-14
2448,7700000002448,Artículo Retail 02448,Alimentos,Subcategoría 20,Línea 31,306,45764.48,20.38,UNIDAD,True,2025-01-20
2449,7700000002449,Artículo Retail 02449,Cuidado personal,Subcategoría 4,Línea 9,772,94104.58,15.66,UNIDAD,True,2025-04-26
2450,7700000002450,Artículo Retail 02450,Cuidado personal,Subcategoría 19,Línea 43,435,107744.93,,UNIDAD,True,2025-03-07
2451,7700000002451,Artículo Retail 02451,Hogar,Subcategoría 12,Línea 19,246,43089.84,4.36,UNIDAD,True,2025-08-14
2452,7700000002452,Artículo Retail 02452,Alimentos,Subcategoría 5,Línea 14,405,13957.85,22.53,UNIDAD,True,2025-08-09
2453,7700000002453,Artículo Retail 02453,Cuidado personal,Subcategoría 9,Línea 13,771,17324.81,14.05,UNIDAD,True,2025-03-31
2454,7700000002454,Artículo Retail 02454,Bebés,Subcategoría 2,Línea 12,783,7169.1,12.14,UNIDAD,True,2025-01-27
2455,7700000002455,Artículo Retail 02455,Bebés,Subcategoría 5,Línea 1,67,20621.76,21.54,UNIDAD,True,2025-07-15
2456,7700000002456,Artículo Retail 02456,Hogar,Subcategoría 1,Línea 43,408,21468.89,19.94,UNIDAD,True,2025-06-08
2457,7700000002457,Artículo Retail 02457,Bebés,Subcategoría 4,Línea 25,152,44144.04,3.38,UNIDAD,True,2025-03-13
2458,7700000002458,Artículo Retail 02458,Ropa,Subcategoría 20,Línea 39,509,76065.89,3.63,UNIDAD,True,2025-04-04
2459,7700000002459,Artículo Retail 02459,Electrónica,Subcategoría 1,Línea 13,702,37360.69,28.44,UNIDAD,True,2025-09-07
2460,7700000002460,Artículo Retail 02460,Cuidado personal,Subcategoría 15,Línea 49,619,41424.34,15.05,UNIDAD,True,2025-03-17
2461,7700000002461,Artículo Retail 02461,Cuidado personal,Subcategoría 5,Línea 6,392,17966.1,3.53,UNIDAD,True,2025-08-18
2462,7700000002462,Artículo Retail 02462,Bebés,Subcategoría 15,Línea 21,399,15413.92,18.19,UNIDAD,True,2025-12-31
2463,7700000002463,Artículo Retail 02463,Alimentos,Subcategoría 4,Línea 20,289,8918.91,17.48,UNIDAD,True,2025-08-11
2464,7700000002464,Artículo Retail 02464,Electrónica,Subcategoría 17,Línea 10,56,4264.05,20.14,UNIDAD,True,2025-05-10
2465,7700000002465,Artículo Retail 02465,Alimentos,Subcategoría 10,Línea 17,25,101195.27,4.33,UNIDAD,True,2025-03-15
2466,7700000002466,Artículo Retail 02466,Cuidado personal,Subcategoría 15,Línea 46,248,13337.05,14.01,UNIDAD,True,2025-09-12
2467,7700000002467,Artículo Retail 02467,Hogar,Subcategoría 8,Línea 30,273,44595.28,1.51,UNIDAD,True,2025-06-08
2468,7700000002468,Artículo Retail 02468,Cuidado personal,Subcategoría 19,Línea 43,524,55917.81,17.58,UNIDAD,True,2025-07-09
2469,7700000002469,Artículo Retail 02469,Bebés,Subcategoría 11,Línea 46,478,10969.9,13.01,UNIDAD,True,2025-05-09
2470,7700000002470,Artículo Retail 02470,Cuidado personal,Subcategoría 16,Línea 20,714,6380.62,27.16,UNIDAD,True,2025-05-10
2471,7700000002471,Artículo Retail 02471,Cuidado personal,Subcategoría 17,Línea 19,296,43454.21,22.57,UNIDAD,True,2025-07-29
2472,7700000002472,Artículo Retail 02472,Hogar,Subcategoría 17,Línea 50,423,12010.92,9.54,UNIDAD,True,2025-05-17
2473,7700000002473,Artículo Retail 02473,Cuidado personal,Subcategoría 9,Línea 41,116,54049.36,,UNIDAD,True,2025-10-04
2474,7700000002474,Artículo Retail 02474,Alimentos,Subcategoría 10,Línea 13,380,3380.22,26.58,UNIDAD,True,2025-10-06
2475,7700000002475,Artículo Retail 02475,Cuidado personal,Subcategoría 17,Línea 5,171,23510.56,26.46,UNIDAD,True,2025-03-16
2476,7700000002476,Artículo Retail 02476,Hogar,Subcategoría 11,Línea 37,271,4339.11,2.5,UNIDAD,True,2025-06-14
2477,7700000002477,Artículo Retail 02477,Alimentos,Subcategoría 19,Línea 6,440,105447.9,15.39,UNIDAD,True,2025-01-26
2478,7700000002478,Artículo Retail 02478,Bebés,Subcategoría 1,Línea 45,454,7010.99,5.95,UNIDAD,True,2025-12-21
2479,7700000002479,Artículo Retail 02479,Ropa,Subcategoría 15,Línea 27,69,56018.78,18.69,UNIDAD,True,2025-09-04
2480,7700000002480,Artículo Retail 02480,Hogar,Subcategoría 14,Línea 17,21,71737.77,24.99,UNIDAD,True,2025-06-05
2481,7700000002481,Artículo Retail 02481,Electrónica,Subcategoría 8,Línea 35,200,113242.88,29.38,UNIDAD,True,2025-11-19
2482,7700000002482,Artículo Retail 02482,Alimentos,Subcategoría 6,Línea 18,785,48138.46,8.79,UNIDAD,True,2025-08-07
2483,7700000002483,Artículo Retail 02483,Electrónica,Subcategoría 2,Línea 27,492,3133.78,18.02,UNIDAD,True,2025-02-02
2484,7700000002484,Artículo Retail 02484,Alimentos,Subcategoría 10,Línea 39,287,147687.06,,UNIDAD,True,2025-10-12
2485,7700000002485,Artículo Retail 02485,Cuidado personal,Subcategoría 2,Línea 14,198,4098.31,17.47,UNIDAD,True,2025-02-26
2486,7700000002486,Artículo Retail 02486,Electrónica,Subcategoría 10,Línea 20,427,14796.67,28.36,UNIDAD,True,2025-07-08
2487,7700000002487,Artículo Retail 02487,Hogar,Subcategoría 14,Línea 49,100,91965.28,1.01,UNIDAD,True,2025-04-21
2488,7700000002488,Artículo Retail 02488,Alimentos,Subcategoría 10,Línea 40,188,46824.91,4.26,UNIDAD,True,2025-01-27
2489,7700000002489,Artículo Retail 02489,Hogar,Subcategoría 1,Línea 1,208,32798.89,12.94,UNIDAD,True,2025-02-06
2490,7700000002490,Artículo Retail 02490,Cuidado personal,Subcategoría 3,Línea 14,670,14694.03,18.07,UNIDAD,True,2025-11-09
2491,7700000002491,Artículo Retail 02491,Hogar,Subcategoría 11,Línea 1,536,7184.43,4.94,UNIDAD,True,2025-02-10
2492,7700000002492,Artículo Retail 02492,Ropa,Subcategoría 13,Línea 5,7,46114.93,17.96,UNIDAD,True,2025-06-30
2493,7700000002493,Artículo Retail 02493,Bebés,Subcategoría 3,Línea 34,226,22825.34,17.35,UNIDAD,True,2025-08-03
2494,7700000002494,Artículo Retail 02494,Cuidado personal,Subcategoría 12,Línea 12,75,20512.41,20.26,UNIDAD,True,2025-05-06
2495,7700000002495,Artículo Retail 02495,Cuidado personal,Subcategoría 7,Línea 20,574,3084.31,26.44,UNIDAD,False,2025-03-06
2496,7700000002496,Artículo Retail 02496,Cuidado personal,Subcategoría 16,Línea 11,488,11152.27,5.64,UNIDAD,True,2025-10-10
2497,7700000002497,Artículo Retail 02497,Ropa,Subcategoría 3,Línea 20,87,9807.26,21.28,UNIDAD,True,2025-05-25
2498,7700000002498,Artículo Retail 02498,Alimentos,Subcategoría 5,Línea 15,551,13777.11,7.78,UNIDAD,True,2025-03-18
2499,7700000002499,Artículo Retail 02499,Electrónica,Subcategoría 14,Línea 28,577,5357.92,1.38,UNIDAD,True,2025-09-11
2500,7700000002500,Artículo Retail 02500,Ropa,Subcategoría 16,Línea 44,38,2818.78,17.45,UNIDAD,True,2025-05-27
2501,7700000002501,Artículo Retail 02501,Bebés,Subcategoría 6,Línea 44,370,30286.21,,UNIDAD,True,2025-07-29
2502,7700000002502,Artículo Retail 02502,Alimentos,Subcategoría 5,Línea 43,57,31639.36,6.41,UNIDAD,True,2025-04-12
2503,7700000002503,Artículo Retail 02503,Alimentos,Subcategoría 8,Línea 47,735,13961.09,29.68,UNIDAD,True,2025-05-19
2504,7700000002504,Artículo Retail 02504,Cuidado personal,Subcategoría 16,Línea 32,170,29944.54,27.01,UNIDAD,True,2025-01-02
2505,7700000002505,Artículo Retail 02505,Alimentos,Subcategoría 3,Línea 47,672,28610.85,16.63,UNIDAD,True,2025-07-26
2506,7700000002506,Artículo Retail 02506,Bebés,Subcategoría 14,Línea 45,199,107019.49,20.58,UNIDAD,True,2025-11-13
2507,7700000002507,Artículo Retail 02507,Ropa,Subcategoría 20,Línea 28,341,21068.58,24.83,UNIDAD,True,2025-06-17
2508,7700000002508,Artículo Retail 02508,Cuidado personal,Subcategoría 8,Línea 49,486,118293.53,4.45,UNIDAD,True,2025-05-01
2509,7700000002509,Artículo Retail 02509,Ropa,Subcategoría 16,Línea 33,369,39945.19,17.63,UNIDAD,False,2025-02-01
2510,7700000002510,Artículo Retail 02510,Hogar,Subcategoría 16,Línea 8,656,5755.54,7.75,UNIDAD,True,2025-08-29
2511,7700000002511,Artículo Retail 02511,Ropa,Subcategoría 10,Línea 48,760,13697.92,6.65,UNIDAD,True,2025-11-28
2512,7700000002512,Artículo Retail 02512,Cuidado personal,Subcategoría 5,Línea 39,191,7156.75,16.85,UNIDAD,True,2025-07-23
2513,7700000002513,Artículo Retail 02513,Alimentos,Subcategoría 8,Línea 34,789,1434.47,13.31,UNIDAD,True,2025-01-01
2514,7700000002514,Artículo Retail 02514,Cuidado personal,Subcategoría 17,Línea 20,696,18585.19,2.69,UNIDAD,True,2025-05-25
2515,7700000002515,Artículo Retail 02515,Ropa,Subcategoría 18,Línea 18,100,41259.28,25.89,UNIDAD,True,2025-08-23
2516,7700000002516,Artículo Retail 02516,Bebés,Subcategoría 13,Línea 2,344,6417.71,23.01,UNIDAD,True,2025-03-31
2517,7700000002517,Artículo Retail 02517,Cuidado personal,Subcategoría 17,Línea 12,521,43361.77,23.28,UNIDAD,True,2025-08-29
2518,7700000002518,Artículo Retail 02518,Hogar,Subcategoría 3,Línea 19,135,51486.58,28.96,UNIDAD,True,2025-01-01
2519,7700000002519,Artículo Retail 02519,Electrónica,Subcategoría 18,Línea 27,557,30430.76,14.99,UNIDAD,True,2025-03-13
2520,7700000002520,Artículo Retail 02520,Alimentos,Subcategoría 8,Línea 31,786,52940.26,5.95,UNIDAD,True,2025-03-11
2521,7700000002521,Artículo Retail 02521,Cuidado personal,Subcategoría 5,Línea 23,685,7954.68,5.78,UNIDAD,True,2025-04-29
2522,7700000002522,Artículo Retail 02522,Alimentos,Subcategoría 17,Línea 44,743,12496.8,11.62,UNIDAD,False,2025-02-23
2523,7700000002523,Artículo Retail 02523,Electrónica,Subcategoría 17,Línea 46,511,86746.03,0.76,UNIDAD,True,2025-04-26
2524,7700000002524,Artículo Retail 02524,Cuidado personal,Subcategoría 2,Línea 47,497,47278.72,16.47,UNIDAD,True,2025-11-07
2525,7700000002525,Artículo Retail 02525,Ropa,Subcategoría 8,Línea 38,470,55360.81,5.7,UNIDAD,True,2025-05-19
2526,7700000002526,Artículo Retail 02526,Bebés,Subcategoría 17,Línea 38,97,29063.34,12.37,UNIDAD,True,2025-11-19
2527,7700000002527,Artículo Retail 02527,Bebés,Subcategoría 20,Línea 1,742,13336.03,21.08,UNIDAD,True,2025-07-25
2528,7700000002528,Artículo Retail 02528,Alimentos,Subcategoría 6,Línea 4,316,8850.36,5.32,UNIDAD,True,2025-05-16
2529,7700000002529,Artículo Retail 02529,Ropa,Subcategoría 16,Línea 13,442,18893.71,13.19,UNIDAD,True,2025-12-03
2530,7700000002530,Artículo Retail 02530,Ropa,Subcategoría 7,Línea 32,619,1922.93,23.83,UNIDAD,True,2025-11-06
2531,7700000002531,Artículo Retail 02531,Bebés,Subcategoría 2,Línea 31,303,4608.61,14.01,UNIDAD,True,2025-06-14
2532,7700000002532,Artículo Retail 02532,Bebés,Subcategoría 15,Línea 49,359,5004.14,9.11,UNIDAD,True,2025-11-11
2533,7700000002533,Artículo Retail 02533,Ropa,Subcategoría 17,Línea 45,796,21562.3,25.26,UNIDAD,True,2025-11-22
2534,7700000002534,Artículo Retail 02534,Cuidado personal,Subcategoría 18,Línea 8,529,5454.29,26.44,UNIDAD,True,2025-04-10
2535,7700000002535,Artículo Retail 02535,Hogar,Subcategoría 10,Línea 13,704,35986.15,5.36,UNIDAD,True,2025-02-20
2536,7700000002536,Artículo Retail 02536,Hogar,Subcategoría 12,Línea 10,545,20409.24,7.49,UNIDAD,True,2025-09-04
2537,7700000002537,Artículo Retail 02537,Cuidado personal,Subcategoría 3,Línea 11,46,13471.08,25.23,UNIDAD,True,2025-11-18
2538,7700000002538,Artículo Retail 02538,Bebés,Subcategoría 12,Línea 5,583,16692.43,7.34,UNIDAD,True,2025-04-21
2539,7700000002539,Artículo Retail 02539,Hogar,Subcategoría 16,Línea 7,509,45606.16,9.95,UNIDAD,True,2025-11-16
2540,7700000002540,Artículo Retail 02540,Ropa,Subcategoría 14,Línea 16,172,74320.51,2.1,UNIDAD,True,2025-10-20
2541,7700000002541,Artículo Retail 02541,Bebés,Subcategoría 8,Línea 42,152,8563.97,20.3,UNIDAD,True,2025-11-26
2542,7700000002542,Artículo Retail 02542,Alimentos,Subcategoría 9,Línea 6,541,28670.48,28.7,UNIDAD,True,2025-07-26
2543,7700000002543,Artículo Retail 02543,Hogar,Subcategoría 10,Línea 22,563,20149.7,15.59,UNIDAD,True,2025-11-30
2544,7700000002544,Artículo Retail 02544,Hogar,Subcategoría 5,Línea 24,251,108003.29,29.27,UNIDAD,True,2025-10-03
2545,7700000002545,Artículo Retail 02545,Bebés,Subcategoría 16,Línea 36,189,20279.58,19.0,UNIDAD,True,2025-12-22
2546,7700000002546,Artículo Retail 02546,Cuidado personal,Subcategoría 16,Línea 40,61,23930.87,4.3,UNIDAD,True,2025-06-14
2547,7700000002547,Artículo Retail 02547,Hogar,Subcategoría 17,Línea 31,758,34169.66,10.79,UNIDAD,False,2025-11-29
2548,7700000002548,Artículo Retail 02548,Hogar,Subcategoría 9,Línea 48,300,44595.01,28.35,UNIDAD,False,2025-07-26
2549,7700000002549,Artículo Retail 02549,Alimentos,Subcategoría 10,Línea 27,638,43529.65,3.41,UNIDAD,True,2025-03-05
2550,7700000002550,Artículo Retail 02550,Hogar,Subcategoría 20,Línea 30,691,5907.25,18.64,UNIDAD,True,2025-05-27
2551,7700000002551,Artículo Retail 02551,Electrónica,Subcategoría 10,Línea 30,569,5900.08,22.63,UNIDAD,True,2025-10-18
2552,7700000002552,Artículo Retail 02552,Bebés,Subcategoría 15,Línea 12,194,11918.4,25.54,UNIDAD,True,2025-08-15
2553,7700000002553,Artículo Retail 02553,Electrónica,Subcategoría 1,Línea 43,763,79475.36,9.89,UNIDAD,True,2025-10-19
2554,7700000002554,Artículo Retail 02554,Alimentos,Subcategoría 7,Línea 42,538,49706.2,,UNIDAD,True,2025-01-24
2555,7700000002555,Artículo Retail 02555,Alimentos,Subcategoría 4,Línea 42,166,12273.37,24.11,UNIDAD,True,2025-07-22
2556,7700000002556,Artículo Retail 02556,Ropa,Subcategoría 17,Línea 20,429,39558.35,16.57,UNIDAD,True,2025-04-26
2557,7700000002557,Artículo Retail 02557,Alimentos,Subcategoría 12,Línea 42,285,5653.99,25.82,UNIDAD,True,2025-11-24
2558,7700000002558,Artículo Retail 02558,Hogar,Subcategoría 5,Línea 5,54,5667.27,7.51,UNIDAD,True,2025-10-04
2559,7700000002559,Artículo Retail 02559,Electrónica,Subcategoría 3,Línea 7,275,29976.99,,UNIDAD,True,2025-09-28
2560,7700000002560,Artículo Retail 02560,Bebés,Subcategoría 4,Línea 29,498,9419.27,16.36,UNIDAD,True,2025-07-03
2561,7700000002561,Artículo Retail 02561,Hogar,Subcategoría 7,Línea 6,625,99451.01,28.62,UNIDAD,True,2025-03-09
2562,7700000002562,Artículo Retail 02562,Electrónica,Subcategoría 10,Línea 41,164,47535.16,23.85,UNIDAD,True,2025-05-25
2563,7700000002563,Artículo Retail 02563,Bebés,Subcategoría 9,Línea 21,734,57802.79,19.33,UNIDAD,True,2025-01-05
2564,7700000002564,Artículo Retail 02564,Electrónica,Subcategoría 9,Línea 45,250,15713.53,11.0,UNIDAD,True,2025-02-03
2565,7700000002565,Artículo Retail 02565,Electrónica,Subcategoría 10,Línea 33,341,19564.13,15.96,UNIDAD,True,2025-08-04
2566,7700000002566,Artículo Retail 02566,Ropa,Subcategoría 1,Línea 40,38,36923.24,14.61,UNIDAD,True,2025-04-04
2567,7700000002567,Artículo Retail 02567,Ropa,Subcategoría 2,Línea 44,779,11883.13,10.75,UNIDAD,True,2025-06-10
2568,7700000002568,Artículo Retail 02568,Ropa,Subcategoría 17,Línea 27,665,18548.72,22.18,UNIDAD,True,2025-12-09
2569,7700000002569,Artículo Retail 02569,Cuidado personal,Subcategoría 10,Línea 28,711,12911.14,9.07,UNIDAD,True,2025-06-04
2570,7700000002570,Artículo Retail 02570,Hogar,Subcategoría 10,Línea 1,248,40317.88,4.94,UNIDAD,True,2025-10-03
2571,7700000002571,Artículo Retail 02571,Hogar,Subcategoría 7,Línea 2,284,16985.19,16.47,UNIDAD,True,2025-02-27
2572,7700000002572,Artículo Retail 02572,Ropa,Subcategoría 14,Línea 40,195,41650.21,2.85,UNIDAD,True,2025-12-22
2573,7700000002573,Artículo Retail 02573,Bebés,Subcategoría 11,Línea 16,233,8211.97,9.16,UNIDAD,True,2025-12-22
2574,7700000002574,Artículo Retail 02574,Ropa,Subcategoría 19,Línea 20,728,19575.86,26.56,UNIDAD,True,2025-09-09
2575,7700000002575,Artículo Retail 02575,Electrónica,Subcategoría 18,Línea 40,685,23015.17,3.17,UNIDAD,True,2025-05-16
2576,7700000002576,Artículo Retail 02576,Hogar,Subcategoría 13,Línea 38,320,11172.32,2.76,UNIDAD,True,2025-02-08
2577,7700000002577,Artículo Retail 02577,Alimentos,Subcategoría 13,Línea 7,105,4249.14,12.87,UNIDAD,True,2025-12-22
2578,7700000002578,Artículo Retail 02578,Bebés,Subcategoría 9,Línea 11,744,3837.97,22.27,UNIDAD,True,2025-08-02
2579,7700000002579,Artículo Retail 02579,Electrónica,Subcategoría 19,Línea 16,188,42851.95,11.02,UNIDAD,True,2025-05-11
2580,7700000002580,Artículo Retail 02580,Hogar,Subcategoría 7,Línea 17,283,62925.17,14.78,UNIDAD,True,2025-11-20
2581,7700000002581,Artículo Retail 02581,Alimentos,Subcategoría 4,Línea 2,206,18972.51,24.95,UNIDAD,True,2025-01-16
2582,7700000002582,Artículo Retail 02582,Bebés,Subcategoría 14,Línea 11,401,19286.6,7.6,UNIDAD,False,2025-12-02
2583,7700000002583,Artículo Retail 02583,Hogar,Subcategoría 5,Línea 26,434,30653.14,5.7,UNIDAD,True,2025-11-03
2584,7700000002584,Artículo Retail 02584,Alimentos,Subcategoría 15,Línea 21,626,62663.65,1.98,UNIDAD,True,2025-03-25
2585,7700000002585,Artículo Retail 02585,Ropa,Subcategoría 6,Línea 19,346,9509.62,29.98,UNIDAD,True,2025-08-29
2586,7700000002586,Artículo Retail 02586,Cuidado personal,Subcategoría 19,Línea 8,109,44623.74,10.22,UNIDAD,True,2025-02-23
2587,7700000002587,Artículo Retail 02587,Ropa,Subcategoría 2,Línea 19,347,8046.43,7.36,UNIDAD,True,2025-04-11
2588,7700000002588,Artículo Retail 02588,Cuidado personal,Subcategoría 6,Línea 42,367,5475.19,16.58,UNIDAD,True,2025-01-13
2589,7700000002589,Artículo Retail 02589,Hogar,Subcategoría 6,Línea 36,211,9082.06,6.56,UNIDAD,True,2025-01-09
2590,7700000002590,Artículo Retail 02590,Electrónica,Subcategoría 13,Línea 33,191,72167.68,21.7,UNIDAD,True,2025-04-26
2591,7700000002591,Artículo Retail 02591,Alimentos,Subcategoría 14,Línea 5,86,69196.07,6.76,UNIDAD,True,2025-11-24
2592,7700000002592,Artículo Retail 02592,Ropa,Subcategoría 12,Línea 23,716,6058.3,28.85,UNIDAD,True,2025-05-07
2593,7700000002593,Artículo Retail 02593,Bebés,Subcategoría 17,Línea 9,678,84348.75,17.76,UNIDAD,True,2025-05-26
2594,7700000002594,Artículo Retail 02594,Cuidado personal,Subcategoría 11,Línea 3,637,27050.02,4.73,UNIDAD,True,2025-05-06
2595,7700000002595,Artículo Retail 02595,Bebés,Subcategoría 20,Línea 6,297,35715.72,5.27,UNIDAD,True,2025-08-06
2596,7700000002596,Artículo Retail 02596,Ropa,Subcategoría 2,Línea 11,478,10536.58,15.92,UNIDAD,True,2025-12-16
2597,7700000002597,Artículo Retail 02597,Alimentos,Subcategoría 5,Línea 9,101,116199.29,15.13,UNIDAD,True,2025-03-16
2598,7700000002598,Artículo Retail 02598,Ropa,Subcategoría 10,Línea 45,730,14414.71,25.74,UNIDAD,True,2025-01-28
2599,7700000002599,Artículo Retail 02599,Ropa,Subcategoría 17,Línea 6,763,11195.93,1.82,UNIDAD,True,2025-03-07
2600,7700000002600,Artículo Retail 02600,Ropa,Subcategoría 17,Línea 48,578,29477.46,22.65,UNIDAD,True,2025-08-21
2601,7700000002601,Artículo Retail 02601,Alimentos,Subcategoría 4,Línea 26,611,5368.7,13.04,UNIDAD,True,2025-07-21
2602,7700000002602,Artículo Retail 02602,Hogar,Subcategoría 9,Línea 11,770,10952.17,15.81,UNIDAD,True,2025-12-23
2603,7700000002603,Artículo Retail 02603,Electrónica,Subcategoría 20,Línea 25,164,18790.27,27.38,UNIDAD,True,2025-01-17
2604,7700000002604,Artículo Retail 02604,Cuidado personal,Subcategoría 9,Línea 14,413,42184.84,16.61,UNIDAD,True,2025-08-09
2605,7700000002605,Artículo Retail 02605,Bebés,Subcategoría 11,Línea 40,304,78161.41,25.35,UNIDAD,True,2025-12-28
2606,7700000002606,Artículo Retail 02606,Electrónica,Subcategoría 14,Línea 35,720,16610.37,2.87,UNIDAD,True,2025-11-13
2607,7700000002607,Artículo Retail 02607,Electrónica,Subcategoría 13,Línea 14,528,9476.42,16.7,UNIDAD,True,2025-04-26
2608,7700000002608,Artículo Retail 02608,Ropa,Subcategoría 7,Línea 25,73,110427.72,12.68,UNIDAD,True,2025-12-07
2609,7700000002609,Artículo Retail 02609,Ropa,Subcategoría 5,Línea 4,143,6377.45,13.96,UNIDAD,True,2025-11-26
2610,7700000002610,Artículo Retail 02610,Bebés,Subcategoría 2,Línea 21,259,32328.5,9.48,UNIDAD,True,2025-10-07
2611,7700000002611,Artículo Retail 02611,Hogar,Subcategoría 20,Línea 28,220,15587.23,19.67,UNIDAD,True,2025-01-06
2612,7700000002612,Artículo Retail 02612,Alimentos,Subcategoría 5,Línea 40,577,33307.6,,UNIDAD,True,2025-08-25
2613,7700000002613,Artículo Retail 02613,Ropa,Subcategoría 12,Línea 22,367,9088.21,28.04,UNIDAD,True,2025-04-04
2614,7700000002614,Artículo Retail 02614,Bebés,Subcategoría 10,Línea 18,488,90842.46,7.26,UNIDAD,True,2025-12-29
2615,7700000002615,Artículo Retail 02615,Alimentos,Subcategoría 18,Línea 6,533,10442.43,27.79,UNIDAD,True,2025-12-23
2616,7700000002616,Artículo Retail 02616,Hogar,Subcategoría 20,Línea 9,663,51069.4,16.74,UNIDAD,True,2025-11-17
2617,7700000002617,Artículo Retail 02617,Hogar,Subcategoría 10,Línea 25,164,2047.65,18.73,UNIDAD,True,2025-07-28
2618,7700000002618,Artículo Retail 02618,Hogar,Subcategoría 2,Línea 19,655,61899.99,,UNIDAD,True,2025-06-20
2619,7700000002619,Artículo Retail 02619,Bebés,Subcategoría 20,Línea 15,683,25059.66,0.28,UNIDAD,True,2025-12-01
2620,7700000002620,Artículo Retail 02620,Electrónica,Subcategoría 7,Línea 28,714,8525.62,10.78,UNIDAD,True,2025-02-07
2621,7700000002621,Artículo Retail 02621,Electrónica,Subcategoría 17,Línea 22,127,33945.82,24.5,UNIDAD,True,2025-06-08
2622,7700000002622,Artículo Retail 02622,Cuidado personal,Subcategoría 4,Línea 32,321,28488.97,2.41,UNIDAD,True,2025-08-29
2623,7700000002623,Artículo Retail 02623,Cuidado personal,Subcategoría 18,Línea 14,392,13194.81,19.99,UNIDAD,True,2025-07-31
2624,7700000002624,Artículo Retail 02624,Cuidado personal,Subcategoría 7,Línea 4,82,4106.82,4.56,UNIDAD,True,2025-02-07
2625,7700000002625,Artículo Retail 02625,Ropa,Subcategoría 13,Línea 43,747,11336.99,8.76,UNIDAD,True,2025-11-20
2626,7700000002626,Artículo Retail 02626,Cuidado personal,Subcategoría 10,Línea 4,559,6339.25,19.09,UNIDAD,True,2025-10-17
2627,7700000002627,Artículo Retail 02627,Cuidado personal,Subcategoría 19,Línea 29,716,25093.91,5.27,UNIDAD,True,2025-01-17
2628,7700000002628,Artículo Retail 02628,Alimentos,Subcategoría 8,Línea 9,364,15431.46,14.3,UNIDAD,True,2025-05-26
2629,7700000002629,Artículo Retail 02629,Cuidado personal,Subcategoría 2,Línea 39,191,8688.82,5.59,UNIDAD,True,2025-01-02
2630,7700000002630,Artículo Retail 02630,Electrónica,Subcategoría 7,Línea 44,186,193885.15,13.64,UNIDAD,True,2025-06-01
2631,7700000002631,Artículo Retail 02631,Ropa,Subcategoría 16,Línea 11,652,108766.86,13.95,UNIDAD,False,2025-08-23
2632,7700000002632,Artículo Retail 02632,Alimentos,Subcategoría 9,Línea 40,377,52736.93,26.31,UNIDAD,True,2025-11-28
2633,7700000002633,Artículo Retail 02633,Bebés,Subcategoría 3,Línea 1,753,29614.52,13.54,UNIDAD,True,2025-07-19
2634,7700000002634,Artículo Retail 02634,Electrónica,Subcategoría 18,Línea 20,351,272581.39,5.32,UNIDAD,True,2025-02-27
2635,7700000002635,Artículo Retail 02635,Bebés,Subcategoría 7,Línea 50,156,21244.51,18.62,UNIDAD,True,2025-10-28
2636,7700000002636,Artículo Retail 02636,Bebés,Subcategoría 10,Línea 6,464,9905.16,24.44,UNIDAD,True,2025-10-08
2637,7700000002637,Artículo Retail 02637,Cuidado personal,Subcategoría 20,Línea 11,743,28298.07,8.48,UNIDAD,True,2025-05-03
2638,7700000002638,Artículo Retail 02638,Cuidado personal,Subcategoría 5,Línea 15,169,29759.0,21.7,UNIDAD,False,2025-09-12
2639,7700000002639,Artículo Retail 02639,Bebés,Subcategoría 14,Línea 4,205,3240.32,11.52,UNIDAD,True,2025-07-24
2640,7700000002640,Artículo Retail 02640,Cuidado personal,Subcategoría 10,Línea 20,387,167458.29,15.65,UNIDAD,True,2025-05-27
2641,7700000002641,Artículo Retail 02641,Cuidado personal,Subcategoría 11,Línea 32,610,32257.85,11.14,UNIDAD,True,2025-08-21
2642,7700000002642,Artículo Retail 02642,Hogar,Subcategoría 3,Línea 29,143,5350.13,10.62,UNIDAD,True,2025-10-24
2643,7700000002643,Artículo Retail 02643,Ropa,Subcategoría 6,Línea 38,165,17476.47,4.46,UNIDAD,True,2025-12-28
2644,7700000002644,Artículo Retail 02644,Cuidado personal,Subcategoría 15,Línea 42,446,9079.8,12.17,UNIDAD,True,2025-03-20
2645,7700000002645,Artículo Retail 02645,Electrónica,Subcategoría 2,Línea 10,753,23376.3,11.93,UNIDAD,True,2025-06-25
2646,7700000002646,Artículo Retail 02646,Cuidado personal,Subcategoría 18,Línea 24,161,11852.2,29.28,UNIDAD,True,2025-04-07
2647,7700000002647,Artículo Retail 02647,Ropa,Subcategoría 5,Línea 18,328,97544.69,13.21,UNIDAD,True,2025-05-05
2648,7700000002648,Artículo Retail 02648,Alimentos,Subcategoría 12,Línea 6,549,36927.69,3.09,UNIDAD,True,2025-01-07
2649,7700000002649,Artículo Retail 02649,Ropa,Subcategoría 15,Línea 34,103,88098.58,24.61,UNIDAD,True,2025-08-17
2650,7700000002650,Artículo Retail 02650,Ropa,Subcategoría 4,Línea 33,714,48331.83,14.9,UNIDAD,True,2025-10-11
2651,7700000002651,Artículo Retail 02651,Electrónica,Subcategoría 12,Línea 26,614,2437.36,11.74,UNIDAD,True,2025-07-29
2652,7700000002652,Artículo Retail 02652,Cuidado personal,Subcategoría 15,Línea 37,82,5776.92,5.84,UNIDAD,True,2025-02-11
2653,7700000002653,Artículo Retail 02653,Bebés,Subcategoría 20,Línea 14,167,37398.81,,UNIDAD,True,2025-09-09
2654,7700000002654,Artículo Retail 02654,Bebés,Subcategoría 5,Línea 29,80,7571.7,23.6,UNIDAD,True,2025-10-12
2655,7700000002655,Artículo Retail 02655,Alimentos,Subcategoría 1,Línea 8,789,24690.55,24.01,UNIDAD,True,2025-01-21
2656,7700000002656,Artículo Retail 02656,Ropa,Subcategoría 9,Línea 17,220,42789.11,1.42,UNIDAD,True,2025-06-15
2657,7700000002657,Artículo Retail 02657,Hogar,Subcategoría 15,Línea 3,96,36235.23,1.81,UNIDAD,True,2025-11-27
2658,7700000002658,Artículo Retail 02658,Alimentos,Subcategoría 7,Línea 16,94,52743.01,12.51,UNIDAD,True,2025-10-01
2659,7700000002659,Artículo Retail 02659,Alimentos,Subcategoría 18,Línea 26,245,32799.95,22.62,UNIDAD,True,2025-08-27
2660,7700000002660,Artículo Retail 02660,Cuidado personal,Subcategoría 8,Línea 20,640,20624.35,22.34,UNIDAD,True,2025-10-09
2661,7700000002661,Artículo Retail 02661,Bebés,Subcategoría 10,Línea 49,416,89200.24,20.59,UNIDAD,True,2025-04-18
2662,7700000002662,Artículo Retail 02662,Hogar,Subcategoría 10,Línea 20,302,10754.61,9.72,UNIDAD,True,2025-10-25
2663,7700000002663,Artículo Retail 02663,Ropa,Subcategoría 2,Línea 11,125,131134.2,16.95,UNIDAD,True,2025-02-06
2664,7700000002664,Artículo Retail 02664,Ropa,Subcategoría 1,Línea 49,676,34929.68,14.13,UNIDAD,True,2025-11-09
2665,7700000002665,Artículo Retail 02665,Cuidado personal,Subcategoría 13,Línea 41,584,10854.99,3.98,UNIDAD,True,2025-07-20
2666,7700000002666,Artículo Retail 02666,Alimentos,Subcategoría 18,Línea 39,405,13073.62,10.01,UNIDAD,True,2025-08-13
2667,7700000002667,Artículo Retail 02667,Cuidado personal,Subcategoría 14,Línea 4,14,27599.23,2.63,UNIDAD,True,2025-05-21
2668,7700000002668,Artículo Retail 02668,Ropa,Subcategoría 1,Línea 42,433,10190.9,26.81,UNIDAD,True,2025-06-02
2669,7700000002669,Artículo Retail 02669,Ropa,Subcategoría 20,Línea 1,318,29647.65,23.6,UNIDAD,True,2025-03-04
2670,7700000002670,Artículo Retail 02670,Ropa,Subcategoría 4,Línea 35,399,63488.57,14.02,UNIDAD,True,2025-05-08
2671,7700000002671,Artículo Retail 02671,Bebés,Subcategoría 5,Línea 3,355,14755.13,23.79,UNIDAD,True,2025-07-03
2672,7700000002672,Artículo Retail 02672,Ropa,Subcategoría 11,Línea 31,53,38032.62,18.8,UNIDAD,True,2025-08-23
2673,7700000002673,Artículo Retail 02673,Cuidado personal,Subcategoría 2,Línea 18,33,69937.97,,UNIDAD,True,2025-01-15
2674,7700000002674,Artículo Retail 02674,Hogar,Subcategoría 16,Línea 31,21,48210.24,1.25,UNIDAD,True,2025-04-16
2675,7700000002675,Artículo Retail 02675,Alimentos,Subcategoría 16,Línea 7,627,28351.49,4.46,UNIDAD,True,2025-10-13
2676,7700000002676,Artículo Retail 02676,Alimentos,Subcategoría 13,Línea 44,491,6570.48,5.69,UNIDAD,True,2025-09-12
2677,7700000002677,Artículo Retail 02677,Hogar,Subcategoría 9,Línea 15,479,1066.6,16.69,UNIDAD,True,2025-05-31
2678,7700000002678,Artículo Retail 02678,Hogar,Subcategoría 5,Línea 35,411,64798.91,21.3,UNIDAD,True,2025-02-22
2679,7700000002679,Artículo Retail 02679,Electrónica,Subcategoría 20,Línea 42,350,6316.09,10.35,UNIDAD,True,2025-03-20
2680,7700000002680,Artículo Retail 02680,Alimentos,Subcategoría 8,Línea 16,513,10081.98,2.98,UNIDAD,True,2025-11-15
2681,7700000002681,Artículo Retail 02681,Hogar,Subcategoría 7,Línea 37,492,8803.49,23.66,UNIDAD,True,2025-02-18
2682,7700000002682,Artículo Retail 02682,Bebés,Subcategoría 1,Línea 37,81,114020.13,10.09,UNIDAD,True,2025-05-03
2683,7700000002683,Artículo Retail 02683,Electrónica,Subcategoría 20,Línea 6,238,20147.93,25.88,UNIDAD,True,2025-05-31
2684,7700000002684,Artículo Retail 02684,Cuidado personal,Subcategoría 6,Línea 38,790,14732.23,27.07,UNIDAD,True,2025-11-22
2685,7700000002685,Artículo Retail 02685,Cuidado personal,Subcategoría 13,Línea 1,153,7945.04,10.16,UNIDAD,False,2025-04-30
2686,7700000002686,Artículo Retail 02686,Cuidado personal,Subcategoría 6,Línea 37,170,10478.51,17.29,UNIDAD,True,2025-01-26
2687,7700000002687,Artículo Retail 02687,Electrónica,Subcategoría 20,Línea 36,169,115145.5,1.09,UNIDAD,True,2025-04-23
2688,7700000002688,Artículo Retail 02688,Hogar,Subcategoría 2,Línea 27,548,22436.39,6.04,UNIDAD,True,2025-05-25
2689,7700000002689,Artículo Retail 02689,Bebés,Subcategoría 1,Línea 49,7,17498.87,24.57,UNIDAD,True,2025-02-28
2690,7700000002690,Artículo Retail 02690,Electrónica,Subcategoría 6,Línea 32,562,21566.5,7.31,UNIDAD,True,2025-12-01
2691,7700000002691,Artículo Retail 02691,Hogar,Subcategoría 3,Línea 10,447,138845.58,6.68,UNIDAD,True,2025-05-01
2692,7700000002692,Artículo Retail 02692,Alimentos,Subcategoría 9,Línea 42,505,22022.07,7.2,UNIDAD,True,2025-06-17
2693,7700000002693,Artículo Retail 02693,Alimentos,Subcategoría 16,Línea 30,148,12276.9,27.67,UNIDAD,True,2025-02-22
2694,7700000002694,Artículo Retail 02694,Ropa,Subcategoría 6,Línea 14,799,8258.32,13.3,UNIDAD,True,2025-03-15
2695,7700000002695,Artículo Retail 02695,Ropa,Subcategoría 5,Línea 40,147,13816.94,0.58,UNIDAD,True,2025-08-04
2696,7700000002696,Artículo Retail 02696,Electrónica,Subcategoría 16,Línea 31,202,8547.17,8.2,UNIDAD,True,2025-02-22
2697,7700000002697,Artículo Retail 02697,Electrónica,Subcategoría 11,Línea 42,161,8040.12,,UNIDAD,True,2025-10-05
2698,7700000002698,Artículo Retail 02698,Bebés,Subcategoría 5,Línea 37,567,63866.6,,UNIDAD,True,2025-03-23
2699,7700000002699,Artículo Retail 02699,Hogar,Subcategoría 8,Línea 8,92,2755.88,17.63,UNIDAD,True,2025-06-06
2700,7700000002700,Artículo Retail 02700,Bebés,Subcategoría 17,Línea 17,153,93853.94,4.35,UNIDAD,False,2025-12-22
2701,7700000002701,Artículo Retail 02701,Hogar,Subcategoría 13,Línea 28,534,6171.97,21.65,UNIDAD,True,2025-07-09
2702,7700000002702,Artículo Retail 02702,Alimentos,Subcategoría 8,Línea 36,676,33630.24,4.32,UNIDAD,True,2025-06-25
2703,7700000002703,Artículo Retail 02703,Alimentos,Subcategoría 11,Línea 9,85,31804.72,4.21,UNIDAD,True,2025-01-31
2704,7700000002704,Artículo Retail 02704,Electrónica,Subcategoría 5,Línea 8,154,70996.71,15.18,UNIDAD,True,2025-11-04
2705,7700000002705,Artículo Retail 02705,Hogar,Subcategoría 12,Línea 44,197,34489.77,26.81,UNIDAD,True,2025-11-17
2706,7700000002706,Artículo Retail 02706,Ropa,Subcategoría 3,Línea 34,441,24192.26,,UNIDAD,True,2025-04-28
2707,7700000002707,Artículo Retail 02707,Electrónica,Subcategoría 20,Línea 24,522,9620.19,17.64,UNIDAD,True,2025-11-21
2708,7700000002708,Artículo Retail 02708,Ropa,Subcategoría 10,Línea 18,46,14001.8,22.13,UNIDAD,True,2025-09-22
2709,7700000002709,Artículo Retail 02709,Bebés,Subcategoría 17,Línea 41,664,5146.11,20.83,UNIDAD,True,2025-12-01
2710,7700000002710,Artículo Retail 02710,Hogar,Subcategoría 14,Línea 20,169,2528.47,1.78,UNIDAD,True,2025-11-24
2711,7700000002711,Artículo Retail 02711,Ropa,Subcategoría 16,Línea 34,129,5017.58,21.37,UNIDAD,True,2025-04-25
2712,7700000002712,Artículo Retail 02712,Bebés,Subcategoría 9,Línea 47,244,12059.21,7.1,UNIDAD,True,2025-04-11
2713,7700000002713,Artículo Retail 02713,Electrónica,Subcategoría 11,Línea 40,435,48242.46,7.32,UNIDAD,True,2025-12-17
2714,7700000002714,Artículo Retail 02714,Bebés,Subcategoría 17,Línea 14,131,35160.09,23.97,UNIDAD,True,2025-08-02
2715,7700000002715,Artículo Retail 02715,Ropa,Subcategoría 8,Línea 49,457,46099.01,5.79,UNIDAD,True,2025-05-18
2716,7700000002716,Artículo Retail 02716,Electrónica,Subcategoría 16,Línea 19,204,3372.12,12.21,UNIDAD,True,2025-10-25
2717,7700000002717,Artículo Retail 02717,Hogar,Subcategoría 12,Línea 21,309,17365.03,12.19,UNIDAD,True,2025-12-07
2718,7700000002718,Artículo Retail 02718,Ropa,Subcategoría 1,Línea 3,21,7748.59,23.97,UNIDAD,True,2025-11-25
2719,7700000002719,Artículo Retail 02719,Ropa,Subcategoría 10,Línea 6,762,33694.14,29.61,UNIDAD,True,2025-07-28
2720,7700000002720,Artículo Retail 02720,Alimentos,Subcategoría 8,Línea 30,766,47906.16,9.4,UNIDAD,True,2025-09-08
2721,7700000002721,Artículo Retail 02721,Cuidado personal,Subcategoría 9,Línea 6,223,13571.39,23.16,UNIDAD,True,2025-06-24
2722,7700000002722,Artículo Retail 02722,Bebés,Subcategoría 3,Línea 37,383,18844.31,16.08,UNIDAD,True,2025-03-22
2723,7700000002723,Artículo Retail 02723,Alimentos,Subcategoría 12,Línea 7,246,55260.24,12.73,UNIDAD,True,2025-02-08
2724,7700000002724,Artículo Retail 02724,Bebés,Subcategoría 11,Línea 42,337,5348.14,18.34,UNIDAD,True,2025-04-09
2725,7700000002725,Artículo Retail 02725,Ropa,Subcategoría 16,Línea 20,678,11941.43,4.93,UNIDAD,True,2025-02-11
2726,7700000002726,Artículo Retail 02726,Electrónica,Subcategoría 1,Línea 50,228,30094.0,2.1,UNIDAD,True,2025-07-23
2727,7700000002727,Artículo Retail 02727,Bebés,Subcategoría 8,Línea 28,727,38222.27,23.97,UNIDAD,True,2025-07-29
2728,7700000002728,Artículo Retail 02728,Electrónica,Subcategoría 9,Línea 2,730,42544.22,21.05,UNIDAD,True,2025-06-08
2729,7700000002729,Artículo Retail 02729,Ropa,Subcategoría 13,Línea 19,347,67035.53,9.47,UNIDAD,True,2025-01-13
2730,7700000002730,Artículo Retail 02730,Cuidado personal,Subcategoría 19,Línea 1,437,89366.94,21.67,UNIDAD,True,2025-12-07
2731,7700000002731,Artículo Retail 02731,Electrónica,Subcategoría 10,Línea 18,617,17931.29,13.27,UNIDAD,True,2025-06-07
2732,7700000002732,Artículo Retail 02732,Alimentos,Subcategoría 18,Línea 50,400,41364.65,6.93,UNIDAD,True,2025-09-02
2733,7700000002733,Artículo Retail 02733,Ropa,Subcategoría 7,Línea 45,324,27994.15,15.4,UNIDAD,True,2025-11-30
2734,7700000002734,Artículo Retail 02734,Hogar,Subcategoría 12,Línea 8,156,9162.3,16.55,UNIDAD,True,2025-08-25
2735,7700000002735,Artículo Retail 02735,Cuidado personal,Subcategoría 6,Línea 32,540,18753.59,26.06,UNIDAD,True,2025-09-12
2736,7700000002736,Artículo Retail 02736,Cuidado personal,Subcategoría 16,Línea 13,73,13746.4,13.22,UNIDAD,True,2025-03-03
2737,7700000002737,Artículo Retail 02737,Electrónica,Subcategoría 12,Línea 49,744,22579.56,12.35,UNIDAD,True,2025-02-11
2738,7700000002738,Artículo Retail 02738,Alimentos,Subcategoría 5,Línea 2,96,77765.93,15.89,UNIDAD,True,2025-09-26
2739,7700000002739,Artículo Retail 02739,Cuidado personal,Subcategoría 14,Línea 48,217,17660.99,19.29,UNIDAD,True,2025-12-16
2740,7700000002740,Artículo Retail 02740,Cuidado personal,Subcategoría 15,Línea 7,588,43940.87,17.61,UNIDAD,True,2025-05-11
2741,7700000002741,Artículo Retail 02741,Electrónica,Subcategoría 1,Línea 44,402,11047.65,21.73,UNIDAD,True,2025-09-12
2742,7700000002742,Artículo Retail 02742,Alimentos,Subcategoría 6,Línea 37,455,5793.54,29.25,UNIDAD,True,2025-02-10
2743,7700000002743,Artículo Retail 02743,Electrónica,Subcategoría 20,Línea 13,471,9643.32,15.24,UNIDAD,True,2025-09-25
2744,7700000002744,Artículo Retail 02744,Bebés,Subcategoría 8,Línea 26,575,10961.41,19.15,UNIDAD,True,2025-11-26
2745,7700000002745,Artículo Retail 02745,Ropa,Subcategoría 4,Línea 34,749,30184.67,19.18,UNIDAD,True,2025-12-29
2746,7700000002746,Artículo Retail 02746,Bebés,Subcategoría 5,Línea 40,696,5710.04,0.99,UNIDAD,True,2025-06-03
2747,7700000002747,Artículo Retail 02747,Alimentos,Subcategoría 12,Línea 13,198,22928.76,25.49,UNIDAD,True,2025-05-18
2748,7700000002748,Artículo Retail 02748,Cuidado personal,Subcategoría 14,Línea 42,593,10633.06,16.97,UNIDAD,True,2025-04-07
2749,7700000002749,Artículo Retail 02749,Hogar,Subcategoría 9,Línea 36,157,96307.08,28.76,UNIDAD,True,2025-03-15
2750,7700000002750,Artículo Retail 02750,Hogar,Subcategoría 11,Línea 33,304,36964.93,11.65,UNIDAD,True,2025-05-29
2751,7700000002751,Artículo Retail 02751,Electrónica,Subcategoría 9,Línea 24,565,5867.56,5.73,UNIDAD,True,2025-03-14
2752,7700000002752,Artículo Retail 02752,Electrónica,Subcategoría 4,Línea 34,562,10636.23,28.64,UNIDAD,True,2025-06-05
2753,7700000002753,Artículo Retail 02753,Electrónica,Subcategoría 11,Línea 10,297,15682.83,0.13,UNIDAD,True,2025-09-22
2754,7700000002754,Artículo Retail 02754,Alimentos,Subcategoría 19,Línea 24,620,20538.46,8.34,UNIDAD,True,2025-07-01
2755,7700000002755,Artículo Retail 02755,Alimentos,Subcategoría 8,Línea 15,44,10000.14,23.28,UNIDAD,True,2025-08-07
2756,7700000002756,Artículo Retail 02756,Cuidado personal,Subcategoría 18,Línea 33,571,38641.23,21.03,UNIDAD,True,2025-01-30
2757,7700000002757,Artículo Retail 02757,Alimentos,Subcategoría 19,Línea 40,210,13469.68,14.65,UNIDAD,True,2025-09-04
2758,7700000002758,Artículo Retail 02758,Ropa,Subcategoría 19,Línea 39,777,4002.99,18.31,UNIDAD,True,2025-04-02
2759,7700000002759,Artículo Retail 02759,Bebés,Subcategoría 7,Línea 42,279,77553.99,12.66,UNIDAD,True,2025-05-02
2760,7700000002760,Artículo Retail 02760,Bebés,Subcategoría 2,Línea 8,253,22653.54,13.99,UNIDAD,True,2025-11-23
2761,7700000002761,Artículo Retail 02761,Cuidado personal,Subcategoría 1,Línea 40,206,63220.13,10.08,UNIDAD,True,2025-11-07
2762,7700000002762,Artículo Retail 02762,Alimentos,Subcategoría 13,Línea 10,450,167245.98,11.08,UNIDAD,True,2025-07-02
2763,7700000002763,Artículo Retail 02763,Hogar,Subcategoría 18,Línea 46,756,24419.24,25.04,UNIDAD,True,2025-07-22
2764,7700000002764,Artículo Retail 02764,Electrónica,Subcategoría 9,Línea 12,200,32087.44,21.91,UNIDAD,True,2025-05-14
2765,7700000002765,Artículo Retail 02765,Cuidado personal,Subcategoría 6,Línea 5,499,19938.28,15.48,UNIDAD,True,2025-01-23
2766,7700000002766,Artículo Retail 02766,Ropa,Subcategoría 9,Línea 33,789,25507.56,27.0,UNIDAD,True,2025-07-26
2767,7700000002767,Artículo Retail 02767,Hogar,Subcategoría 5,Línea 41,400,24598.91,0.92,UNIDAD,True,2025-11-11
2768,7700000002768,Artículo Retail 02768,Ropa,Subcategoría 5,Línea 47,415,7653.4,22.02,UNIDAD,True,2025-11-22
2769,7700000002769,Artículo Retail 02769,Ropa,Subcategoría 20,Línea 6,719,56722.9,13.94,UNIDAD,True,2025-10-30
2770,7700000002770,Artículo Retail 02770,Cuidado personal,Subcategoría 18,Línea 44,371,74686.3,7.15,UNIDAD,True,2025-02-04
2771,7700000002771,Artículo Retail 02771,Cuidado personal,Subcategoría 3,Línea 43,405,54621.64,9.66,UNIDAD,True,2025-09-01
2772,7700000002772,Artículo Retail 02772,Cuidado personal,Subcategoría 16,Línea 7,176,34132.5,25.41,UNIDAD,True,2025-07-04
2773,7700000002773,Artículo Retail 02773,Hogar,Subcategoría 12,Línea 35,342,60737.61,27.0,UNIDAD,True,2025-12-08
2774,7700000002774,Artículo Retail 02774,Alimentos,Subcategoría 2,Línea 3,792,4397.91,29.37,UNIDAD,True,2025-03-09
2775,7700000002775,Artículo Retail 02775,Cuidado personal,Subcategoría 1,Línea 10,51,51374.19,12.53,UNIDAD,True,2025-05-06
2776,7700000002776,Artículo Retail 02776,Bebés,Subcategoría 15,Línea 6,31,62812.56,9.86,UNIDAD,True,2025-05-08
2777,7700000002777,Artículo Retail 02777,Hogar,Subcategoría 14,Línea 8,165,3325.44,,UNIDAD,True,2025-12-19
2778,7700000002778,Artículo Retail 02778,Electrónica,Subcategoría 13,Línea 29,87,28488.97,20.92,UNIDAD,True,2025-01-04
2779,7700000002779,Artículo Retail 02779,Bebés,Subcategoría 1,Línea 16,669,58578.1,2.39,UNIDAD,True,2025-12-07
2780,7700000002780,Artículo Retail 02780,Alimentos,Subcategoría 15,Línea 41,279,42858.86,26.87,UNIDAD,True,2025-08-08
2781,7700000002781,Artículo Retail 02781,Electrónica,Subcategoría 1,Línea 33,604,36550.37,9.63,UNIDAD,True,2025-05-25
2782,7700000002782,Artículo Retail 02782,Hogar,Subcategoría 15,Línea 16,334,35182.45,,UNIDAD,True,2025-09-09
2783,7700000002783,Artículo Retail 02783,Cuidado personal,Subcategoría 16,Línea 25,510,8536.91,3.38,UNIDAD,True,2025-02-13
2784,7700000002784,Artículo Retail 02784,Bebés,Subcategoría 17,Línea 1,760,164627.14,17.97,UNIDAD,True,2025-05-07
2785,7700000002785,Artículo Retail 02785,Bebés,Subcategoría 12,Línea 47,135,19585.23,14.4,UNIDAD,True,2025-11-09
2786,7700000002786,Artículo Retail 02786,Ropa,Subcategoría 10,Línea 18,108,111705.21,18.33,UNIDAD,True,2025-01-26
2787,7700000002787,Artículo Retail 02787,Electrónica,Subcategoría 20,Línea 16,297,28520.03,26.77,UNIDAD,True,2025-02-21
2788,7700000002788,Artículo Retail 02788,Cuidado personal,Subcategoría 12,Línea 44,4,88415.06,10.92,UNIDAD,True,2025-02-11
2789,7700000002789,Artículo Retail 02789,Ropa,Subcategoría 15,Línea 29,697,55785.15,28.74,UNIDAD,True,2025-01-30
2790,7700000002790,Artículo Retail 02790,Bebés,Subcategoría 3,Línea 47,750,11015.64,8.22,UNIDAD,True,2025-11-26
2791,7700000002791,Artículo Retail 02791,Alimentos,Subcategoría 13,Línea 22,717,30173.35,11.11,UNIDAD,True,2025-03-22
2792,7700000002792,Artículo Retail 02792,Cuidado personal,Subcategoría 12,Línea 34,787,11922.81,19.29,UNIDAD,True,2025-01-05
2793,7700000002793,Artículo Retail 02793,Cuidado personal,Subcategoría 18,Línea 8,615,41431.48,,UNIDAD,True,2025-11-11
2794,7700000002794,Artículo Retail 02794,Cuidado personal,Subcategoría 17,Línea 42,25,21710.47,9.44,UNIDAD,True,2025-05-22
2795,7700000002795,Artículo Retail 02795,Electrónica,Subcategoría 4,Línea 6,743,42482.06,28.69,UNIDAD,True,2025-11-27
2796,7700000002796,Artículo Retail 02796,Electrónica,Subcategoría 17,Línea 24,223,9718.96,25.16,UNIDAD,True,2025-12-03
2797,7700000002797,Artículo Retail 02797,Bebés,Subcategoría 20,Línea 15,778,49740.5,26.24,UNIDAD,True,2025-02-26
2798,7700000002798,Artículo Retail 02798,Electrónica,Subcategoría 13,Línea 30,704,15251.96,22.12,UNIDAD,True,2025-12-15
2799,7700000002799,Artículo Retail 02799,Hogar,Subcategoría 5,Línea 12,53,5761.1,26.31,UNIDAD,True,2025-10-24
2800,7700000002800,Artículo Retail 02800,Hogar,Subcategoría 17,Línea 19,69,115510.5,7.32,UNIDAD,True,2025-01-06
2801,7700000002801,Artículo Retail 02801,Bebés,Subcategoría 2,Línea 1,595,77004.17,5.31,UNIDAD,True,2025-02-28
2802,7700000002802,Artículo Retail 02802,Electrónica,Subcategoría 8,Línea 22,186,29636.09,7.99,UNIDAD,True,2025-02-12
2803,7700000002803,Artículo Retail 02803,Ropa,Subcategoría 19,Línea 29,329,33057.31,19.78,UNIDAD,True,2025-12-06
2804,7700000002804,Artículo Retail 02804,Alimentos,Subcategoría 16,Línea 28,519,38306.44,6.8,UNIDAD,True,2025-05-03
2805,7700000002805,Artículo Retail 02805,Hogar,Subcategoría 15,Línea 7,18,50721.17,,UNIDAD,True,2025-10-02
2806,7700000002806,Artículo Retail 02806,Cuidado personal,Subcategoría 2,Línea 8,157,9428.9,14.78,UNIDAD,True,2025-07-31
2807,7700000002807,Artículo Retail 02807,Ropa,Subcategoría 3,Línea 15,325,9288.39,27.71,UNIDAD,True,2025-11-23
2808,7700000002808,Artículo Retail 02808,Cuidado personal,Subcategoría 9,Línea 50,587,22761.63,6.99,UNIDAD,True,2025-10-03
2809,7700000002809,Artículo Retail 02809,Electrónica,Subcategoría 10,Línea 23,445,12307.32,27.14,UNIDAD,True,2025-08-01
2810,7700000002810,Artículo Retail 02810,Hogar,Subcategoría 4,Línea 45,354,6172.95,27.12,UNIDAD,True,2025-04-14
2811,7700000002811,Artículo Retail 02811,Hogar,Subcategoría 3,Línea 8,435,44830.2,4.75,UNIDAD,True,2025-07-28
2812,7700000002812,Artículo Retail 02812,Bebés,Subcategoría 4,Línea 39,307,24221.05,26.3,UNIDAD,True,2025-01-22
2813,7700000002813,Artículo Retail 02813,Hogar,Subcategoría 18,Línea 1,152,24709.5,,UNIDAD,True,2025-10-23
2814,7700000002814,Artículo Retail 02814,Bebés,Subcategoría 5,Línea 9,57,46197.98,9.9,UNIDAD,True,2025-03-07
2815,7700000002815,Artículo Retail 02815,Electrónica,Subcategoría 4,Línea 46,519,58574.41,12.31,UNIDAD,True,2025-04-19
2816,7700000002816,Artículo Retail 02816,Bebés,Subcategoría 13,Línea 40,780,38891.4,9.25,UNIDAD,True,2025-12-17
2817,7700000002817,Artículo Retail 02817,Ropa,Subcategoría 11,Línea 33,722,3971.33,12.08,UNIDAD,True,2025-10-03
2818,7700000002818,Artículo Retail 02818,Bebés,Subcategoría 18,Línea 40,658,23104.14,12.5,UNIDAD,True,2025-10-18
2819,7700000002819,Artículo Retail 02819,Electrónica,Subcategoría 1,Línea 46,523,24642.25,3.12,UNIDAD,True,2025-05-24
2820,7700000002820,Artículo Retail 02820,Bebés,Subcategoría 9,Línea 7,732,22989.26,11.22,UNIDAD,True,2025-10-30
2821,7700000002821,Artículo Retail 02821,Cuidado personal,Subcategoría 2,Línea 3,389,40763.06,26.54,UNIDAD,True,2025-08-06
2822,7700000002822,Artículo Retail 02822,Electrónica,Subcategoría 11,Línea 32,233,87270.16,9.33,UNIDAD,True,2025-05-16
2823,7700000002823,Artículo Retail 02823,Alimentos,Subcategoría 5,Línea 11,132,46913.87,8.1,UNIDAD,True,2025-07-22
2824,7700000002824,Artículo Retail 02824,Alimentos,Subcategoría 4,Línea 10,345,43989.99,5.97,UNIDAD,True,2025-08-07
2825,7700000002825,Artículo Retail 02825,Ropa,Subcategoría 17,Línea 22,138,6143.75,13.85,UNIDAD,True,2025-01-02
2826,7700000002826,Artículo Retail 02826,Bebés,Subcategoría 3,Línea 44,62,30422.53,,UNIDAD,True,2025-01-09
2827,7700000002827,Artículo Retail 02827,Bebés,Subcategoría 18,Línea 34,468,21224.4,26.06,UNIDAD,True,2025-10-06
2828,7700000002828,Artículo Retail 02828,Ropa,Subcategoría 11,Línea 19,279,84066.46,6.26,UNIDAD,True,2025-08-31
2829,7700000002829,Artículo Retail 02829,Hogar,Subcategoría 12,Línea 26,629,11082.7,3.31,UNIDAD,True,2025-06-08
2830,7700000002830,Artículo Retail 02830,Ropa,Subcategoría 3,Línea 18,346,37736.04,4.61,UNIDAD,True,2025-06-02
2831,7700000002831,Artículo Retail 02831,Ropa,Subcategoría 1,Línea 16,618,25035.02,6.27,UNIDAD,True,2025-07-14
2832,7700000002832,Artículo Retail 02832,Ropa,Subcategoría 9,Línea 44,174,50332.1,20.77,UNIDAD,True,2025-03-03
2833,7700000002833,Artículo Retail 02833,Hogar,Subcategoría 20,Línea 26,512,9684.46,13.97,UNIDAD,True,2025-01-30
2834,7700000002834,Artículo Retail 02834,Ropa,Subcategoría 2,Línea 4,140,31124.11,13.95,UNIDAD,True,2025-11-14
2835,7700000002835,Artículo Retail 02835,Bebés,Subcategoría 20,Línea 17,503,192471.18,1.17,UNIDAD,True,2025-05-08
2836,7700000002836,Artículo Retail 02836,Electrónica,Subcategoría 3,Línea 14,2,31664.43,0.43,UNIDAD,True,2025-02-06
2837,7700000002837,Artículo Retail 02837,Bebés,Subcategoría 7,Línea 32,634,26937.31,27.3,UNIDAD,True,2025-04-07
2838,7700000002838,Artículo Retail 02838,Hogar,Subcategoría 3,Línea 6,321,24501.98,,UNIDAD,True,2025-03-24
2839,7700000002839,Artículo Retail 02839,Bebés,Subcategoría 11,Línea 25,519,212152.79,24.73,UNIDAD,True,2025-07-21
2840,7700000002840,Artículo Retail 02840,Alimentos,Subcategoría 15,Línea 15,22,1280.72,22.86,UNIDAD,True,2025-11-05
2841,7700000002841,Artículo Retail 02841,Electrónica,Subcategoría 16,Línea 34,577,7775.05,10.31,UNIDAD,True,2025-11-11
2842,7700000002842,Artículo Retail 02842,Ropa,Subcategoría 9,Línea 35,518,45926.61,8.14,UNIDAD,True,2025-10-05
2843,7700000002843,Artículo Retail 02843,Hogar,Subcategoría 17,Línea 12,436,5927.16,28.44,UNIDAD,True,2025-04-27
2844,7700000002844,Artículo Retail 02844,Ropa,Subcategoría 5,Línea 4,649,25691.69,6.95,UNIDAD,True,2025-06-10
2845,7700000002845,Artículo Retail 02845,Hogar,Subcategoría 15,Línea 49,184,2682.46,24.64,UNIDAD,True,2025-09-24
2846,7700000002846,Artículo Retail 02846,Cuidado personal,Subcategoría 16,Línea 5,145,4603.58,8.35,UNIDAD,True,2025-02-20
2847,7700000002847,Artículo Retail 02847,Ropa,Subcategoría 2,Línea 26,627,17168.71,18.33,UNIDAD,True,2025-10-19
2848,7700000002848,Artículo Retail 02848,Hogar,Subcategoría 17,Línea 27,795,2686.19,23.1,UNIDAD,True,2025-05-03
2849,7700000002849,Artículo Retail 02849,Electrónica,Subcategoría 6,Línea 44,308,63335.76,15.61,UNIDAD,True,2025-08-04
2850,7700000002850,Artículo Retail 02850,Bebés,Subcategoría 7,Línea 49,309,11017.87,29.11,UNIDAD,True,2025-03-05
2851,7700000002851,Artículo Retail 02851,Cuidado personal,Subcategoría 11,Línea 7,454,44409.58,29.18,UNIDAD,True,2025-01-19
2852,7700000002852,Artículo Retail 02852,Bebés,Subcategoría 17,Línea 1,147,24843.56,15.61,UNIDAD,True,2025-06-12
2853,7700000002853,Artículo Retail 02853,Hogar,Subcategoría 15,Línea 20,493,4727.56,25.09,UNIDAD,True,2025-04-05
2854,7700000002854,Artículo Retail 02854,Alimentos,Subcategoría 5,Línea 6,766,20142.61,,UNIDAD,True,2025-04-07
2855,7700000002855,Artículo Retail 02855,Alimentos,Subcategoría 12,Línea 2,46,120944.62,12.73,UNIDAD,True,2025-08-25
2856,7700000002856,Artículo Retail 02856,Bebés,Subcategoría 5,Línea 23,350,10820.91,19.8,UNIDAD,True,2025-02-11
2857,7700000002857,Artículo Retail 02857,Ropa,Subcategoría 1,Línea 2,457,11779.19,4.66,UNIDAD,True,2025-06-09
2858,7700000002858,Artículo Retail 02858,Cuidado personal,Subcategoría 15,Línea 12,198,89944.42,29.54,UNIDAD,True,2025-05-15
2859,7700000002859,Artículo Retail 02859,Hogar,Subcategoría 10,Línea 31,526,35859.11,27.45,UNIDAD,True,2025-10-06
2860,7700000002860,Artículo Retail 02860,Ropa,Subcategoría 12,Línea 23,210,30335.32,7.51,UNIDAD,True,2025-08-19
2861,7700000002861,Artículo Retail 02861,Bebés,Subcategoría 1,Línea 46,430,50754.44,,UNIDAD,True,2025-10-02
2862,7700000002862,Artículo Retail 02862,Alimentos,Subcategoría 3,Línea 17,341,29748.62,26.73,UNIDAD,True,2025-05-09
2863,7700000002863,Artículo Retail 02863,Hogar,Subcategoría 7,Línea 29,511,10287.08,19.7,UNIDAD,True,2025-11-08
2864,7700000002864,Artículo Retail 02864,Electrónica,Subcategoría 8,Línea 33,101,8045.04,25.96,UNIDAD,True,2025-12-25
2865,7700000002865,Artículo Retail 02865,Bebés,Subcategoría 20,Línea 26,328,172240.24,5.54,UNIDAD,True,2025-03-30
2866,7700000002866,Artículo Retail 02866,Cuidado personal,Subcategoría 18,Línea 23,120,42024.38,2.3,UNIDAD,True,2025-08-13
2867,7700000002867,Artículo Retail 02867,Hogar,Subcategoría 6,Línea 31,518,114092.23,,UNIDAD,True,2025-02-20
2868,7700000002868,Artículo Retail 02868,Ropa,Subcategoría 11,Línea 16,420,4808.76,4.71,UNIDAD,True,2025-01-01
2869,7700000002869,Artículo Retail 02869,Electrónica,Subcategoría 17,Línea 35,39,16741.36,20.41,UNIDAD,True,2025-01-31
2870,7700000002870,Artículo Retail 02870,Electrónica,Subcategoría 1,Línea 40,647,54448.69,6.19,UNIDAD,False,2025-05-21
2871,7700000002871,Artículo Retail 02871,Cuidado personal,Subcategoría 2,Línea 40,681,7929.8,5.34,UNIDAD,True,2025-11-21
2872,7700000002872,Artículo Retail 02872,Bebés,Subcategoría 17,Línea 33,759,18128.89,,UNIDAD,True,2025-01-31
2873,7700000002873,Artículo Retail 02873,Cuidado personal,Subcategoría 2,Línea 28,204,21608.63,8.01,UNIDAD,True,2025-09-19
2874,7700000002874,Artículo Retail 02874,Hogar,Subcategoría 8,Línea 3,400,21380.93,21.86,UNIDAD,True,2025-09-14
2875,7700000002875,Artículo Retail 02875,Cuidado personal,Subcategoría 8,Línea 10,325,47370.9,29.45,UNIDAD,True,2025-11-29
2876,7700000002876,Artículo Retail 02876,Alimentos,Subcategoría 16,Línea 20,643,5622.22,7.59,UNIDAD,True,2025-01-31
2877,7700000002877,Artículo Retail 02877,Hogar,Subcategoría 11,Línea 22,665,24547.35,9.02,UNIDAD,True,2025-12-21
2878,7700000002878,Artículo Retail 02878,Alimentos,Subcategoría 14,Línea 4,526,11460.97,18.37,UNIDAD,True,2025-09-04
2879,7700000002879,Artículo Retail 02879,Electrónica,Subcategoría 1,Línea 41,501,24784.87,14.02,UNIDAD,True,2025-10-28
2880,7700000002880,Artículo Retail 02880,Ropa,Subcategoría 4,Línea 10,429,136801.89,16.22,UNIDAD,True,2025-11-28
2881,7700000002881,Artículo Retail 02881,Bebés,Subcategoría 2,Línea 22,403,53561.46,,UNIDAD,True,2025-08-06
2882,7700000002882,Artículo Retail 02882,Hogar,Subcategoría 2,Línea 30,741,65437.12,1.76,UNIDAD,True,2025-05-15
2883,7700000002883,Artículo Retail 02883,Cuidado personal,Subcategoría 10,Línea 10,714,12346.66,12.23,UNIDAD,True,2025-05-26
2884,7700000002884,Artículo Retail 02884,Ropa,Subcategoría 14,Línea 16,575,119136.57,24.43,UNIDAD,True,2025-09-04
2885,7700000002885,Artículo Retail 02885,Bebés,Subcategoría 13,Línea 30,625,18694.26,5.02,UNIDAD,True,2025-06-24
2886,7700000002886,Artículo Retail 02886,Electrónica,Subcategoría 13,Línea 24,356,29524.09,2.91,UNIDAD,True,2025-01-09
2887,7700000002887,Artículo Retail 02887,Hogar,Subcategoría 17,Línea 9,506,4635.71,12.31,UNIDAD,True,2025-09-01
2888,7700000002888,Artículo Retail 02888,Bebés,Subcategoría 7,Línea 45,116,18862.12,0.39,UNIDAD,True,2025-10-18
2889,7700000002889,Artículo Retail 02889,Ropa,Subcategoría 3,Línea 19,61,46966.66,9.96,UNIDAD,True,2025-04-14
2890,7700000002890,Artículo Retail 02890,Cuidado personal,Subcategoría 14,Línea 11,693,13703.04,19.74,UNIDAD,True,2025-03-27
2891,7700000002891,Artículo Retail 02891,Bebés,Subcategoría 6,Línea 43,1,40128.46,22.33,UNIDAD,True,2025-01-19
2892,7700000002892,Artículo Retail 02892,Electrónica,Subcategoría 9,Línea 41,355,12280.56,5.99,UNIDAD,True,2025-10-23
2893,7700000002893,Artículo Retail 02893,Ropa,Subcategoría 1,Línea 3,247,25900.27,29.07,UNIDAD,True,2025-03-07
2894,7700000002894,Artículo Retail 02894,Bebés,Subcategoría 1,Línea 39,56,43315.69,19.68,UNIDAD,True,2025-07-27
2895,7700000002895,Artículo Retail 02895,Bebés,Subcategoría 8,Línea 40,663,36847.41,5.05,UNIDAD,True,2025-12-11
2896,7700000002896,Artículo Retail 02896,Electrónica,Subcategoría 3,Línea 12,527,11132.84,4.58,UNIDAD,False,2025-03-24
2897,7700000002897,Artículo Retail 02897,Hogar,Subcategoría 20,Línea 24,503,55198.71,23.22,UNIDAD,True,2025-03-18
2898,7700000002898,Artículo Retail 02898,Alimentos,Subcategoría 7,Línea 23,707,60887.15,16.67,UNIDAD,True,2025-09-07
2899,7700000002899,Artículo Retail 02899,Ropa,Subcategoría 19,Línea 48,173,10308.79,4.29,UNIDAD,True,2025-04-08
2900,7700000002900,Artículo Retail 02900,Hogar,Subcategoría 14,Línea 32,560,15791.18,21.34,UNIDAD,True,2025-01-04
2901,7700000002901,Artículo Retail 02901,Alimentos,Subcategoría 14,Línea 44,573,21031.18,2.48,UNIDAD,True,2025-03-26
2902,7700000002902,Artículo Retail 02902,Electrónica,Subcategoría 6,Línea 40,23,16285.2,21.97,UNIDAD,True,2025-06-21
2903,7700000002903,Artículo Retail 02903,Electrónica,Subcategoría 18,Línea 9,622,107684.96,11.44,UNIDAD,True,2025-03-23
2904,7700000002904,Artículo Retail 02904,Bebés,Subcategoría 15,Línea 36,509,2971.04,17.24,UNIDAD,True,2025-03-28
2905,7700000002905,Artículo Retail 02905,Cuidado personal,Subcategoría 20,Línea 22,795,50996.66,19.62,UNIDAD,True,2025-04-29
2906,7700000002906,Artículo Retail 02906,Cuidado personal,Subcategoría 13,Línea 39,693,16647.56,4.12,UNIDAD,True,2025-05-25
2907,7700000002907,Artículo Retail 02907,Cuidado personal,Subcategoría 10,Línea 21,76,81818.82,,UNIDAD,True,2025-11-28
2908,7700000002908,Artículo Retail 02908,Bebés,Subcategoría 13,Línea 50,641,45450.71,28.2,UNIDAD,True,2025-10-08
2909,7700000002909,Artículo Retail 02909,Cuidado personal,Subcategoría 5,Línea 30,208,5233.96,23.87,UNIDAD,True,2025-03-03
2910,7700000002910,Artículo Retail 02910,Alimentos,Subcategoría 20,Línea 5,44,48094.06,12.69,UNIDAD,True,2025-11-29
2911,7700000002911,Artículo Retail 02911,Cuidado personal,Subcategoría 2,Línea 42,543,4392.26,19.67,UNIDAD,True,2025-02-10
2912,7700000002912,Artículo Retail 02912,Bebés,Subcategoría 2,Línea 46,676,13974.59,28.86,UNIDAD,True,2025-11-24
2913,7700000002913,Artículo Retail 02913,Alimentos,Subcategoría 11,Línea 29,136,42368.64,26.4,UNIDAD,True,2025-03-09
2914,7700000002914,Artículo Retail 02914,Bebés,Subcategoría 4,Línea 29,10,8851.73,10.75,UNIDAD,True,2025-06-22
2915,7700000002915,Artículo Retail 02915,Alimentos,Subcategoría 15,Línea 45,645,12585.07,0.12,UNIDAD,True,2025-12-02
2916,7700000002916,Artículo Retail 02916,Alimentos,Subcategoría 9,Línea 33,6,84727.06,20.46,UNIDAD,True,2025-11-12
2917,7700000002917,Artículo Retail 02917,Bebés,Subcategoría 9,Línea 2,111,6520.96,6.69,UNIDAD,True,2025-03-20
2918,7700000002918,Artículo Retail 02918,Cuidado personal,Subcategoría 13,Línea 4,147,11420.19,16.3,UNIDAD,True,2025-11-05
2919,7700000002919,Artículo Retail 02919,Hogar,Subcategoría 17,Línea 5,184,18668.73,11.02,UNIDAD,True,2025-07-08
2920,7700000002920,Artículo Retail 02920,Cuidado personal,Subcategoría 4,Línea 27,340,22910.99,21.34,UNIDAD,True,2025-12-14
2921,7700000002921,Artículo Retail 02921,Bebés,Subcategoría 4,Línea 13,352,10995.28,9.53,UNIDAD,True,2025-08-17
2922,7700000002922,Artículo Retail 02922,Alimentos,Subcategoría 15,Línea 44,623,21495.47,9.67,UNIDAD,True,2025-08-22
2923,7700000002923,Artículo Retail 02923,Cuidado personal,Subcategoría 9,Línea 37,537,93967.91,19.79,UNIDAD,True,2025-12-06
2924,7700000002924,Artículo Retail 02924,Hogar,Subcategoría 15,Línea 31,493,163873.19,21.42,UNIDAD,True,2025-09-03
2925,7700000002925,Artículo Retail 02925,Electrónica,Subcategoría 2,Línea 9,668,15953.99,19.13,UNIDAD,True,2025-02-13
2926,7700000002926,Artículo Retail 02926,Hogar,Subcategoría 12,Línea 50,42,6629.26,15.95,UNIDAD,True,2025-04-20
2927,7700000002927,Artículo Retail 02927,Cuidado personal,Subcategoría 18,Línea 44,325,29172.89,16.43,UNIDAD,True,2025-08-22
2928,7700000002928,Artículo Retail 02928,Hogar,Subcategoría 10,Línea 21,703,39958.59,23.46,UNIDAD,True,2025-06-30
2929,7700000002929,Artículo Retail 02929,Alimentos,Subcategoría 15,Línea 39,768,8174.59,5.36,UNIDAD,True,2025-02-01
2930,7700000002930,Artículo Retail 02930,Alimentos,Subcategoría 16,Línea 45,628,14372.32,21.55,UNIDAD,True,2025-03-07
2931,7700000002931,Artículo Retail 02931,Bebés,Subcategoría 6,Línea 4,338,60793.26,15.62,UNIDAD,True,2025-07-24
2932,7700000002932,Artículo Retail 02932,Hogar,Subcategoría 19,Línea 34,582,164153.02,21.55,UNIDAD,True,2025-11-22
2933,7700000002933,Artículo Retail 02933,Cuidado personal,Subcategoría 2,Línea 4,331,28204.02,11.93,UNIDAD,True,2025-11-26
2934,7700000002934,Artículo Retail 02934,Alimentos,Subcategoría 18,Línea 32,387,17620.63,22.94,UNIDAD,True,2025-03-01
2935,7700000002935,Artículo Retail 02935,Ropa,Subcategoría 15,Línea 27,376,6823.07,,UNIDAD,True,2025-12-08
2936,7700000002936,Artículo Retail 02936,Cuidado personal,Subcategoría 15,Línea 1,402,46471.4,19.62,UNIDAD,True,2025-05-07
2937,7700000002937,Artículo Retail 02937,Ropa,Subcategoría 18,Línea 14,380,33007.27,24.61,UNIDAD,True,2025-07-16
2938,7700000002938,Artículo Retail 02938,Bebés,Subcategoría 5,Línea 31,19,41475.14,20.82,UNIDAD,True,2025-03-04
2939,7700000002939,Artículo Retail 02939,Bebés,Subcategoría 13,Línea 24,575,4107.6,9.24,UNIDAD,True,2025-10-05
2940,7700000002940,Artículo Retail 02940,Alimentos,Subcategoría 7,Línea 10,338,10389.48,10.94,UNIDAD,True,2025-09-17
2941,7700000002941,Artículo Retail 02941,Bebés,Subcategoría 8,Línea 31,449,14271.11,8.77,UNIDAD,True,2025-09-08
2942,7700000002942,Artículo Retail 02942,Bebés,Subcategoría 18,Línea 13,386,67011.68,0.37,UNIDAD,True,2025-09-10
2943,7700000002943,Artículo Retail 02943,Electrónica,Subcategoría 16,Línea 50,287,18766.02,27.7,UNIDAD,False,2025-11-14
2944,7700000002944,Artículo Retail 02944,Bebés,Subcategoría 7,Línea 5,253,39434.42,27.24,UNIDAD,True,2025-11-18
2945,7700000002945,Artículo Retail 02945,Alimentos,Subcategoría 20,Línea 5,352,36170.4,13.96,UNIDAD,True,2025-10-28
2946,7700000002946,Artículo Retail 02946,Ropa,Subcategoría 6,Línea 33,293,214785.96,4.38,UNIDAD,True,2025-11-23
2947,7700000002947,Artículo Retail 02947,Electrónica,Subcategoría 10,Línea 29,559,11545.12,20.02,UNIDAD,True,2025-03-21
2948,7700000002948,Artículo Retail 02948,Ropa,Subcategoría 3,Línea 28,643,10131.31,16.44,UNIDAD,True,2025-03-04
2949,7700000002949,Artículo Retail 02949,Electrónica,Subcategoría 6,Línea 29,477,17573.86,,UNIDAD,True,2025-06-02
2950,7700000002950,Artículo Retail 02950,Ropa,Subcategoría 9,Línea 49,100,14049.63,2.59,UNIDAD,True,2025-09-04
2951,7700000002951,Artículo Retail 02951,Bebés,Subcategoría 10,Línea 4,319,9354.01,,UNIDAD,True,2025-08-31
2952,7700000002952,Artículo Retail 02952,Cuidado personal,Subcategoría 6,Línea 23,690,12968.36,2.72,UNIDAD,True,2025-05-12
2953,7700000002953,Artículo Retail 02953,Ropa,Subcategoría 19,Línea 35,389,160517.76,24.91,UNIDAD,True,2025-11-14
2954,7700000002954,Artículo Retail 02954,Bebés,Subcategoría 9,Línea 15,628,28517.1,0.45,UNIDAD,True,2025-07-05
2955,7700000002955,Artículo Retail 02955,Bebés,Subcategoría 19,Línea 15,10,20025.95,3.3,UNIDAD,True,2025-12-19
2956,7700000002956,Artículo Retail 02956,Bebés,Subcategoría 14,Línea 31,187,58376.43,18.35,UNIDAD,True,2025-09-28
2957,7700000002957,Artículo Retail 02957,Cuidado personal,Subcategoría 7,Línea 31,783,91263.44,18.72,UNIDAD,True,2025-08-10
2958,7700000002958,Artículo Retail 02958,Ropa,Subcategoría 15,Línea 50,780,7361.66,4.36,UNIDAD,True,2025-05-02
2959,7700000002959,Artículo Retail 02959,Bebés,Subcategoría 6,Línea 2,560,61533.54,3.82,UNIDAD,True,2025-06-19
2960,7700000002960,Artículo Retail 02960,Alimentos,Subcategoría 11,Línea 15,192,150389.86,21.47,UNIDAD,True,2025-03-26
2961,7700000002961,Artículo Retail 02961,Cuidado personal,Subcategoría 18,Línea 38,471,12910.67,12.64,UNIDAD,True,2025-06-10
2962,7700000002962,Artículo Retail 02962,Bebés,Subcategoría 15,Línea 43,432,100403.18,13.94,UNIDAD,True,2025-10-11
2963,7700000002963,Artículo Retail 02963,Electrónica,Subcategoría 17,Línea 14,375,65587.56,15.97,UNIDAD,True,2025-07-29
2964,7700000002964,Artículo Retail 02964,Alimentos,Subcategoría 19,Línea 20,175,5082.95,24.37,UNIDAD,True,2025-11-25
2965,7700000002965,Artículo Retail 02965,Alimentos,Subcategoría 4,Línea 29,530,38952.8,15.99,UNIDAD,True,2025-06-21
2966,7700000002966,Artículo Retail 02966,Electrónica,Subcategoría 1,Línea 45,516,13857.41,20.74,UNIDAD,True,2025-09-17
2967,7700000002967,Artículo Retail 02967,Ropa,Subcategoría 2,Línea 30,626,15587.1,15.43,UNIDAD,True,2025-04-24
2968,7700000002968,Artículo Retail 02968,Cuidado personal,Subcategoría 8,Línea 21,115,61597.11,9.22,UNIDAD,True,2025-07-31
2969,7700000002969,Artículo Retail 02969,Alimentos,Subcategoría 8,Línea 5,722,25659.75,6.44,UNIDAD,True,2025-08-29
2970,7700000002970,Artículo Retail 02970,Bebés,Subcategoría 9,Línea 3,461,15061.87,7.08,UNIDAD,True,2025-03-30
2971,7700000002971,Artículo Retail 02971,Ropa,Subcategoría 17,Línea 28,567,11202.42,5.89,UNIDAD,True,2025-10-04
2972,7700000002972,Artículo Retail 02972,Ropa,Subcategoría 4,Línea 21,200,60909.21,15.18,UNIDAD,True,2025-06-29
2973,7700000002973,Artículo Retail 02973,Ropa,Subcategoría 17,Línea 33,290,12088.3,27.01,UNIDAD,True,2025-07-03
2974,7700000002974,Artículo Retail 02974,Alimentos,Subcategoría 14,Línea 3,543,11226.86,22.67,UNIDAD,True,2025-03-05
2975,7700000002975,Artículo Retail 02975,Hogar,Subcategoría 1,Línea 11,180,28053.38,4.24,UNIDAD,True,2025-01-07
2976,7700000002976,Artículo Retail 02976,Ropa,Subcategoría 14,Línea 6,634,25671.49,19.85,UNIDAD,True,2025-05-15
2977,7700000002977,Artículo Retail 02977,Bebés,Subcategoría 14,Línea 50,520,52423.54,11.71,UNIDAD,True,2025-09-15
2978,7700000002978,Artículo Retail 02978,Ropa,Subcategoría 16,Línea 1,412,14943.28,13.97,UNIDAD,True,2025-02-13
2979,7700000002979,Artículo Retail 02979,Alimentos,Subcategoría 20,Línea 37,593,15095.9,,UNIDAD,True,2025-04-23
2980,7700000002980,Artículo Retail 02980,Cuidado personal,Subcategoría 9,Línea 41,100,17559.3,,UNIDAD,True,2025-03-01
2981,7700000002981,Artículo Retail 02981,Alimentos,Subcategoría 13,Línea 8,397,22183.02,28.01,UNIDAD,True,2025-02-09
2982,7700000002982,Artículo Retail 02982,Alimentos,Subcategoría 16,Línea 3,225,48596.74,,UNIDAD,True,2025-06-12
2983,7700000002983,Artículo Retail 02983,Bebés,Subcategoría 14,Línea 17,121,31870.69,9.48,UNIDAD,False,2025-06-13
2984,7700000002984,Artículo Retail 02984,Electrónica,Subcategoría 2,Línea 41,592,47470.19,4.73,UNIDAD,True,2025-12-21
2985,7700000002985,Artículo Retail 02985,Hogar,Subcategoría 5,Línea 48,628,31559.08,17.81,UNIDAD,False,2025-10-07
2986,7700000002986,Artículo Retail 02986,Ropa,Subcategoría 8,Línea 29,741,92394.76,7.77,UNIDAD,True,2025-12-14
2987,7700000002987,Artículo Retail 02987,Cuidado personal,Subcategoría 4,Línea 22,391,56928.48,,UNIDAD,True,2025-10-15
2988,7700000002988,Artículo Retail 02988,Alimentos,Subcategoría 19,Línea 39,187,62067.41,19.67,UNIDAD,True,2025-05-31
2989,7700000002989,Artículo Retail 02989,Ropa,Subcategoría 20,Línea 14,395,59685.64,23.78,UNIDAD,True,2025-03-20
2990,7700000002990,Artículo Retail 02990,Alimentos,Subcategoría 1,Línea 48,169,6492.02,2.63,UNIDAD,True,2025-03-25
2991,7700000002991,Artículo Retail 02991,Bebés,Subcategoría 13,Línea 19,520,36016.35,28.8,UNIDAD,True,2025-06-24
2992,7700000002992,Artículo Retail 02992,Alimentos,Subcategoría 7,Línea 41,176,6937.34,,UNIDAD,True,2025-05-27
2993,7700000002993,Artículo Retail 02993,Alimentos,Subcategoría 15,Línea 4,578,8396.43,13.69,UNIDAD,True,2025-07-28
2994,7700000002994,Artículo Retail 02994,Bebés,Subcategoría 15,Línea 36,53,28493.46,21.78,UNIDAD,True,2025-09-20
2995,7700000002995,Artículo Retail 02995,Alimentos,Subcategoría 7,Línea 33,589,35760.16,14.15,UNIDAD,True,2025-02-09
2996,7700000002996,Artículo Retail 02996,Ropa,Subcategoría 14,Línea 8,794,48251.28,17.69,UNIDAD,True,2025-10-26
2997,7700000002997,Artículo Retail 02997,Ropa,Subcategoría 12,Línea 32,301,39626.81,7.92,UNIDAD,True,2025-03-24
2998,7700000002998,Artículo Retail 02998,Cuidado personal,Subcategoría 1,Línea 28,414,7657.56,16.51,UNIDAD,True,2025-03-03
2999,7700000002999,Artículo Retail 02999,Hogar,Subcategoría 11,Línea 14,532,13593.77,7.32,UNIDAD,True,2025-01-05
3000,7700000003000,Artículo Retail 03000,Ropa,Subcategoría 14,Línea 2,789,13708.68,29.83,UNIDAD,True,2025-04-22
3001,7700000003001,Artículo Retail 03001,Bebés,Subcategoría 12,Línea 20,567,11632.16,20.53,UNIDAD,True,2025-05-17
3002,7700000003002,Artículo Retail 03002,Alimentos,Subcategoría 16,Línea 23,410,106468.16,29.58,UNIDAD,True,2025-05-27
3003,7700000003003,Artículo Retail 03003,Hogar,Subcategoría 17,Línea 38,538,17446.49,29.91,UNIDAD,True,2025-04-26
3004,7700000003004,Artículo Retail 03004,Bebés,Subcategoría 7,Línea 29,474,402008.46,25.77,UNIDAD,True,2025-04-06
3005,7700000003005,Artículo Retail 03005,Cuidado personal,Subcategoría 15,Línea 32,246,5947.83,18.97,UNIDAD,True,2025-05-17
3006,7700000003006,Artículo Retail 03006,Bebés,Subcategoría 8,Línea 33,605,13345.25,11.83,UNIDAD,True,2025-06-25
3007,7700000003007,Artículo Retail 03007,Bebés,Subcategoría 5,Línea 22,365,27506.09,12.69,UNIDAD,True,2025-07-05
3008,7700000003008,Artículo Retail 03008,Alimentos,Subcategoría 6,Línea 17,537,13664.05,1.23,UNIDAD,True,2025-11-13
3009,7700000003009,Artículo Retail 03009,Cuidado personal,Subcategoría 4,Línea 15,623,3258.58,6.04,UNIDAD,True,2025-12-13
3010,7700000003010,Artículo Retail 03010,Cuidado personal,Subcategoría 20,Línea 35,616,10649.69,25.24,UNIDAD,True,2025-11-11
3011,7700000003011,Artículo Retail 03011,Bebés,Subcategoría 7,Línea 2,271,6468.08,10.07,UNIDAD,True,2025-04-20
3012,7700000003012,Artículo Retail 03012,Ropa,Subcategoría 19,Línea 35,1,3572.6,22.15,UNIDAD,True,2025-03-17
3013,7700000003013,Artículo Retail 03013,Hogar,Subcategoría 11,Línea 34,641,47413.61,15.07,UNIDAD,True,2025-06-19
3014,7700000003014,Artículo Retail 03014,Hogar,Subcategoría 5,Línea 47,85,17643.16,21.43,UNIDAD,True,2025-08-05
3015,7700000003015,Artículo Retail 03015,Bebés,Subcategoría 13,Línea 46,381,5695.03,14.66,UNIDAD,True,2025-01-07
3016,7700000003016,Artículo Retail 03016,Ropa,Subcategoría 14,Línea 19,62,28370.3,7.72,UNIDAD,True,2025-05-14
3017,7700000003017,Artículo Retail 03017,Cuidado personal,Subcategoría 19,Línea 24,320,24417.59,24.68,UNIDAD,True,2025-05-16
3018,7700000003018,Artículo Retail 03018,Alimentos,Subcategoría 3,Línea 44,557,16490.29,24.47,UNIDAD,True,2025-08-28
3019,7700000003019,Artículo Retail 03019,Alimentos,Subcategoría 8,Línea 25,500,129024.58,23.56,UNIDAD,True,2025-08-28
3020,7700000003020,Artículo Retail 03020,Alimentos,Subcategoría 5,Línea 15,390,74479.78,18.46,UNIDAD,True,2025-10-29
3021,7700000003021,Artículo Retail 03021,Cuidado personal,Subcategoría 7,Línea 4,800,103136.61,27.22,UNIDAD,True,2025-08-29
3022,7700000003022,Artículo Retail 03022,Alimentos,Subcategoría 6,Línea 46,636,32507.16,,UNIDAD,True,2025-08-23
3023,7700000003023,Artículo Retail 03023,Hogar,Subcategoría 10,Línea 33,792,14637.99,7.33,UNIDAD,True,2025-01-04
3024,7700000003024,Artículo Retail 03024,Hogar,Subcategoría 8,Línea 18,29,13937.25,7.31,UNIDAD,True,2025-07-08
3025,7700000003025,Artículo Retail 03025,Hogar,Subcategoría 6,Línea 26,641,15736.8,8.54,UNIDAD,True,2025-07-18
3026,7700000003026,Artículo Retail 03026,Electrónica,Subcategoría 3,Línea 21,331,6225.84,5.91,UNIDAD,True,2025-03-01
3027,7700000003027,Artículo Retail 03027,Bebés,Subcategoría 16,Línea 35,11,123304.67,20.39,UNIDAD,True,2025-10-14
3028,7700000003028,Artículo Retail 03028,Bebés,Subcategoría 18,Línea 33,348,1743.09,17.5,UNIDAD,True,2025-08-11
3029,7700000003029,Artículo Retail 03029,Electrónica,Subcategoría 17,Línea 27,431,19069.64,29.21,UNIDAD,True,2025-10-08
3030,7700000003030,Artículo Retail 03030,Bebés,Subcategoría 7,Línea 50,586,89294.65,,UNIDAD,True,2025-02-22
3031,7700000003031,Artículo Retail 03031,Ropa,Subcategoría 13,Línea 46,284,39961.59,13.84,UNIDAD,True,2025-04-26
3032,7700000003032,Artículo Retail 03032,Electrónica,Subcategoría 6,Línea 49,432,13893.85,16.87,UNIDAD,False,2025-06-01
3033,7700000003033,Artículo Retail 03033,Ropa,Subcategoría 12,Línea 47,294,25366.53,2.63,UNIDAD,False,2025-09-06
3034,7700000003034,Artículo Retail 03034,Electrónica,Subcategoría 4,Línea 48,670,34914.04,5.46,UNIDAD,False,2025-01-21
3035,7700000003035,Artículo Retail 03035,Electrónica,Subcategoría 4,Línea 27,270,17366.07,11.3,UNIDAD,True,2025-02-13
3036,7700000003036,Artículo Retail 03036,Alimentos,Subcategoría 20,Línea 9,507,14374.9,20.7,UNIDAD,True,2025-02-18
3037,7700000003037,Artículo Retail 03037,Cuidado personal,Subcategoría 1,Línea 41,115,16446.3,4.11,UNIDAD,True,2025-11-18
3038,7700000003038,Artículo Retail 03038,Alimentos,Subcategoría 6,Línea 28,332,66262.87,3.69,UNIDAD,True,2025-10-26
3039,7700000003039,Artículo Retail 03039,Alimentos,Subcategoría 17,Línea 39,436,4648.58,3.9,UNIDAD,True,2025-09-26
3040,7700000003040,Artículo Retail 03040,Cuidado personal,Subcategoría 14,Línea 37,713,9156.92,1.94,UNIDAD,True,2025-03-13
3041,7700000003041,Artículo Retail 03041,Alimentos,Subcategoría 7,Línea 24,123,21046.52,2.16,UNIDAD,True,2025-12-15
3042,7700000003042,Artículo Retail 03042,Cuidado personal,Subcategoría 19,Línea 48,111,4349.24,29.99,UNIDAD,True,2025-10-14
3043,7700000003043,Artículo Retail 03043,Electrónica,Subcategoría 1,Línea 20,214,20524.16,27.93,UNIDAD,True,2025-03-19
3044,7700000003044,Artículo Retail 03044,Ropa,Subcategoría 4,Línea 17,381,4727.21,5.08,UNIDAD,True,2025-05-20
3045,7700000003045,Artículo Retail 03045,Bebés,Subcategoría 18,Línea 34,558,10109.19,12.7,UNIDAD,True,2025-02-08
3046,7700000003046,Artículo Retail 03046,Ropa,Subcategoría 17,Línea 44,258,9800.67,11.85,UNIDAD,True,2025-09-12
3047,7700000003047,Artículo Retail 03047,Hogar,Subcategoría 3,Línea 16,192,6476.8,14.91,UNIDAD,True,2025-11-29
3048,7700000003048,Artículo Retail 03048,Cuidado personal,Subcategoría 5,Línea 5,420,41463.13,14.51,UNIDAD,True,2025-01-28
3049,7700000003049,Artículo Retail 03049,Bebés,Subcategoría 9,Línea 23,400,23956.87,26.64,UNIDAD,True,2025-08-20
3050,7700000003050,Artículo Retail 03050,Cuidado personal,Subcategoría 15,Línea 19,265,85426.38,20.18,UNIDAD,True,2025-10-23
3051,7700000003051,Artículo Retail 03051,Ropa,Subcategoría 2,Línea 19,267,16197.32,15.29,UNIDAD,True,2025-12-28
3052,7700000003052,Artículo Retail 03052,Cuidado personal,Subcategoría 1,Línea 22,32,26042.6,27.4,UNIDAD,True,2025-08-16
3053,7700000003053,Artículo Retail 03053,Bebés,Subcategoría 1,Línea 14,80,7205.91,13.6,UNIDAD,True,2025-06-26
3054,7700000003054,Artículo Retail 03054,Hogar,Subcategoría 16,Línea 32,507,11320.2,11.41,UNIDAD,True,2025-08-13
3055,7700000003055,Artículo Retail 03055,Bebés,Subcategoría 16,Línea 2,154,41715.56,4.39,UNIDAD,True,2025-04-08
3056,7700000003056,Artículo Retail 03056,Alimentos,Subcategoría 4,Línea 26,467,2422.37,26.77,UNIDAD,True,2025-11-28
3057,7700000003057,Artículo Retail 03057,Alimentos,Subcategoría 1,Línea 42,49,31864.48,15.68,UNIDAD,True,2025-03-17
3058,7700000003058,Artículo Retail 03058,Cuidado personal,Subcategoría 11,Línea 15,623,29869.23,18.68,UNIDAD,True,2025-08-14
3059,7700000003059,Artículo Retail 03059,Electrónica,Subcategoría 2,Línea 10,99,16090.31,24.13,UNIDAD,True,2025-07-04
3060,7700000003060,Artículo Retail 03060,Hogar,Subcategoría 7,Línea 12,194,36911.81,4.78,UNIDAD,True,2025-07-20
3061,7700000003061,Artículo Retail 03061,Electrónica,Subcategoría 5,Línea 48,137,27170.56,17.67,UNIDAD,True,2025-10-20
3062,7700000003062,Artículo Retail 03062,Ropa,Subcategoría 20,Línea 50,594,35899.8,26.79,UNIDAD,True,2025-08-09
3063,7700000003063,Artículo Retail 03063,Alimentos,Subcategoría 11,Línea 19,311,18262.55,23.51,UNIDAD,True,2025-05-17
3064,7700000003064,Artículo Retail 03064,Cuidado personal,Subcategoría 5,Línea 50,73,5921.75,22.45,UNIDAD,True,2025-03-12
3065,7700000003065,Artículo Retail 03065,Alimentos,Subcategoría 17,Línea 17,307,11360.65,8.61,UNIDAD,True,2025-11-27
3066,7700000003066,Artículo Retail 03066,Cuidado personal,Subcategoría 11,Línea 41,594,50000.88,10.72,UNIDAD,True,2025-08-05
3067,7700000003067,Artículo Retail 03067,Electrónica,Subcategoría 20,Línea 16,498,29836.67,29.84,UNIDAD,True,2025-01-21
3068,7700000003068,Artículo Retail 03068,Hogar,Subcategoría 2,Línea 33,58,27323.63,14.14,UNIDAD,True,2025-02-08
3069,7700000003069,Artículo Retail 03069,Cuidado personal,Subcategoría 18,Línea 19,126,18574.07,7.43,UNIDAD,True,2025-01-04
3070,7700000003070,Artículo Retail 03070,Alimentos,Subcategoría 20,Línea 10,62,54273.08,14.62,UNIDAD,True,2025-11-12
3071,7700000003071,Artículo Retail 03071,Ropa,Subcategoría 8,Línea 49,575,3216.94,8.24,UNIDAD,True,2025-06-30
3072,7700000003072,Artículo Retail 03072,Cuidado personal,Subcategoría 10,Línea 27,250,13494.72,6.18,UNIDAD,True,2025-07-06
3073,7700000003073,Artículo Retail 03073,Alimentos,Subcategoría 18,Línea 19,517,16355.04,24.01,UNIDAD,True,2025-08-29
3074,7700000003074,Artículo Retail 03074,Ropa,Subcategoría 2,Línea 40,766,15524.16,1.75,UNIDAD,True,2025-07-14
3075,7700000003075,Artículo Retail 03075,Bebés,Subcategoría 7,Línea 26,509,18995.4,14.35,UNIDAD,True,2025-04-23
3076,7700000003076,Artículo Retail 03076,Alimentos,Subcategoría 18,Línea 28,661,31316.6,21.3,UNIDAD,True,2025-12-18
3077,7700000003077,Artículo Retail 03077,Alimentos,Subcategoría 19,Línea 14,399,28360.32,21.28,UNIDAD,True,2025-12-25
3078,7700000003078,Artículo Retail 03078,Bebés,Subcategoría 12,Línea 21,455,35297.71,26.61,UNIDAD,True,2025-10-14
3079,7700000003079,Artículo Retail 03079,Alimentos,Subcategoría 5,Línea 13,680,8189.83,3.62,UNIDAD,True,2025-11-05
3080,7700000003080,Artículo Retail 03080,Electrónica,Subcategoría 20,Línea 20,294,67121.62,23.32,UNIDAD,True,2025-09-24
3081,7700000003081,Artículo Retail 03081,Cuidado personal,Subcategoría 10,Línea 35,278,2539.94,18.7,UNIDAD,True,2025-04-12
3082,7700000003082,Artículo Retail 03082,Hogar,Subcategoría 14,Línea 20,197,10711.14,4.01,UNIDAD,True,2025-11-03
3083,7700000003083,Artículo Retail 03083,Cuidado personal,Subcategoría 6,Línea 49,502,18465.76,27.8,UNIDAD,True,2025-06-18
3084,7700000003084,Artículo Retail 03084,Hogar,Subcategoría 3,Línea 42,389,3897.03,2.63,UNIDAD,True,2025-02-23
3085,7700000003085,Artículo Retail 03085,Hogar,Subcategoría 12,Línea 8,563,15072.99,24.9,UNIDAD,True,2025-03-30
3086,7700000003086,Artículo Retail 03086,Electrónica,Subcategoría 7,Línea 42,636,56491.52,22.75,UNIDAD,True,2025-04-03
3087,7700000003087,Artículo Retail 03087,Cuidado personal,Subcategoría 1,Línea 40,738,59935.09,1.02,UNIDAD,True,2025-11-11
3088,7700000003088,Artículo Retail 03088,Hogar,Subcategoría 11,Línea 12,17,59933.78,11.1,UNIDAD,True,2025-02-11
3089,7700000003089,Artículo Retail 03089,Hogar,Subcategoría 9,Línea 43,575,62038.09,26.02,UNIDAD,True,2025-01-25
3090,7700000003090,Artículo Retail 03090,Electrónica,Subcategoría 18,Línea 34,706,35861.11,27.0,UNIDAD,True,2025-05-17
3091,7700000003091,Artículo Retail 03091,Cuidado personal,Subcategoría 19,Línea 42,451,2523.89,14.26,UNIDAD,True,2025-07-23
3092,7700000003092,Artículo Retail 03092,Cuidado personal,Subcategoría 19,Línea 10,619,4084.38,10.39,UNIDAD,True,2025-11-09
3093,7700000003093,Artículo Retail 03093,Electrónica,Subcategoría 11,Línea 35,602,7675.34,10.44,UNIDAD,True,2025-01-22
3094,7700000003094,Artículo Retail 03094,Alimentos,Subcategoría 8,Línea 1,693,21755.89,3.02,UNIDAD,True,2025-08-21
3095,7700000003095,Artículo Retail 03095,Alimentos,Subcategoría 1,Línea 15,721,8097.47,22.37,UNIDAD,True,2025-12-31
3096,7700000003096,Artículo Retail 03096,Ropa,Subcategoría 12,Línea 21,163,5600.68,1.05,UNIDAD,True,2025-08-17
3097,7700000003097,Artículo Retail 03097,Alimentos,Subcategoría 13,Línea 50,521,26086.22,12.41,UNIDAD,True,2025-04-06
3098,7700000003098,Artículo Retail 03098,Hogar,Subcategoría 5,Línea 31,721,116111.56,4.51,UNIDAD,True,2025-11-28
3099,7700000003099,Artículo Retail 03099,Cuidado personal,Subcategoría 18,Línea 47,51,5263.48,23.13,UNIDAD,True,2025-12-03
3100,7700000003100,Artículo Retail 03100,Electrónica,Subcategoría 2,Línea 4,543,23400.01,28.12,UNIDAD,True,2025-08-20
3101,7700000003101,Artículo Retail 03101,Hogar,Subcategoría 5,Línea 32,249,25816.69,20.3,UNIDAD,True,2025-04-20
3102,7700000003102,Artículo Retail 03102,Hogar,Subcategoría 5,Línea 41,212,5694.33,2.94,UNIDAD,True,2025-06-13
3103,7700000003103,Artículo Retail 03103,Hogar,Subcategoría 16,Línea 15,452,27942.07,7.74,UNIDAD,True,2025-06-23
3104,7700000003104,Artículo Retail 03104,Bebés,Subcategoría 2,Línea 17,477,53848.82,6.18,UNIDAD,True,2025-01-17
3105,7700000003105,Artículo Retail 03105,Ropa,Subcategoría 3,Línea 6,252,22248.03,28.98,UNIDAD,True,2025-12-21
3106,7700000003106,Artículo Retail 03106,Cuidado personal,Subcategoría 6,Línea 49,686,3483.48,23.65,UNIDAD,True,2025-08-19
3107,7700000003107,Artículo Retail 03107,Electrónica,Subcategoría 5,Línea 34,309,36989.83,13.84,UNIDAD,True,2025-09-30
3108,7700000003108,Artículo Retail 03108,Hogar,Subcategoría 9,Línea 19,512,33255.92,10.23,UNIDAD,True,2025-11-29
3109,7700000003109,Artículo Retail 03109,Ropa,Subcategoría 20,Línea 2,54,191973.76,2.54,UNIDAD,True,2025-10-04
3110,7700000003110,Artículo Retail 03110,Alimentos,Subcategoría 10,Línea 32,460,74475.7,22.59,UNIDAD,True,2025-10-30
3111,7700000003111,Artículo Retail 03111,Ropa,Subcategoría 4,Línea 6,369,25982.89,25.7,UNIDAD,True,2025-12-11
3112,7700000003112,Artículo Retail 03112,Hogar,Subcategoría 2,Línea 34,366,66345.07,21.35,UNIDAD,True,2025-11-29
3113,7700000003113,Artículo Retail 03113,Cuidado personal,Subcategoría 1,Línea 43,321,22472.09,16.49,UNIDAD,True,2025-06-19
3114,7700000003114,Artículo Retail 03114,Bebés,Subcategoría 15,Línea 27,574,10283.05,11.91,UNIDAD,True,2025-07-12
3115,7700000003115,Artículo Retail 03115,Alimentos,Subcategoría 13,Línea 15,760,11001.11,25.24,UNIDAD,True,2025-10-08
3116,7700000003116,Artículo Retail 03116,Electrónica,Subcategoría 13,Línea 7,23,42105.68,29.21,UNIDAD,True,2025-09-18
3117,7700000003117,Artículo Retail 03117,Cuidado personal,Subcategoría 4,Línea 28,656,22598.66,16.98,UNIDAD,True,2025-06-11
3118,7700000003118,Artículo Retail 03118,Hogar,Subcategoría 15,Línea 7,280,6128.05,3.33,UNIDAD,True,2025-03-14
3119,7700000003119,Artículo Retail 03119,Alimentos,Subcategoría 8,Línea 41,666,8931.13,21.19,UNIDAD,True,2025-04-12
3120,7700000003120,Artículo Retail 03120,Bebés,Subcategoría 17,Línea 48,786,53795.09,23.75,UNIDAD,True,2025-09-21
3121,7700000003121,Artículo Retail 03121,Alimentos,Subcategoría 8,Línea 23,33,4732.84,17.78,UNIDAD,True,2025-03-23
3122,7700000003122,Artículo Retail 03122,Ropa,Subcategoría 2,Línea 46,5,9926.61,13.03,UNIDAD,True,2025-11-29
3123,7700000003123,Artículo Retail 03123,Cuidado personal,Subcategoría 16,Línea 9,706,11644.29,20.98,UNIDAD,False,2025-07-29
3124,7700000003124,Artículo Retail 03124,Bebés,Subcategoría 19,Línea 14,722,28575.21,0.83,UNIDAD,True,2025-10-14
3125,7700000003125,Artículo Retail 03125,Alimentos,Subcategoría 7,Línea 33,617,20156.79,18.18,UNIDAD,False,2025-01-14
3126,7700000003126,Artículo Retail 03126,Cuidado personal,Subcategoría 4,Línea 32,459,28741.76,20.78,UNIDAD,True,2025-03-09
3127,7700000003127,Artículo Retail 03127,Electrónica,Subcategoría 17,Línea 47,91,5641.59,27.08,UNIDAD,True,2025-02-15
3128,7700000003128,Artículo Retail 03128,Bebés,Subcategoría 14,Línea 15,30,10920.54,27.59,UNIDAD,True,2025-12-15
3129,7700000003129,Artículo Retail 03129,Bebés,Subcategoría 9,Línea 8,461,10982.96,12.84,UNIDAD,True,2025-01-02
3130,7700000003130,Artículo Retail 03130,Cuidado personal,Subcategoría 11,Línea 12,232,25341.96,13.18,UNIDAD,True,2025-04-10
3131,7700000003131,Artículo Retail 03131,Hogar,Subcategoría 18,Línea 30,366,21565.65,16.24,UNIDAD,True,2025-12-30
3132,7700000003132,Artículo Retail 03132,Electrónica,Subcategoría 17,Línea 39,193,5474.42,2.57,UNIDAD,True,2025-10-21
3133,7700000003133,Artículo Retail 03133,Ropa,Subcategoría 12,Línea 2,420,133342.21,27.05,UNIDAD,True,2025-11-24
3134,7700000003134,Artículo Retail 03134,Ropa,Subcategoría 10,Línea 36,99,29465.68,16.35,UNIDAD,True,2025-11-07
3135,7700000003135,Artículo Retail 03135,Ropa,Subcategoría 19,Línea 39,304,19585.16,11.0,UNIDAD,True,2025-11-12
3136,7700000003136,Artículo Retail 03136,Bebés,Subcategoría 20,Línea 20,94,54511.71,3.48,UNIDAD,True,2025-04-07
3137,7700000003137,Artículo Retail 03137,Bebés,Subcategoría 10,Línea 8,390,18845.97,,UNIDAD,True,2025-10-25
3138,7700000003138,Artículo Retail 03138,Cuidado personal,Subcategoría 1,Línea 38,179,25082.97,13.2,UNIDAD,True,2025-05-16
3139,7700000003139,Artículo Retail 03139,Alimentos,Subcategoría 10,Línea 46,374,7038.18,3.53,UNIDAD,True,2025-09-22
3140,7700000003140,Artículo Retail 03140,Hogar,Subcategoría 7,Línea 5,539,9379.33,20.96,UNIDAD,True,2025-01-13
3141,7700000003141,Artículo Retail 03141,Ropa,Subcategoría 15,Línea 9,298,19881.69,11.39,UNIDAD,True,2025-01-24
3142,7700000003142,Artículo Retail 03142,Cuidado personal,Subcategoría 14,Línea 2,726,15825.99,10.99,UNIDAD,True,2025-02-22
3143,7700000003143,Artículo Retail 03143,Bebés,Subcategoría 19,Línea 16,455,5441.04,5.34,UNIDAD,True,2025-07-15
3144,7700000003144,Artículo Retail 03144,Cuidado personal,Subcategoría 16,Línea 30,331,9877.53,20.0,UNIDAD,True,2025-05-02
3145,7700000003145,Artículo Retail 03145,Alimentos,Subcategoría 15,Línea 24,664,16663.52,1.35,UNIDAD,True,2025-10-10
3146,7700000003146,Artículo Retail 03146,Alimentos,Subcategoría 18,Línea 40,786,33027.3,8.22,UNIDAD,True,2025-03-22
3147,7700000003147,Artículo Retail 03147,Alimentos,Subcategoría 8,Línea 6,206,20468.88,2.84,UNIDAD,True,2025-12-26
3148,7700000003148,Artículo Retail 03148,Ropa,Subcategoría 18,Línea 33,478,112702.49,12.03,UNIDAD,True,2025-10-31
3149,7700000003149,Artículo Retail 03149,Cuidado personal,Subcategoría 13,Línea 45,91,12228.58,15.75,UNIDAD,True,2025-05-27
3150,7700000003150,Artículo Retail 03150,Alimentos,Subcategoría 5,Línea 47,693,49690.38,21.22,UNIDAD,True,2025-07-18
3151,7700000003151,Artículo Retail 03151,Cuidado personal,Subcategoría 4,Línea 32,702,40208.78,21.74,UNIDAD,True,2025-11-21
3152,7700000003152,Artículo Retail 03152,Alimentos,Subcategoría 3,Línea 50,114,40593.92,1.2,UNIDAD,True,2025-04-26
3153,7700000003153,Artículo Retail 03153,Ropa,Subcategoría 20,Línea 22,219,6727.43,12.67,UNIDAD,True,2025-03-28
3154,7700000003154,Artículo Retail 03154,Hogar,Subcategoría 1,Línea 44,626,41398.93,21.54,UNIDAD,True,2025-12-23
3155,7700000003155,Artículo Retail 03155,Hogar,Subcategoría 9,Línea 3,160,8975.04,29.28,UNIDAD,True,2025-04-24
3156,7700000003156,Artículo Retail 03156,Cuidado personal,Subcategoría 5,Línea 6,326,10197.78,26.57,UNIDAD,True,2025-11-19
3157,7700000003157,Artículo Retail 03157,Electrónica,Subcategoría 1,Línea 24,428,23336.71,18.3,UNIDAD,False,2025-06-24
3158,7700000003158,Artículo Retail 03158,Hogar,Subcategoría 15,Línea 36,121,34521.81,,UNIDAD,True,2025-08-18
3159,7700000003159,Artículo Retail 03159,Cuidado personal,Subcategoría 5,Línea 19,734,35594.27,8.94,UNIDAD,True,2025-07-02
3160,7700000003160,Artículo Retail 03160,Cuidado personal,Subcategoría 3,Línea 24,676,18824.54,20.56,UNIDAD,True,2025-04-23
3161,7700000003161,Artículo Retail 03161,Ropa,Subcategoría 16,Línea 45,313,9915.46,27.0,UNIDAD,True,2025-07-29
3162,7700000003162,Artículo Retail 03162,Bebés,Subcategoría 14,Línea 6,244,4333.0,15.31,UNIDAD,True,2025-06-22
3163,7700000003163,Artículo Retail 03163,Bebés,Subcategoría 11,Línea 46,163,13536.64,23.61,UNIDAD,True,2025-09-12
3164,7700000003164,Artículo Retail 03164,Ropa,Subcategoría 13,Línea 32,217,10629.57,28.9,UNIDAD,True,2025-05-27
3165,7700000003165,Artículo Retail 03165,Hogar,Subcategoría 16,Línea 33,293,161665.69,29.74,UNIDAD,True,2025-01-06
3166,7700000003166,Artículo Retail 03166,Bebés,Subcategoría 1,Línea 42,480,16929.98,1.3,UNIDAD,True,2025-04-11
3167,7700000003167,Artículo Retail 03167,Hogar,Subcategoría 19,Línea 10,423,35667.85,27.91,UNIDAD,True,2025-01-28
3168,7700000003168,Artículo Retail 03168,Bebés,Subcategoría 4,Línea 31,390,23883.41,22.36,UNIDAD,True,2025-03-10
3169,7700000003169,Artículo Retail 03169,Electrónica,Subcategoría 1,Línea 27,76,64084.41,27.78,UNIDAD,True,2025-01-27
3170,7700000003170,Artículo Retail 03170,Alimentos,Subcategoría 10,Línea 49,620,13016.73,24.26,UNIDAD,True,2025-10-21
3171,7700000003171,Artículo Retail 03171,Cuidado personal,Subcategoría 9,Línea 36,484,7312.98,1.43,UNIDAD,False,2025-11-12
3172,7700000003172,Artículo Retail 03172,Bebés,Subcategoría 18,Línea 46,682,42426.31,3.78,UNIDAD,True,2025-01-06
3173,7700000003173,Artículo Retail 03173,Alimentos,Subcategoría 17,Línea 29,201,64934.55,3.02,UNIDAD,True,2025-10-14
3174,7700000003174,Artículo Retail 03174,Ropa,Subcategoría 10,Línea 1,10,164092.26,7.13,UNIDAD,True,2025-02-19
3175,7700000003175,Artículo Retail 03175,Electrónica,Subcategoría 10,Línea 44,335,21181.39,10.2,UNIDAD,True,2025-01-09
3176,7700000003176,Artículo Retail 03176,Electrónica,Subcategoría 7,Línea 42,98,14387.88,2.08,UNIDAD,True,2025-04-16
3177,7700000003177,Artículo Retail 03177,Bebés,Subcategoría 8,Línea 24,371,21843.86,24.76,UNIDAD,True,2025-12-22
3178,7700000003178,Artículo Retail 03178,Electrónica,Subcategoría 15,Línea 49,558,2515.53,27.43,UNIDAD,True,2025-12-13
3179,7700000003179,Artículo Retail 03179,Ropa,Subcategoría 8,Línea 44,751,56319.34,,UNIDAD,True,2025-06-08
3180,7700000003180,Artículo Retail 03180,Bebés,Subcategoría 9,Línea 29,172,46963.56,16.51,UNIDAD,True,2025-07-18
3181,7700000003181,Artículo Retail 03181,Electrónica,Subcategoría 19,Línea 16,716,32559.74,26.68,UNIDAD,True,2025-11-23
3182,7700000003182,Artículo Retail 03182,Bebés,Subcategoría 20,Línea 18,206,10849.48,1.48,UNIDAD,True,2025-09-26
3183,7700000003183,Artículo Retail 03183,Electrónica,Subcategoría 15,Línea 4,419,9656.07,28.94,UNIDAD,True,2025-03-23
3184,7700000003184,Artículo Retail 03184,Hogar,Subcategoría 12,Línea 3,281,11483.9,8.81,UNIDAD,True,2025-02-14
3185,7700000003185,Artículo Retail 03185,Electrónica,Subcategoría 12,Línea 3,106,22239.75,25.35,UNIDAD,True,2025-10-14
3186,7700000003186,Artículo Retail 03186,Cuidado personal,Subcategoría 16,Línea 13,472,48389.9,12.35,UNIDAD,True,2025-05-17
3187,7700000003187,Artículo Retail 03187,Ropa,Subcategoría 18,Línea 18,107,9100.28,,UNIDAD,False,2025-04-02
3188,7700000003188,Artículo Retail 03188,Electrónica,Subcategoría 9,Línea 8,444,39126.55,22.13,UNIDAD,True,2025-08-21
3189,7700000003189,Artículo Retail 03189,Cuidado personal,Subcategoría 3,Línea 37,169,26736.81,24.6,UNIDAD,True,2025-04-16
3190,7700000003190,Artículo Retail 03190,Bebés,Subcategoría 15,Línea 4,323,39225.98,26.7,UNIDAD,True,2025-04-28
3191,7700000003191,Artículo Retail 03191,Cuidado personal,Subcategoría 16,Línea 48,350,45220.12,13.36,UNIDAD,True,2025-10-18
3192,7700000003192,Artículo Retail 03192,Bebés,Subcategoría 5,Línea 18,119,67070.24,0.12,UNIDAD,True,2025-10-01
3193,7700000003193,Artículo Retail 03193,Bebés,Subcategoría 10,Línea 43,419,8200.56,10.01,UNIDAD,True,2025-12-01
3194,7700000003194,Artículo Retail 03194,Electrónica,Subcategoría 1,Línea 12,641,7746.61,11.32,UNIDAD,True,2025-03-19
3195,7700000003195,Artículo Retail 03195,Ropa,Subcategoría 5,Línea 7,55,44034.68,1.38,UNIDAD,True,2025-01-03
3196,7700000003196,Artículo Retail 03196,Bebés,Subcategoría 16,Línea 14,173,33369.64,29.93,UNIDAD,True,2025-02-26
3197,7700000003197,Artículo Retail 03197,Alimentos,Subcategoría 16,Línea 1,727,49449.11,21.95,UNIDAD,True,2025-03-15
3198,7700000003198,Artículo Retail 03198,Bebés,Subcategoría 19,Línea 11,543,94088.3,28.69,UNIDAD,True,2025-11-09
3199,7700000003199,Artículo Retail 03199,Electrónica,Subcategoría 16,Línea 40,558,11213.77,11.3,UNIDAD,True,2025-12-24
3200,7700000003200,Artículo Retail 03200,Cuidado personal,Subcategoría 11,Línea 10,788,51176.53,12.79,UNIDAD,True,2025-10-21
3201,7700000003201,Artículo Retail 03201,Bebés,Subcategoría 15,Línea 11,182,232289.29,11.31,UNIDAD,True,2025-07-02
3202,7700000003202,Artículo Retail 03202,Electrónica,Subcategoría 9,Línea 40,635,6115.6,28.03,UNIDAD,True,2025-11-18
3203,7700000003203,Artículo Retail 03203,Hogar,Subcategoría 2,Línea 28,284,12376.22,24.71,UNIDAD,True,2025-04-19
3204,7700000003204,Artículo Retail 03204,Hogar,Subcategoría 14,Línea 33,350,9635.76,,UNIDAD,True,2025-06-26
3205,7700000003205,Artículo Retail 03205,Alimentos,Subcategoría 16,Línea 49,28,9007.9,21.94,UNIDAD,False,2025-02-15
3206,7700000003206,Artículo Retail 03206,Hogar,Subcategoría 8,Línea 43,246,37778.34,2.95,UNIDAD,True,2025-04-19
3207,7700000003207,Artículo Retail 03207,Bebés,Subcategoría 1,Línea 14,646,35725.95,9.99,UNIDAD,True,2025-11-13
3208,7700000003208,Artículo Retail 03208,Ropa,Subcategoría 18,Línea 13,569,13218.19,20.3,UNIDAD,True,2025-04-29
3209,7700000003209,Artículo Retail 03209,Alimentos,Subcategoría 8,Línea 21,671,37000.9,21.98,UNIDAD,True,2025-10-19
3210,7700000003210,Artículo Retail 03210,Ropa,Subcategoría 16,Línea 49,150,65504.83,6.94,UNIDAD,True,2025-08-06
3211,7700000003211,Artículo Retail 03211,Electrónica,Subcategoría 7,Línea 13,338,38695.45,11.23,UNIDAD,True,2025-10-12
3212,7700000003212,Artículo Retail 03212,Hogar,Subcategoría 8,Línea 18,645,99233.66,12.82,UNIDAD,True,2025-03-28
3213,7700000003213,Artículo Retail 03213,Electrónica,Subcategoría 4,Línea 35,288,8262.49,2.81,UNIDAD,True,2025-08-21
3214,7700000003214,Artículo Retail 03214,Hogar,Subcategoría 5,Línea 49,466,14035.3,28.13,UNIDAD,True,2025-06-24
3215,7700000003215,Artículo Retail 03215,Bebés,Subcategoría 1,Línea 25,553,3946.72,16.62,UNIDAD,True,2025-02-11
3216,7700000003216,Artículo Retail 03216,Hogar,Subcategoría 20,Línea 17,308,33896.7,12.49,UNIDAD,True,2025-01-13
3217,7700000003217,Artículo Retail 03217,Ropa,Subcategoría 2,Línea 23,558,3771.06,19.63,UNIDAD,True,2025-07-27
3218,7700000003218,Artículo Retail 03218,Bebés,Subcategoría 5,Línea 9,463,18741.71,12.75,UNIDAD,True,2025-10-09
3219,7700000003219,Artículo Retail 03219,Ropa,Subcategoría 7,Línea 39,242,84274.55,10.8,UNIDAD,True,2025-04-21
3220,7700000003220,Artículo Retail 03220,Hogar,Subcategoría 13,Línea 17,164,137948.24,26.36,UNIDAD,True,2025-01-29
3221,7700000003221,Artículo Retail 03221,Alimentos,Subcategoría 20,Línea 37,594,11841.83,22.11,UNIDAD,True,2025-02-05
3222,7700000003222,Artículo Retail 03222,Cuidado personal,Subcategoría 6,Línea 21,255,21034.56,2.63,UNIDAD,True,2025-05-28
3223,7700000003223,Artículo Retail 03223,Alimentos,Subcategoría 14,Línea 19,70,13504.18,7.36,UNIDAD,True,2025-06-12
3224,7700000003224,Artículo Retail 03224,Cuidado personal,Subcategoría 3,Línea 12,335,41306.69,7.61,UNIDAD,True,2025-11-13
3225,7700000003225,Artículo Retail 03225,Ropa,Subcategoría 5,Línea 19,633,67295.88,3.44,UNIDAD,True,2025-05-04
3226,7700000003226,Artículo Retail 03226,Hogar,Subcategoría 18,Línea 2,125,74033.21,11.38,UNIDAD,True,2025-06-21
3227,7700000003227,Artículo Retail 03227,Hogar,Subcategoría 6,Línea 4,352,13316.43,7.41,UNIDAD,True,2025-10-21
3228,7700000003228,Artículo Retail 03228,Electrónica,Subcategoría 14,Línea 2,435,148960.85,11.24,UNIDAD,True,2025-09-14
3229,7700000003229,Artículo Retail 03229,Hogar,Subcategoría 17,Línea 20,641,75367.59,15.63,UNIDAD,True,2025-09-30
3230,7700000003230,Artículo Retail 03230,Bebés,Subcategoría 8,Línea 23,267,5264.29,10.66,UNIDAD,True,2025-11-15
3231,7700000003231,Artículo Retail 03231,Cuidado personal,Subcategoría 7,Línea 39,494,25656.42,14.8,UNIDAD,True,2025-06-05
3232,7700000003232,Artículo Retail 03232,Electrónica,Subcategoría 11,Línea 44,704,40128.83,1.87,UNIDAD,True,2025-01-15
3233,7700000003233,Artículo Retail 03233,Electrónica,Subcategoría 11,Línea 25,486,5357.77,27.2,UNIDAD,True,2025-04-05
3234,7700000003234,Artículo Retail 03234,Hogar,Subcategoría 16,Línea 14,51,11274.27,23.03,UNIDAD,False,2025-10-08
3235,7700000003235,Artículo Retail 03235,Electrónica,Subcategoría 9,Línea 40,697,39965.02,9.24,UNIDAD,True,2025-09-29
3236,7700000003236,Artículo Retail 03236,Bebés,Subcategoría 1,Línea 7,422,7961.1,,UNIDAD,True,2025-04-18
3237,7700000003237,Artículo Retail 03237,Bebés,Subcategoría 4,Línea 19,684,46441.34,18.15,UNIDAD,True,2025-09-26
3238,7700000003238,Artículo Retail 03238,Cuidado personal,Subcategoría 10,Línea 3,8,91940.11,2.77,UNIDAD,True,2025-05-22
3239,7700000003239,Artículo Retail 03239,Bebés,Subcategoría 16,Línea 13,600,8593.75,19.83,UNIDAD,True,2025-08-17
3240,7700000003240,Artículo Retail 03240,Electrónica,Subcategoría 14,Línea 27,506,24373.43,26.66,UNIDAD,True,2025-09-14
3241,7700000003241,Artículo Retail 03241,Bebés,Subcategoría 4,Línea 10,538,66129.64,,UNIDAD,True,2025-05-13
3242,7700000003242,Artículo Retail 03242,Cuidado personal,Subcategoría 4,Línea 45,683,14304.89,22.03,UNIDAD,True,2025-09-24
3243,7700000003243,Artículo Retail 03243,Cuidado personal,Subcategoría 9,Línea 40,112,2583.21,20.22,UNIDAD,True,2025-10-03
3244,7700000003244,Artículo Retail 03244,Bebés,Subcategoría 3,Línea 48,494,23049.39,4.84,UNIDAD,True,2025-01-12
3245,7700000003245,Artículo Retail 03245,Alimentos,Subcategoría 9,Línea 47,534,7434.73,,UNIDAD,True,2025-02-02
3246,7700000003246,Artículo Retail 03246,Cuidado personal,Subcategoría 14,Línea 26,332,41076.96,24.49,UNIDAD,True,2025-04-19
3247,7700000003247,Artículo Retail 03247,Electrónica,Subcategoría 9,Línea 35,475,143809.65,8.98,UNIDAD,False,2025-07-18
3248,7700000003248,Artículo Retail 03248,Ropa,Subcategoría 4,Línea 29,486,31617.14,28.41,UNIDAD,True,2025-01-22
3249,7700000003249,Artículo Retail 03249,Hogar,Subcategoría 19,Línea 7,506,5001.44,29.8,UNIDAD,True,2025-01-18
3250,7700000003250,Artículo Retail 03250,Hogar,Subcategoría 20,Línea 11,180,12483.15,23.05,UNIDAD,True,2025-06-30
3251,7700000003251,Artículo Retail 03251,Ropa,Subcategoría 6,Línea 46,312,31771.3,3.91,UNIDAD,True,2025-10-20
3252,7700000003252,Artículo Retail 03252,Alimentos,Subcategoría 8,Línea 21,652,12816.0,17.39,UNIDAD,True,2025-04-21
3253,7700000003253,Artículo Retail 03253,Hogar,Subcategoría 12,Línea 10,764,12487.92,1.82,UNIDAD,True,2025-06-21
3254,7700000003254,Artículo Retail 03254,Hogar,Subcategoría 2,Línea 30,747,28076.51,9.41,UNIDAD,True,2025-07-21
3255,7700000003255,Artículo Retail 03255,Alimentos,Subcategoría 4,Línea 38,525,1573.87,3.44,UNIDAD,True,2025-08-11
3256,7700000003256,Artículo Retail 03256,Cuidado personal,Subcategoría 15,Línea 36,291,11252.0,14.47,UNIDAD,True,2025-02-22
3257,7700000003257,Artículo Retail 03257,Hogar,Subcategoría 2,Línea 9,114,64486.58,7.54,UNIDAD,True,2025-03-12
3258,7700000003258,Artículo Retail 03258,Electrónica,Subcategoría 15,Línea 28,722,18596.76,1.01,UNIDAD,True,2025-12-26
3259,7700000003259,Artículo Retail 03259,Ropa,Subcategoría 3,Línea 38,204,16450.85,29.71,UNIDAD,True,2025-06-08
3260,7700000003260,Artículo Retail 03260,Cuidado personal,Subcategoría 18,Línea 27,225,256324.5,23.33,UNIDAD,True,2025-02-17
3261,7700000003261,Artículo Retail 03261,Alimentos,Subcategoría 20,Línea 2,623,2973.9,9.47,UNIDAD,True,2025-03-17
3262,7700000003262,Artículo Retail 03262,Electrónica,Subcategoría 20,Línea 26,787,12328.61,18.66,UNIDAD,True,2025-08-11
3263,7700000003263,Artículo Retail 03263,Bebés,Subcategoría 2,Línea 31,744,26030.83,27.93,UNIDAD,True,2025-01-21
3264,7700000003264,Artículo Retail 03264,Ropa,Subcategoría 15,Línea 27,533,13999.29,9.26,UNIDAD,True,2025-05-25
3265,7700000003265,Artículo Retail 03265,Ropa,Subcategoría 8,Línea 5,552,73173.12,29.09,UNIDAD,True,2025-05-21
3266,7700000003266,Artículo Retail 03266,Hogar,Subcategoría 15,Línea 42,339,25353.07,28.19,UNIDAD,True,2025-05-11
3267,7700000003267,Artículo Retail 03267,Electrónica,Subcategoría 2,Línea 11,253,3873.82,28.98,UNIDAD,True,2025-09-21
3268,7700000003268,Artículo Retail 03268,Ropa,Subcategoría 12,Línea 4,749,52543.7,24.97,UNIDAD,True,2025-11-17
3269,7700000003269,Artículo Retail 03269,Hogar,Subcategoría 8,Línea 8,318,12588.95,16.32,UNIDAD,True,2025-10-22
3270,7700000003270,Artículo Retail 03270,Hogar,Subcategoría 9,Línea 50,243,36515.68,13.46,UNIDAD,True,2025-09-24
3271,7700000003271,Artículo Retail 03271,Hogar,Subcategoría 17,Línea 42,28,28859.92,,UNIDAD,True,2025-02-27
3272,7700000003272,Artículo Retail 03272,Hogar,Subcategoría 5,Línea 8,339,10309.98,5.3,UNIDAD,True,2025-10-11
3273,7700000003273,Artículo Retail 03273,Hogar,Subcategoría 20,Línea 2,773,16114.64,29.58,UNIDAD,True,2025-10-14
3274,7700000003274,Artículo Retail 03274,Ropa,Subcategoría 12,Línea 8,788,34778.56,9.95,UNIDAD,True,2025-08-08
3275,7700000003275,Artículo Retail 03275,Ropa,Subcategoría 5,Línea 21,57,8108.79,7.92,UNIDAD,True,2025-08-17
3276,7700000003276,Artículo Retail 03276,Bebés,Subcategoría 9,Línea 36,14,66714.61,16.23,UNIDAD,True,2025-05-28
3277,7700000003277,Artículo Retail 03277,Ropa,Subcategoría 5,Línea 23,754,239717.2,9.8,UNIDAD,True,2025-11-16
3278,7700000003278,Artículo Retail 03278,Cuidado personal,Subcategoría 17,Línea 14,26,35728.88,18.08,UNIDAD,True,2025-11-17
3279,7700000003279,Artículo Retail 03279,Ropa,Subcategoría 9,Línea 47,626,9377.06,26.3,UNIDAD,True,2025-03-25
3280,7700000003280,Artículo Retail 03280,Alimentos,Subcategoría 19,Línea 50,120,4815.38,20.88,UNIDAD,True,2025-05-05
3281,7700000003281,Artículo Retail 03281,Ropa,Subcategoría 11,Línea 23,94,62340.2,9.79,UNIDAD,True,2025-05-21
3282,7700000003282,Artículo Retail 03282,Bebés,Subcategoría 19,Línea 6,332,10245.95,,UNIDAD,True,2025-09-19
3283,7700000003283,Artículo Retail 03283,Electrónica,Subcategoría 15,Línea 20,10,46551.7,19.8,UNIDAD,True,2025-11-12
3284,7700000003284,Artículo Retail 03284,Alimentos,Subcategoría 16,Línea 35,130,8405.81,0.21,UNIDAD,True,2025-09-18
3285,7700000003285,Artículo Retail 03285,Alimentos,Subcategoría 12,Línea 8,403,18701.97,8.21,UNIDAD,True,2025-11-06
3286,7700000003286,Artículo Retail 03286,Bebés,Subcategoría 19,Línea 27,226,26046.64,4.89,UNIDAD,True,2025-02-10
3287,7700000003287,Artículo Retail 03287,Alimentos,Subcategoría 14,Línea 28,493,10167.47,4.2,UNIDAD,True,2025-02-26
3288,7700000003288,Artículo Retail 03288,Hogar,Subcategoría 1,Línea 22,776,5404.63,25.08,UNIDAD,True,2025-03-21
3289,7700000003289,Artículo Retail 03289,Hogar,Subcategoría 6,Línea 24,20,17980.22,9.64,UNIDAD,True,2025-07-06
3290,7700000003290,Artículo Retail 03290,Ropa,Subcategoría 10,Línea 46,31,34574.11,8.39,UNIDAD,True,2025-10-28
3291,7700000003291,Artículo Retail 03291,Hogar,Subcategoría 19,Línea 19,82,19469.5,7.27,UNIDAD,True,2025-06-11
3292,7700000003292,Artículo Retail 03292,Alimentos,Subcategoría 12,Línea 25,687,12638.41,22.31,UNIDAD,True,2025-08-28
3293,7700000003293,Artículo Retail 03293,Hogar,Subcategoría 20,Línea 33,368,6121.38,,UNIDAD,True,2025-08-19
3294,7700000003294,Artículo Retail 03294,Cuidado personal,Subcategoría 18,Línea 42,92,49098.54,1.38,UNIDAD,True,2025-12-08
3295,7700000003295,Artículo Retail 03295,Bebés,Subcategoría 9,Línea 37,227,3656.08,2.84,UNIDAD,True,2025-11-29
3296,7700000003296,Artículo Retail 03296,Alimentos,Subcategoría 13,Línea 16,100,12108.35,25.14,UNIDAD,True,2025-11-26
3297,7700000003297,Artículo Retail 03297,Electrónica,Subcategoría 18,Línea 30,681,66613.82,19.2,UNIDAD,True,2025-01-29
3298,7700000003298,Artículo Retail 03298,Bebés,Subcategoría 4,Línea 2,273,117784.67,22.28,UNIDAD,True,2025-11-26
3299,7700000003299,Artículo Retail 03299,Electrónica,Subcategoría 2,Línea 32,108,21788.36,5.5,UNIDAD,True,2025-05-17
3300,7700000003300,Artículo Retail 03300,Ropa,Subcategoría 1,Línea 26,239,61176.22,21.29,UNIDAD,True,2025-03-21
3301,7700000003301,Artículo Retail 03301,Bebés,Subcategoría 3,Línea 3,689,24816.51,2.45,UNIDAD,True,2025-03-12
3302,7700000003302,Artículo Retail 03302,Ropa,Subcategoría 20,Línea 45,111,108530.14,15.19,UNIDAD,True,2025-01-30
3303,7700000003303,Artículo Retail 03303,Bebés,Subcategoría 10,Línea 41,782,40350.0,3.92,UNIDAD,True,2025-01-20
3304,7700000003304,Artículo Retail 03304,Hogar,Subcategoría 5,Línea 35,392,15962.67,19.58,UNIDAD,True,2025-02-06
3305,7700000003305,Artículo Retail 03305,Electrónica,Subcategoría 14,Línea 15,329,24996.39,17.43,UNIDAD,True,2025-05-21
3306,7700000003306,Artículo Retail 03306,Cuidado personal,Subcategoría 10,Línea 44,511,74039.92,9.37,UNIDAD,False,2025-09-11
3307,7700000003307,Artículo Retail 03307,Electrónica,Subcategoría 16,Línea 23,452,8774.64,0.66,UNIDAD,True,2025-06-21
3308,7700000003308,Artículo Retail 03308,Electrónica,Subcategoría 20,Línea 34,681,17760.44,19.63,UNIDAD,True,2025-08-10
3309,7700000003309,Artículo Retail 03309,Ropa,Subcategoría 17,Línea 14,182,43701.14,21.34,UNIDAD,True,2025-12-26
3310,7700000003310,Artículo Retail 03310,Electrónica,Subcategoría 16,Línea 18,723,21405.2,1.8,UNIDAD,True,2025-06-02
3311,7700000003311,Artículo Retail 03311,Alimentos,Subcategoría 1,Línea 10,467,2681.36,23.22,UNIDAD,True,2025-01-01
3312,7700000003312,Artículo Retail 03312,Electrónica,Subcategoría 17,Línea 7,513,7910.56,25.15,UNIDAD,True,2025-08-16
3313,7700000003313,Artículo Retail 03313,Cuidado personal,Subcategoría 18,Línea 1,125,20105.96,12.56,UNIDAD,True,2025-04-11
3314,7700000003314,Artículo Retail 03314,Bebés,Subcategoría 9,Línea 29,685,13128.36,25.95,UNIDAD,True,2025-06-17
3315,7700000003315,Artículo Retail 03315,Ropa,Subcategoría 2,Línea 47,645,2911.1,14.26,UNIDAD,True,2025-05-18
3316,7700000003316,Artículo Retail 03316,Electrónica,Subcategoría 13,Línea 35,105,53760.58,4.88,UNIDAD,True,2025-05-04
3317,7700000003317,Artículo Retail 03317,Cuidado personal,Subcategoría 20,Línea 24,752,2046.63,,UNIDAD,True,2025-02-09
3318,7700000003318,Artículo Retail 03318,Cuidado personal,Subcategoría 9,Línea 23,143,26234.73,24.29,UNIDAD,False,2025-03-22
3319,7700000003319,Artículo Retail 03319,Electrónica,Subcategoría 2,Línea 17,1,31999.31,22.48,UNIDAD,True,2025-08-20
3320,7700000003320,Artículo Retail 03320,Hogar,Subcategoría 17,Línea 31,507,16882.73,7.53,UNIDAD,True,2025-09-08
3321,7700000003321,Artículo Retail 03321,Bebés,Subcategoría 8,Línea 1,495,127506.47,,UNIDAD,True,2025-08-21
3322,7700000003322,Artículo Retail 03322,Electrónica,Subcategoría 6,Línea 14,349,19082.77,10.03,UNIDAD,True,2025-07-27
3323,7700000003323,Artículo Retail 03323,Ropa,Subcategoría 11,Línea 6,87,46583.12,1.97,UNIDAD,True,2025-01-13
3324,7700000003324,Artículo Retail 03324,Cuidado personal,Subcategoría 3,Línea 29,71,14760.76,7.21,UNIDAD,True,2025-09-08
3325,7700000003325,Artículo Retail 03325,Hogar,Subcategoría 13,Línea 44,686,28022.45,6.88,UNIDAD,True,2025-02-10
3326,7700000003326,Artículo Retail 03326,Cuidado personal,Subcategoría 17,Línea 2,589,11708.04,24.54,UNIDAD,True,2025-04-08
3327,7700000003327,Artículo Retail 03327,Hogar,Subcategoría 15,Línea 18,675,27783.49,12.98,UNIDAD,True,2025-12-13
3328,7700000003328,Artículo Retail 03328,Bebés,Subcategoría 9,Línea 6,226,23271.83,4.59,UNIDAD,True,2025-07-19
3329,7700000003329,Artículo Retail 03329,Electrónica,Subcategoría 5,Línea 2,239,85995.38,19.45,UNIDAD,True,2025-08-23
3330,7700000003330,Artículo Retail 03330,Cuidado personal,Subcategoría 1,Línea 22,301,10931.05,11.34,UNIDAD,True,2025-07-15
3331,7700000003331,Artículo Retail 03331,Bebés,Subcategoría 6,Línea 48,200,14809.77,5.93,UNIDAD,False,2025-05-29
3332,7700000003332,Artículo Retail 03332,Cuidado personal,Subcategoría 13,Línea 28,348,8622.71,18.7,UNIDAD,True,2025-06-23
3333,7700000003333,Artículo Retail 03333,Alimentos,Subcategoría 14,Línea 8,307,14390.18,1.5,UNIDAD,True,2025-12-04
3334,7700000003334,Artículo Retail 03334,Cuidado personal,Subcategoría 16,Línea 39,674,18540.37,6.18,UNIDAD,True,2025-05-06
3335,7700000003335,Artículo Retail 03335,Electrónica,Subcategoría 16,Línea 32,598,30842.84,1.5,UNIDAD,True,2025-01-25
3336,7700000003336,Artículo Retail 03336,Hogar,Subcategoría 13,Línea 21,532,242718.0,25.22,UNIDAD,True,2025-10-11
3337,7700000003337,Artículo Retail 03337,Alimentos,Subcategoría 9,Línea 29,741,53630.17,,UNIDAD,True,2025-11-03
3338,7700000003338,Artículo Retail 03338,Alimentos,Subcategoría 13,Línea 47,61,54325.61,7.1,UNIDAD,True,2025-11-08
3339,7700000003339,Artículo Retail 03339,Ropa,Subcategoría 19,Línea 47,479,16666.05,20.15,UNIDAD,True,2025-05-26
3340,7700000003340,Artículo Retail 03340,Alimentos,Subcategoría 9,Línea 20,343,13412.55,28.25,UNIDAD,True,2025-01-23
3341,7700000003341,Artículo Retail 03341,Alimentos,Subcategoría 14,Línea 48,335,30257.96,26.55,UNIDAD,True,2025-10-06
3342,7700000003342,Artículo Retail 03342,Cuidado personal,Subcategoría 6,Línea 49,371,46136.73,15.03,UNIDAD,True,2025-01-23
3343,7700000003343,Artículo Retail 03343,Electrónica,Subcategoría 13,Línea 10,629,1567.25,13.46,UNIDAD,True,2025-04-24
3344,7700000003344,Artículo Retail 03344,Hogar,Subcategoría 6,Línea 28,643,15736.98,15.55,UNIDAD,True,2025-06-16
3345,7700000003345,Artículo Retail 03345,Cuidado personal,Subcategoría 16,Línea 4,486,33464.59,29.06,UNIDAD,True,2025-10-26
3346,7700000003346,Artículo Retail 03346,Ropa,Subcategoría 4,Línea 38,12,24198.9,20.93,UNIDAD,True,2025-02-24
3347,7700000003347,Artículo Retail 03347,Bebés,Subcategoría 20,Línea 36,243,7628.95,8.63,UNIDAD,True,2025-07-06
3348,7700000003348,Artículo Retail 03348,Cuidado personal,Subcategoría 9,Línea 24,756,14307.3,9.22,UNIDAD,True,2025-05-08
3349,7700000003349,Artículo Retail 03349,Bebés,Subcategoría 1,Línea 45,758,3446.94,17.05,UNIDAD,True,2025-09-24
3350,7700000003350,Artículo Retail 03350,Ropa,Subcategoría 19,Línea 48,748,71238.45,1.97,UNIDAD,True,2025-01-11
3351,7700000003351,Artículo Retail 03351,Alimentos,Subcategoría 14,Línea 24,791,203259.16,13.54,UNIDAD,True,2025-04-30
3352,7700000003352,Artículo Retail 03352,Cuidado personal,Subcategoría 3,Línea 29,536,10999.38,7.17,UNIDAD,True,2025-04-29
3353,7700000003353,Artículo Retail 03353,Ropa,Subcategoría 20,Línea 23,89,7291.1,23.7,UNIDAD,True,2025-08-13
3354,7700000003354,Artículo Retail 03354,Alimentos,Subcategoría 15,Línea 5,302,16646.3,28.97,UNIDAD,True,2025-09-26
3355,7700000003355,Artículo Retail 03355,Alimentos,Subcategoría 9,Línea 32,571,17389.07,,UNIDAD,True,2025-08-23
3356,7700000003356,Artículo Retail 03356,Hogar,Subcategoría 7,Línea 18,496,108709.69,4.66,UNIDAD,True,2025-11-02
3357,7700000003357,Artículo Retail 03357,Electrónica,Subcategoría 6,Línea 43,765,6822.2,24.05,UNIDAD,True,2025-12-06
3358,7700000003358,Artículo Retail 03358,Alimentos,Subcategoría 10,Línea 8,669,63491.74,21.38,UNIDAD,True,2025-10-10
3359,7700000003359,Artículo Retail 03359,Cuidado personal,Subcategoría 11,Línea 19,740,113969.93,10.53,UNIDAD,True,2025-01-31
3360,7700000003360,Artículo Retail 03360,Alimentos,Subcategoría 1,Línea 26,70,24677.67,19.7,UNIDAD,True,2025-05-24
3361,7700000003361,Artículo Retail 03361,Hogar,Subcategoría 5,Línea 7,479,35365.65,24.82,UNIDAD,True,2025-08-09
3362,7700000003362,Artículo Retail 03362,Electrónica,Subcategoría 13,Línea 27,771,27597.96,27.44,UNIDAD,True,2025-02-17
3363,7700000003363,Artículo Retail 03363,Bebés,Subcategoría 9,Línea 39,489,23949.05,0.14,UNIDAD,True,2025-04-02
3364,7700000003364,Artículo Retail 03364,Cuidado personal,Subcategoría 9,Línea 4,710,12769.03,29.42,UNIDAD,True,2025-01-06
3365,7700000003365,Artículo Retail 03365,Alimentos,Subcategoría 20,Línea 4,647,11289.45,20.87,UNIDAD,True,2025-09-11
3366,7700000003366,Artículo Retail 03366,Electrónica,Subcategoría 9,Línea 39,673,6431.98,18.83,UNIDAD,True,2025-12-03
3367,7700000003367,Artículo Retail 03367,Cuidado personal,Subcategoría 9,Línea 29,538,25900.98,9.81,UNIDAD,True,2025-10-23
3368,7700000003368,Artículo Retail 03368,Electrónica,Subcategoría 6,Línea 4,557,26195.75,23.37,UNIDAD,True,2025-07-03
3369,7700000003369,Artículo Retail 03369,Ropa,Subcategoría 5,Línea 45,52,14535.75,16.32,UNIDAD,True,2025-05-26
3370,7700000003370,Artículo Retail 03370,Electrónica,Subcategoría 1,Línea 31,406,45062.57,28.2,UNIDAD,True,2025-07-25
3371,7700000003371,Artículo Retail 03371,Electrónica,Subcategoría 20,Línea 10,169,18148.11,4.93,UNIDAD,True,2025-09-26
3372,7700000003372,Artículo Retail 03372,Cuidado personal,Subcategoría 3,Línea 1,450,2529.02,25.1,UNIDAD,True,2025-09-15
3373,7700000003373,Artículo Retail 03373,Electrónica,Subcategoría 9,Línea 14,180,67847.98,20.92,UNIDAD,True,2025-02-06
3374,7700000003374,Artículo Retail 03374,Hogar,Subcategoría 3,Línea 12,337,18786.38,,UNIDAD,True,2025-02-06
3375,7700000003375,Artículo Retail 03375,Bebés,Subcategoría 19,Línea 4,431,21513.64,26.34,UNIDAD,True,2025-11-24
3376,7700000003376,Artículo Retail 03376,Ropa,Subcategoría 5,Línea 8,523,47462.41,22.87,UNIDAD,True,2025-03-17
3377,7700000003377,Artículo Retail 03377,Cuidado personal,Subcategoría 11,Línea 37,310,21130.91,8.88,UNIDAD,True,2025-06-29
3378,7700000003378,Artículo Retail 03378,Alimentos,Subcategoría 11,Línea 22,517,106533.12,17.19,UNIDAD,True,2025-01-31
3379,7700000003379,Artículo Retail 03379,Alimentos,Subcategoría 5,Línea 38,387,18239.25,1.54,UNIDAD,True,2025-08-23
3380,7700000003380,Artículo Retail 03380,Electrónica,Subcategoría 13,Línea 20,597,11254.22,6.5,UNIDAD,True,2025-08-21
3381,7700000003381,Artículo Retail 03381,Electrónica,Subcategoría 14,Línea 3,773,74203.91,24.69,UNIDAD,True,2025-08-04
3382,7700000003382,Artículo Retail 03382,Ropa,Subcategoría 12,Línea 46,258,2026.34,27.82,UNIDAD,True,2025-04-02
3383,7700000003383,Artículo Retail 03383,Ropa,Subcategoría 19,Línea 15,91,21170.07,7.6,UNIDAD,True,2025-04-21
3384,7700000003384,Artículo Retail 03384,Ropa,Subcategoría 10,Línea 30,153,8799.69,17.42,UNIDAD,True,2025-01-06
3385,7700000003385,Artículo Retail 03385,Bebés,Subcategoría 16,Línea 30,525,45054.03,21.59,UNIDAD,True,2025-12-26
3386,7700000003386,Artículo Retail 03386,Hogar,Subcategoría 10,Línea 4,318,8633.72,9.18,UNIDAD,True,2025-07-13
3387,7700000003387,Artículo Retail 03387,Cuidado personal,Subcategoría 3,Línea 3,525,17860.74,19.52,UNIDAD,True,2025-05-09
3388,7700000003388,Artículo Retail 03388,Hogar,Subcategoría 17,Línea 20,170,14411.23,13.03,UNIDAD,True,2025-04-14
3389,7700000003389,Artículo Retail 03389,Alimentos,Subcategoría 8,Línea 35,436,12850.48,29.05,UNIDAD,True,2025-04-12
3390,7700000003390,Artículo Retail 03390,Ropa,Subcategoría 3,Línea 24,562,7596.63,14.69,UNIDAD,True,2025-03-03
3391,7700000003391,Artículo Retail 03391,Ropa,Subcategoría 8,Línea 19,29,22867.97,14.59,UNIDAD,True,2025-04-13
3392,7700000003392,Artículo Retail 03392,Electrónica,Subcategoría 4,Línea 38,117,5187.02,21.42,UNIDAD,True,2025-01-26
3393,7700000003393,Artículo Retail 03393,Electrónica,Subcategoría 7,Línea 26,395,16105.74,17.91,UNIDAD,True,2025-10-09
3394,7700000003394,Artículo Retail 03394,Alimentos,Subcategoría 7,Línea 34,355,21834.73,5.46,UNIDAD,True,2025-07-01
3395,7700000003395,Artículo Retail 03395,Hogar,Subcategoría 9,Línea 32,565,53130.2,22.85,UNIDAD,True,2025-10-16
3396,7700000003396,Artículo Retail 03396,Hogar,Subcategoría 14,Línea 11,593,12146.04,28.02,UNIDAD,True,2025-05-04
3397,7700000003397,Artículo Retail 03397,Bebés,Subcategoría 17,Línea 32,84,344683.94,20.08,UNIDAD,True,2025-06-29
3398,7700000003398,Artículo Retail 03398,Electrónica,Subcategoría 10,Línea 39,765,11968.7,27.7,UNIDAD,True,2025-07-16
3399,7700000003399,Artículo Retail 03399,Hogar,Subcategoría 7,Línea 10,527,23469.79,28.11,UNIDAD,True,2025-06-16
3400,7700000003400,Artículo Retail 03400,Hogar,Subcategoría 11,Línea 1,744,7036.67,18.05,UNIDAD,True,2025-10-25
3401,7700000003401,Artículo Retail 03401,Hogar,Subcategoría 3,Línea 11,481,41740.11,29.99,UNIDAD,True,2025-05-19
3402,7700000003402,Artículo Retail 03402,Hogar,Subcategoría 18,Línea 17,629,26728.33,14.93,UNIDAD,True,2025-06-16
3403,7700000003403,Artículo Retail 03403,Bebés,Subcategoría 4,Línea 22,25,5647.33,23.34,UNIDAD,False,2025-08-26
3404,7700000003404,Artículo Retail 03404,Hogar,Subcategoría 16,Línea 32,623,29687.51,24.51,UNIDAD,True,2025-07-20
3405,7700000003405,Artículo Retail 03405,Cuidado personal,Subcategoría 3,Línea 12,327,14924.04,3.41,UNIDAD,True,2025-07-25
3406,7700000003406,Artículo Retail 03406,Alimentos,Subcategoría 11,Línea 37,711,14218.18,8.66,UNIDAD,True,2025-04-07
3407,7700000003407,Artículo Retail 03407,Bebés,Subcategoría 13,Línea 30,126,45155.58,5.39,UNIDAD,True,2025-02-28
3408,7700000003408,Artículo Retail 03408,Bebés,Subcategoría 17,Línea 33,206,5947.63,14.99,UNIDAD,True,2025-05-01
3409,7700000003409,Artículo Retail 03409,Electrónica,Subcategoría 19,Línea 8,394,17924.96,18.71,UNIDAD,True,2025-12-15
3410,7700000003410,Artículo Retail 03410,Hogar,Subcategoría 12,Línea 34,176,10938.63,20.01,UNIDAD,True,2025-01-14
3411,7700000003411,Artículo Retail 03411,Bebés,Subcategoría 7,Línea 30,487,26070.76,11.88,UNIDAD,True,2025-05-24
3412,7700000003412,Artículo Retail 03412,Ropa,Subcategoría 13,Línea 37,145,52070.03,,UNIDAD,True,2025-09-10
3413,7700000003413,Artículo Retail 03413,Electrónica,Subcategoría 8,Línea 26,227,25974.94,28.96,UNIDAD,True,2025-10-28
3414,7700000003414,Artículo Retail 03414,Electrónica,Subcategoría 6,Línea 33,279,24431.34,4.52,UNIDAD,True,2025-04-29
3415,7700000003415,Artículo Retail 03415,Cuidado personal,Subcategoría 3,Línea 45,498,8619.15,28.69,UNIDAD,True,2025-11-26
3416,7700000003416,Artículo Retail 03416,Bebés,Subcategoría 12,Línea 38,125,5589.4,10.13,UNIDAD,True,2025-05-22
3417,7700000003417,Artículo Retail 03417,Bebés,Subcategoría 13,Línea 41,15,21785.8,3.72,UNIDAD,True,2025-05-05
3418,7700000003418,Artículo Retail 03418,Electrónica,Subcategoría 17,Línea 29,643,33094.94,21.06,UNIDAD,True,2025-04-05
3419,7700000003419,Artículo Retail 03419,Electrónica,Subcategoría 20,Línea 20,53,44984.11,10.17,UNIDAD,True,2025-06-25
3420,7700000003420,Artículo Retail 03420,Alimentos,Subcategoría 3,Línea 50,537,5324.33,13.85,UNIDAD,True,2025-10-18
3421,7700000003421,Artículo Retail 03421,Hogar,Subcategoría 3,Línea 15,237,46267.8,19.58,UNIDAD,True,2025-10-18
3422,7700000003422,Artículo Retail 03422,Hogar,Subcategoría 12,Línea 33,238,27765.3,5.36,UNIDAD,True,2025-08-27
3423,7700000003423,Artículo Retail 03423,Alimentos,Subcategoría 4,Línea 40,629,11407.34,12.33,UNIDAD,True,2025-05-23
3424,7700000003424,Artículo Retail 03424,Cuidado personal,Subcategoría 6,Línea 25,567,55739.49,2.51,UNIDAD,True,2025-08-25
3425,7700000003425,Artículo Retail 03425,Ropa,Subcategoría 11,Línea 25,781,57102.99,29.53,UNIDAD,True,2025-06-24
3426,7700000003426,Artículo Retail 03426,Alimentos,Subcategoría 1,Línea 48,617,26537.77,13.33,UNIDAD,True,2025-08-20
3427,7700000003427,Artículo Retail 03427,Alimentos,Subcategoría 12,Línea 30,245,12527.47,2.79,UNIDAD,True,2025-02-03
3428,7700000003428,Artículo Retail 03428,Cuidado personal,Subcategoría 17,Línea 32,250,18868.68,23.72,UNIDAD,True,2025-04-19
3429,7700000003429,Artículo Retail 03429,Bebés,Subcategoría 5,Línea 35,577,38093.72,17.81,UNIDAD,True,2025-08-05
3430,7700000003430,Artículo Retail 03430,Hogar,Subcategoría 3,Línea 42,444,40402.12,11.39,UNIDAD,True,2025-04-02
3431,7700000003431,Artículo Retail 03431,Electrónica,Subcategoría 11,Línea 26,495,16815.02,11.01,UNIDAD,True,2025-03-21
3432,7700000003432,Artículo Retail 03432,Ropa,Subcategoría 10,Línea 6,239,34404.14,5.04,UNIDAD,True,2025-08-20
3433,7700000003433,Artículo Retail 03433,Electrónica,Subcategoría 20,Línea 24,203,46242.44,6.09,UNIDAD,True,2025-02-28
3434,7700000003434,Artículo Retail 03434,Bebés,Subcategoría 18,Línea 18,456,34189.78,,UNIDAD,True,2025-09-09
3435,7700000003435,Artículo Retail 03435,Ropa,Subcategoría 11,Línea 20,523,28458.24,3.85,UNIDAD,True,2025-09-19
3436,7700000003436,Artículo Retail 03436,Hogar,Subcategoría 7,Línea 20,309,37638.3,20.3,UNIDAD,True,2025-04-02
3437,7700000003437,Artículo Retail 03437,Bebés,Subcategoría 6,Línea 27,31,10383.03,1.43,UNIDAD,True,2025-06-16
3438,7700000003438,Artículo Retail 03438,Electrónica,Subcategoría 6,Línea 16,371,5138.09,,UNIDAD,True,2025-08-30
3439,7700000003439,Artículo Retail 03439,Cuidado personal,Subcategoría 10,Línea 7,174,37733.96,,UNIDAD,True,2025-03-05
3440,7700000003440,Artículo Retail 03440,Hogar,Subcategoría 19,Línea 48,277,19620.01,0.83,UNIDAD,True,2025-09-24
3441,7700000003441,Artículo Retail 03441,Bebés,Subcategoría 13,Línea 23,190,67992.09,14.31,UNIDAD,True,2025-07-31
3442,7700000003442,Artículo Retail 03442,Bebés,Subcategoría 2,Línea 25,179,77367.38,22.46,UNIDAD,True,2025-08-03
3443,7700000003443,Artículo Retail 03443,Alimentos,Subcategoría 16,Línea 47,659,81101.37,12.12,UNIDAD,True,2025-11-20
3444,7700000003444,Artículo Retail 03444,Ropa,Subcategoría 11,Línea 3,221,15227.01,19.49,UNIDAD,True,2025-01-17
3445,7700000003445,Artículo Retail 03445,Alimentos,Subcategoría 6,Línea 11,135,57069.0,26.69,UNIDAD,True,2025-06-05
3446,7700000003446,Artículo Retail 03446,Bebés,Subcategoría 6,Línea 40,367,10872.52,19.14,UNIDAD,True,2025-09-17
3447,7700000003447,Artículo Retail 03447,Hogar,Subcategoría 15,Línea 30,229,9023.6,10.18,UNIDAD,True,2025-03-04
3448,7700000003448,Artículo Retail 03448,Ropa,Subcategoría 2,Línea 21,88,10028.06,12.48,UNIDAD,True,2025-12-30
3449,7700000003449,Artículo Retail 03449,Alimentos,Subcategoría 3,Línea 41,573,13868.02,28.83,UNIDAD,True,2025-08-06
3450,7700000003450,Artículo Retail 03450,Ropa,Subcategoría 5,Línea 43,434,14491.99,29.43,UNIDAD,True,2025-06-03
3451,7700000003451,Artículo Retail 03451,Cuidado personal,Subcategoría 19,Línea 2,415,14853.7,5.39,UNIDAD,True,2025-04-04
3452,7700000003452,Artículo Retail 03452,Hogar,Subcategoría 5,Línea 36,318,13073.22,28.38,UNIDAD,True,2025-07-15
3453,7700000003453,Artículo Retail 03453,Hogar,Subcategoría 18,Línea 19,719,21887.32,11.81,UNIDAD,True,2025-01-25
3454,7700000003454,Artículo Retail 03454,Alimentos,Subcategoría 13,Línea 23,39,78118.77,27.49,UNIDAD,True,2025-07-10
3455,7700000003455,Artículo Retail 03455,Electrónica,Subcategoría 1,Línea 23,703,37789.22,10.83,UNIDAD,True,2025-06-02
3456,7700000003456,Artículo Retail 03456,Alimentos,Subcategoría 12,Línea 21,436,24104.58,19.4,UNIDAD,True,2025-05-09
3457,7700000003457,Artículo Retail 03457,Hogar,Subcategoría 2,Línea 5,742,26196.83,5.76,UNIDAD,True,2025-08-25
3458,7700000003458,Artículo Retail 03458,Cuidado personal,Subcategoría 3,Línea 28,722,3550.55,1.94,UNIDAD,True,2025-02-24
3459,7700000003459,Artículo Retail 03459,Cuidado personal,Subcategoría 10,Línea 11,456,24340.82,5.99,UNIDAD,True,2025-12-31
3460,7700000003460,Artículo Retail 03460,Ropa,Subcategoría 5,Línea 17,159,54207.04,14.75,UNIDAD,True,2025-08-21
3461,7700000003461,Artículo Retail 03461,Hogar,Subcategoría 9,Línea 22,338,108131.72,2.34,UNIDAD,True,2025-03-01
3462,7700000003462,Artículo Retail 03462,Alimentos,Subcategoría 10,Línea 33,28,58063.96,28.08,UNIDAD,True,2025-09-29
3463,7700000003463,Artículo Retail 03463,Alimentos,Subcategoría 18,Línea 46,169,10522.96,,UNIDAD,True,2025-12-17
3464,7700000003464,Artículo Retail 03464,Hogar,Subcategoría 8,Línea 8,8,16352.19,21.85,UNIDAD,True,2025-11-28
3465,7700000003465,Artículo Retail 03465,Alimentos,Subcategoría 5,Línea 16,281,19525.03,26.72,UNIDAD,True,2025-11-11
3466,7700000003466,Artículo Retail 03466,Alimentos,Subcategoría 17,Línea 18,463,3176.69,15.03,UNIDAD,True,2025-09-26
3467,7700000003467,Artículo Retail 03467,Hogar,Subcategoría 18,Línea 47,47,19063.49,25.86,UNIDAD,True,2025-01-30
3468,7700000003468,Artículo Retail 03468,Hogar,Subcategoría 3,Línea 34,281,21180.11,,UNIDAD,True,2025-11-01
3469,7700000003469,Artículo Retail 03469,Bebés,Subcategoría 10,Línea 39,369,13339.56,22.31,UNIDAD,True,2025-01-09
3470,7700000003470,Artículo Retail 03470,Electrónica,Subcategoría 12,Línea 19,544,194083.18,18.52,UNIDAD,True,2025-09-28
3471,7700000003471,Artículo Retail 03471,Ropa,Subcategoría 19,Línea 35,169,17160.56,19.07,UNIDAD,True,2025-07-30
3472,7700000003472,Artículo Retail 03472,Electrónica,Subcategoría 8,Línea 9,410,6854.38,18.11,UNIDAD,True,2025-07-09
3473,7700000003473,Artículo Retail 03473,Cuidado personal,Subcategoría 16,Línea 34,289,118050.46,13.51,UNIDAD,True,2025-04-08
3474,7700000003474,Artículo Retail 03474,Ropa,Subcategoría 11,Línea 2,600,10578.38,28.02,UNIDAD,True,2025-05-03
3475,7700000003475,Artículo Retail 03475,Alimentos,Subcategoría 2,Línea 20,364,6656.22,10.22,UNIDAD,True,2025-07-04
3476,7700000003476,Artículo Retail 03476,Alimentos,Subcategoría 15,Línea 13,212,45912.91,5.95,UNIDAD,True,2025-10-27
3477,7700000003477,Artículo Retail 03477,Ropa,Subcategoría 5,Línea 13,466,12975.72,24.88,UNIDAD,True,2025-11-02
3478,7700000003478,Artículo Retail 03478,Alimentos,Subcategoría 7,Línea 35,101,62274.3,14.24,UNIDAD,True,2025-07-09
3479,7700000003479,Artículo Retail 03479,Ropa,Subcategoría 6,Línea 45,253,65216.01,17.83,UNIDAD,True,2025-01-10
3480,7700000003480,Artículo Retail 03480,Electrónica,Subcategoría 11,Línea 39,202,67569.37,6.97,UNIDAD,True,2025-05-14
3481,7700000003481,Artículo Retail 03481,Hogar,Subcategoría 19,Línea 42,684,23412.61,20.08,UNIDAD,True,2025-04-17
3482,7700000003482,Artículo Retail 03482,Alimentos,Subcategoría 15,Línea 50,597,3545.91,22.38,UNIDAD,True,2025-05-09
3483,7700000003483,Artículo Retail 03483,Hogar,Subcategoría 7,Línea 17,426,23632.77,28.34,UNIDAD,True,2025-10-04
3484,7700000003484,Artículo Retail 03484,Ropa,Subcategoría 11,Línea 6,435,31586.68,10.27,UNIDAD,True,2025-03-06
3485,7700000003485,Artículo Retail 03485,Alimentos,Subcategoría 1,Línea 37,527,4637.87,24.87,UNIDAD,True,2025-05-16
3486,7700000003486,Artículo Retail 03486,Cuidado personal,Subcategoría 12,Línea 49,148,6738.4,12.26,UNIDAD,False,2025-08-18
3487,7700000003487,Artículo Retail 03487,Ropa,Subcategoría 14,Línea 13,142,12878.27,13.51,UNIDAD,True,2025-03-31
3488,7700000003488,Artículo Retail 03488,Ropa,Subcategoría 19,Línea 3,187,30276.98,29.19,UNIDAD,False,2025-10-31
3489,7700000003489,Artículo Retail 03489,Bebés,Subcategoría 11,Línea 15,597,48820.29,23.19,UNIDAD,True,2025-07-25
3490,7700000003490,Artículo Retail 03490,Alimentos,Subcategoría 20,Línea 22,21,44048.27,12.55,UNIDAD,True,2025-10-12
3491,7700000003491,Artículo Retail 03491,Electrónica,Subcategoría 15,Línea 43,97,206367.97,18.88,UNIDAD,True,2025-05-09
3492,7700000003492,Artículo Retail 03492,Hogar,Subcategoría 7,Línea 43,126,13366.63,29.3,UNIDAD,True,2025-05-31
3493,7700000003493,Artículo Retail 03493,Electrónica,Subcategoría 11,Línea 35,152,51933.0,11.91,UNIDAD,True,2025-05-03
3494,7700000003494,Artículo Retail 03494,Electrónica,Subcategoría 15,Línea 15,657,17592.57,12.17,UNIDAD,True,2025-03-23
3495,7700000003495,Artículo Retail 03495,Hogar,Subcategoría 10,Línea 28,553,18930.71,25.7,UNIDAD,False,2025-05-01
3496,7700000003496,Artículo Retail 03496,Ropa,Subcategoría 11,Línea 5,149,107454.17,16.49,UNIDAD,False,2025-09-13
3497,7700000003497,Artículo Retail 03497,Bebés,Subcategoría 20,Línea 49,244,11088.44,14.82,UNIDAD,True,2025-12-27
3498,7700000003498,Artículo Retail 03498,Alimentos,Subcategoría 10,Línea 36,268,17101.23,0.65,UNIDAD,True,2025-12-26
3499,7700000003499,Artículo Retail 03499,Alimentos,Subcategoría 9,Línea 38,549,24795.58,18.56,UNIDAD,True,2025-06-25
3500,7700000003500,Artículo Retail 03500,Electrónica,Subcategoría 19,Línea 35,50,8186.74,3.81,UNIDAD,True,2025-08-03
3501,7700000003501,Artículo Retail 03501,Hogar,Subcategoría 3,Línea 30,356,34456.04,13.44,UNIDAD,True,2025-12-13
3502,7700000003502,Artículo Retail 03502,Bebés,Subcategoría 20,Línea 50,509,13259.15,9.55,UNIDAD,True,2025-05-28
3503,7700000003503,Artículo Retail 03503,Bebés,Subcategoría 4,Línea 36,783,15714.6,22.49,UNIDAD,True,2025-11-01
3504,7700000003504,Artículo Retail 03504,Alimentos,Subcategoría 16,Línea 49,447,6630.12,29.66,UNIDAD,True,2025-03-01
3505,7700000003505,Artículo Retail 03505,Electrónica,Subcategoría 4,Línea 12,619,10285.49,2.49,UNIDAD,True,2025-09-04
3506,7700000003506,Artículo Retail 03506,Bebés,Subcategoría 13,Línea 39,743,10228.1,25.25,UNIDAD,True,2025-07-20
3507,7700000003507,Artículo Retail 03507,Alimentos,Subcategoría 13,Línea 15,139,13359.64,10.26,UNIDAD,True,2025-09-03
3508,7700000003508,Artículo Retail 03508,Cuidado personal,Subcategoría 9,Línea 33,68,32178.88,7.86,UNIDAD,True,2025-08-26
3509,7700000003509,Artículo Retail 03509,Bebés,Subcategoría 17,Línea 20,739,70525.15,8.46,UNIDAD,False,2025-02-01
3510,7700000003510,Artículo Retail 03510,Ropa,Subcategoría 16,Línea 50,107,38942.68,20.62,UNIDAD,True,2025-05-24
3511,7700000003511,Artículo Retail 03511,Ropa,Subcategoría 7,Línea 21,751,14514.63,11.01,UNIDAD,True,2025-03-11
3512,7700000003512,Artículo Retail 03512,Electrónica,Subcategoría 16,Línea 2,539,26997.88,5.05,UNIDAD,True,2025-08-15
3513,7700000003513,Artículo Retail 03513,Cuidado personal,Subcategoría 18,Línea 47,708,24163.9,3.64,UNIDAD,True,2025-11-08
3514,7700000003514,Artículo Retail 03514,Ropa,Subcategoría 4,Línea 22,488,18263.98,12.32,UNIDAD,True,2025-09-12
3515,7700000003515,Artículo Retail 03515,Cuidado personal,Subcategoría 19,Línea 49,391,48027.09,13.8,UNIDAD,True,2025-05-19
3516,7700000003516,Artículo Retail 03516,Ropa,Subcategoría 4,Línea 50,466,115386.46,8.95,UNIDAD,False,2025-07-01
3517,7700000003517,Artículo Retail 03517,Hogar,Subcategoría 19,Línea 8,29,29653.24,0.25,UNIDAD,True,2025-09-10
3518,7700000003518,Artículo Retail 03518,Cuidado personal,Subcategoría 7,Línea 31,306,38146.91,11.82,UNIDAD,True,2025-01-20
3519,7700000003519,Artículo Retail 03519,Alimentos,Subcategoría 20,Línea 4,297,11465.16,,UNIDAD,True,2025-11-09
3520,7700000003520,Artículo Retail 03520,Ropa,Subcategoría 13,Línea 11,110,12701.82,14.21,UNIDAD,True,2025-05-01
3521,7700000003521,Artículo Retail 03521,Cuidado personal,Subcategoría 3,Línea 44,720,271538.69,5.84,UNIDAD,True,2025-01-10
3522,7700000003522,Artículo Retail 03522,Hogar,Subcategoría 20,Línea 11,564,45835.0,8.43,UNIDAD,False,2025-06-30
3523,7700000003523,Artículo Retail 03523,Bebés,Subcategoría 3,Línea 31,276,58040.16,0.12,UNIDAD,True,2025-05-18
3524,7700000003524,Artículo Retail 03524,Alimentos,Subcategoría 10,Línea 22,371,5722.55,22.39,UNIDAD,True,2025-12-03
3525,7700000003525,Artículo Retail 03525,Ropa,Subcategoría 7,Línea 18,136,34141.25,26.15,UNIDAD,True,2025-03-09
3526,7700000003526,Artículo Retail 03526,Hogar,Subcategoría 18,Línea 14,650,7467.6,20.36,UNIDAD,True,2025-01-08
3527,7700000003527,Artículo Retail 03527,Cuidado personal,Subcategoría 4,Línea 14,745,19753.92,4.03,UNIDAD,True,2025-10-30
3528,7700000003528,Artículo Retail 03528,Ropa,Subcategoría 15,Línea 50,372,2725.2,7.57,UNIDAD,True,2025-01-12
3529,7700000003529,Artículo Retail 03529,Hogar,Subcategoría 14,Línea 17,217,3309.31,18.71,UNIDAD,True,2025-03-06
3530,7700000003530,Artículo Retail 03530,Bebés,Subcategoría 12,Línea 20,173,8460.37,25.16,UNIDAD,True,2025-10-21
3531,7700000003531,Artículo Retail 03531,Hogar,Subcategoría 18,Línea 44,659,11789.77,3.76,UNIDAD,True,2025-11-15
3532,7700000003532,Artículo Retail 03532,Hogar,Subcategoría 5,Línea 13,455,9623.95,10.26,UNIDAD,True,2025-11-30
3533,7700000003533,Artículo Retail 03533,Hogar,Subcategoría 11,Línea 48,659,24492.04,28.6,UNIDAD,True,2025-11-08
3534,7700000003534,Artículo Retail 03534,Electrónica,Subcategoría 20,Línea 1,166,92239.26,19.5,UNIDAD,True,2025-12-13
3535,7700000003535,Artículo Retail 03535,Cuidado personal,Subcategoría 12,Línea 21,117,33201.8,27.32,UNIDAD,True,2025-12-01
3536,7700000003536,Artículo Retail 03536,Electrónica,Subcategoría 7,Línea 32,760,13719.66,26.28,UNIDAD,True,2025-07-22
3537,7700000003537,Artículo Retail 03537,Ropa,Subcategoría 5,Línea 49,56,35022.93,22.12,UNIDAD,True,2025-07-03
3538,7700000003538,Artículo Retail 03538,Bebés,Subcategoría 18,Línea 48,382,41371.88,11.94,UNIDAD,True,2025-07-20
3539,7700000003539,Artículo Retail 03539,Bebés,Subcategoría 2,Línea 46,526,58896.49,22.84,UNIDAD,True,2025-11-27
3540,7700000003540,Artículo Retail 03540,Electrónica,Subcategoría 1,Línea 48,13,4239.9,0.5,UNIDAD,True,2025-02-23
3541,7700000003541,Artículo Retail 03541,Ropa,Subcategoría 10,Línea 50,425,27806.47,4.24,UNIDAD,True,2025-10-13
3542,7700000003542,Artículo Retail 03542,Alimentos,Subcategoría 1,Línea 17,266,26111.75,5.83,UNIDAD,True,2025-03-23
3543,7700000003543,Artículo Retail 03543,Electrónica,Subcategoría 8,Línea 20,67,22979.59,9.56,UNIDAD,True,2025-12-13
3544,7700000003544,Artículo Retail 03544,Electrónica,Subcategoría 16,Línea 35,647,27749.1,6.76,UNIDAD,True,2025-12-24
3545,7700000003545,Artículo Retail 03545,Alimentos,Subcategoría 11,Línea 49,117,20525.88,13.51,UNIDAD,True,2025-11-22
3546,7700000003546,Artículo Retail 03546,Bebés,Subcategoría 15,Línea 26,510,62751.43,24.62,UNIDAD,True,2025-12-31
3547,7700000003547,Artículo Retail 03547,Alimentos,Subcategoría 6,Línea 3,725,67744.35,13.1,UNIDAD,True,2025-12-22
3548,7700000003548,Artículo Retail 03548,Electrónica,Subcategoría 17,Línea 8,186,5014.64,,UNIDAD,True,2025-07-08
3549,7700000003549,Artículo Retail 03549,Ropa,Subcategoría 6,Línea 32,800,12844.02,0.57,UNIDAD,True,2025-05-03
3550,7700000003550,Artículo Retail 03550,Alimentos,Subcategoría 8,Línea 16,615,231856.76,10.31,UNIDAD,False,2025-07-03
3551,7700000003551,Artículo Retail 03551,Ropa,Subcategoría 10,Línea 49,182,13402.4,6.74,UNIDAD,True,2025-03-13
3552,7700000003552,Artículo Retail 03552,Cuidado personal,Subcategoría 1,Línea 5,307,58601.21,12.12,UNIDAD,True,2025-07-12
3553,7700000003553,Artículo Retail 03553,Ropa,Subcategoría 9,Línea 44,387,33919.89,5.73,UNIDAD,True,2025-12-08
3554,7700000003554,Artículo Retail 03554,Alimentos,Subcategoría 6,Línea 33,368,32189.44,22.54,UNIDAD,True,2025-11-21
3555,7700000003555,Artículo Retail 03555,Cuidado personal,Subcategoría 5,Línea 48,106,31350.5,16.9,UNIDAD,True,2025-03-29
3556,7700000003556,Artículo Retail 03556,Bebés,Subcategoría 19,Línea 1,517,35886.42,0.14,UNIDAD,True,2025-04-20
3557,7700000003557,Artículo Retail 03557,Hogar,Subcategoría 12,Línea 13,59,85345.43,9.53,UNIDAD,True,2025-01-09
3558,7700000003558,Artículo Retail 03558,Hogar,Subcategoría 1,Línea 12,441,27289.89,13.16,UNIDAD,True,2025-08-07
3559,7700000003559,Artículo Retail 03559,Ropa,Subcategoría 13,Línea 38,138,31130.53,20.1,UNIDAD,False,2025-12-27
3560,7700000003560,Artículo Retail 03560,Alimentos,Subcategoría 2,Línea 10,178,7088.31,21.01,UNIDAD,True,2025-02-11
3561,7700000003561,Artículo Retail 03561,Bebés,Subcategoría 3,Línea 3,656,248607.12,16.09,UNIDAD,True,2025-11-15
3562,7700000003562,Artículo Retail 03562,Bebés,Subcategoría 10,Línea 28,639,15714.3,25.22,UNIDAD,True,2025-08-01
3563,7700000003563,Artículo Retail 03563,Alimentos,Subcategoría 3,Línea 19,426,90779.12,0.73,UNIDAD,True,2025-11-18
3564,7700000003564,Artículo Retail 03564,Cuidado personal,Subcategoría 2,Línea 47,594,42211.92,12.67,UNIDAD,True,2025-06-26
3565,7700000003565,Artículo Retail 03565,Alimentos,Subcategoría 10,Línea 36,223,20994.2,25.22,UNIDAD,True,2025-07-13
3566,7700000003566,Artículo Retail 03566,Bebés,Subcategoría 4,Línea 46,95,5204.72,17.65,UNIDAD,True,2025-08-02
3567,7700000003567,Artículo Retail 03567,Hogar,Subcategoría 2,Línea 17,453,10494.19,27.17,UNIDAD,True,2025-10-10
3568,7700000003568,Artículo Retail 03568,Hogar,Subcategoría 19,Línea 38,734,55513.06,24.3,UNIDAD,True,2025-10-03
3569,7700000003569,Artículo Retail 03569,Cuidado personal,Subcategoría 20,Línea 48,521,142925.87,,UNIDAD,True,2025-09-15
3570,7700000003570,Artículo Retail 03570,Alimentos,Subcategoría 1,Línea 34,37,15813.46,4.8,UNIDAD,True,2025-06-04
3571,7700000003571,Artículo Retail 03571,Electrónica,Subcategoría 11,Línea 40,610,8297.74,0.12,UNIDAD,True,2025-07-27
3572,7700000003572,Artículo Retail 03572,Electrónica,Subcategoría 14,Línea 23,98,24834.46,9.51,UNIDAD,True,2025-04-08
3573,7700000003573,Artículo Retail 03573,Electrónica,Subcategoría 9,Línea 44,340,107124.55,16.5,UNIDAD,True,2025-10-03
3574,7700000003574,Artículo Retail 03574,Cuidado personal,Subcategoría 12,Línea 6,158,8959.07,6.0,UNIDAD,True,2025-11-16
3575,7700000003575,Artículo Retail 03575,Ropa,Subcategoría 4,Línea 31,261,39552.98,14.81,UNIDAD,False,2025-07-08
3576,7700000003576,Artículo Retail 03576,Ropa,Subcategoría 13,Línea 34,402,166461.29,9.6,UNIDAD,True,2025-07-13
3577,7700000003577,Artículo Retail 03577,Cuidado personal,Subcategoría 19,Línea 20,66,34953.71,4.48,UNIDAD,True,2025-04-29
3578,7700000003578,Artículo Retail 03578,Hogar,Subcategoría 13,Línea 43,660,57540.27,10.54,UNIDAD,True,2025-05-11
3579,7700000003579,Artículo Retail 03579,Bebés,Subcategoría 13,Línea 1,750,32991.54,4.67,UNIDAD,True,2025-01-25
3580,7700000003580,Artículo Retail 03580,Bebés,Subcategoría 3,Línea 50,679,8297.41,11.45,UNIDAD,True,2025-12-29
3581,7700000003581,Artículo Retail 03581,Electrónica,Subcategoría 20,Línea 41,213,60988.81,6.0,UNIDAD,True,2025-06-13
3582,7700000003582,Artículo Retail 03582,Ropa,Subcategoría 19,Línea 28,638,4009.55,21.22,UNIDAD,True,2025-05-03
3583,7700000003583,Artículo Retail 03583,Hogar,Subcategoría 9,Línea 34,359,24604.42,17.73,UNIDAD,True,2025-08-20
3584,7700000003584,Artículo Retail 03584,Bebés,Subcategoría 1,Línea 41,291,17890.25,27.67,UNIDAD,True,2025-02-20
3585,7700000003585,Artículo Retail 03585,Ropa,Subcategoría 20,Línea 17,615,27568.42,3.1,UNIDAD,True,2025-02-21
3586,7700000003586,Artículo Retail 03586,Alimentos,Subcategoría 15,Línea 42,246,13398.27,23.65,UNIDAD,True,2025-11-09
3587,7700000003587,Artículo Retail 03587,Hogar,Subcategoría 3,Línea 5,122,56108.9,8.9,UNIDAD,True,2025-04-13
3588,7700000003588,Artículo Retail 03588,Ropa,Subcategoría 17,Línea 18,299,13790.74,6.54,UNIDAD,True,2025-12-20
3589,7700000003589,Artículo Retail 03589,Alimentos,Subcategoría 12,Línea 15,2,65760.97,,UNIDAD,True,2025-12-19
3590,7700000003590,Artículo Retail 03590,Bebés,Subcategoría 12,Línea 22,799,15377.62,19.85,UNIDAD,True,2025-12-23
3591,7700000003591,Artículo Retail 03591,Electrónica,Subcategoría 1,Línea 8,759,14736.04,15.29,UNIDAD,True,2025-10-28
3592,7700000003592,Artículo Retail 03592,Ropa,Subcategoría 2,Línea 32,22,35877.85,,UNIDAD,True,2025-06-09
3593,7700000003593,Artículo Retail 03593,Cuidado personal,Subcategoría 2,Línea 10,536,36576.65,21.37,UNIDAD,True,2025-01-04
3594,7700000003594,Artículo Retail 03594,Cuidado personal,Subcategoría 10,Línea 7,301,35955.94,22.45,UNIDAD,True,2025-01-26
3595,7700000003595,Artículo Retail 03595,Bebés,Subcategoría 14,Línea 9,292,10331.1,20.68,UNIDAD,True,2025-10-17
3596,7700000003596,Artículo Retail 03596,Ropa,Subcategoría 19,Línea 43,674,40480.62,19.49,UNIDAD,True,2025-07-31
3597,7700000003597,Artículo Retail 03597,Ropa,Subcategoría 5,Línea 48,161,5830.78,5.45,UNIDAD,True,2025-09-23
3598,7700000003598,Artículo Retail 03598,Electrónica,Subcategoría 13,Línea 28,631,30108.98,18.73,UNIDAD,True,2025-10-21
3599,7700000003599,Artículo Retail 03599,Bebés,Subcategoría 18,Línea 36,187,27833.68,18.86,UNIDAD,True,2025-09-14
3600,7700000003600,Artículo Retail 03600,Bebés,Subcategoría 12,Línea 46,571,4559.01,5.87,UNIDAD,True,2025-06-08
3601,7700000003601,Artículo Retail 03601,Electrónica,Subcategoría 14,Línea 4,662,9992.08,4.01,UNIDAD,True,2025-09-11
3602,7700000003602,Artículo Retail 03602,Bebés,Subcategoría 9,Línea 16,11,10958.66,21.59,UNIDAD,True,2025-02-12
3603,7700000003603,Artículo Retail 03603,Ropa,Subcategoría 16,Línea 36,573,18541.29,22.9,UNIDAD,True,2025-06-03
3604,7700000003604,Artículo Retail 03604,Electrónica,Subcategoría 18,Línea 9,703,99757.2,23.85,UNIDAD,True,2025-12-29
3605,7700000003605,Artículo Retail 03605,Hogar,Subcategoría 8,Línea 30,15,39400.19,19.37,UNIDAD,True,2025-09-06
3606,7700000003606,Artículo Retail 03606,Ropa,Subcategoría 9,Línea 36,166,28627.2,4.04,UNIDAD,True,2025-09-20
3607,7700000003607,Artículo Retail 03607,Ropa,Subcategoría 12,Línea 35,75,14163.54,7.21,UNIDAD,True,2025-09-09
3608,7700000003608,Artículo Retail 03608,Hogar,Subcategoría 18,Línea 31,564,43756.36,4.38,UNIDAD,True,2025-12-10
3609,7700000003609,Artículo Retail 03609,Bebés,Subcategoría 14,Línea 1,496,8076.43,29.03,UNIDAD,True,2025-10-29
3610,7700000003610,Artículo Retail 03610,Bebés,Subcategoría 19,Línea 13,161,56536.32,12.27,UNIDAD,True,2025-05-14
3611,7700000003611,Artículo Retail 03611,Hogar,Subcategoría 18,Línea 24,581,22969.89,12.23,UNIDAD,True,2025-06-11
3612,7700000003612,Artículo Retail 03612,Electrónica,Subcategoría 9,Línea 11,704,21534.47,4.23,UNIDAD,True,2025-09-05
3613,7700000003613,Artículo Retail 03613,Bebés,Subcategoría 10,Línea 5,439,23062.92,29.23,UNIDAD,True,2025-08-04
3614,7700000003614,Artículo Retail 03614,Electrónica,Subcategoría 8,Línea 44,139,1881.86,25.3,UNIDAD,False,2025-09-15
3615,7700000003615,Artículo Retail 03615,Electrónica,Subcategoría 15,Línea 46,70,29003.82,20.72,UNIDAD,True,2025-11-30
3616,7700000003616,Artículo Retail 03616,Electrónica,Subcategoría 19,Línea 42,683,32217.67,20.57,UNIDAD,True,2025-06-10
3617,7700000003617,Artículo Retail 03617,Cuidado personal,Subcategoría 12,Línea 46,223,6763.54,10.08,UNIDAD,True,2025-10-29
3618,7700000003618,Artículo Retail 03618,Alimentos,Subcategoría 4,Línea 21,669,27379.85,5.35,UNIDAD,True,2025-05-04
3619,7700000003619,Artículo Retail 03619,Cuidado personal,Subcategoría 14,Línea 41,342,27912.01,23.04,UNIDAD,True,2025-02-12
3620,7700000003620,Artículo Retail 03620,Ropa,Subcategoría 9,Línea 16,118,19641.83,28.79,UNIDAD,True,2025-06-20
3621,7700000003621,Artículo Retail 03621,Electrónica,Subcategoría 14,Línea 23,411,28457.91,23.97,UNIDAD,True,2025-07-25
3622,7700000003622,Artículo Retail 03622,Bebés,Subcategoría 10,Línea 36,188,49941.86,19.5,UNIDAD,True,2025-06-13
3623,7700000003623,Artículo Retail 03623,Alimentos,Subcategoría 12,Línea 9,295,157180.94,11.31,UNIDAD,True,2025-02-18
3624,7700000003624,Artículo Retail 03624,Ropa,Subcategoría 10,Línea 34,250,18582.67,25.85,UNIDAD,True,2025-12-02
3625,7700000003625,Artículo Retail 03625,Electrónica,Subcategoría 12,Línea 15,39,2294.63,23.13,UNIDAD,True,2025-10-03
3626,7700000003626,Artículo Retail 03626,Ropa,Subcategoría 1,Línea 25,154,15564.21,4.27,UNIDAD,True,2025-03-26
3627,7700000003627,Artículo Retail 03627,Hogar,Subcategoría 15,Línea 38,316,57455.08,11.3,UNIDAD,True,2025-05-19
3628,7700000003628,Artículo Retail 03628,Hogar,Subcategoría 11,Línea 13,266,21254.4,11.32,UNIDAD,True,2025-11-06
3629,7700000003629,Artículo Retail 03629,Electrónica,Subcategoría 11,Línea 20,444,58431.21,17.27,UNIDAD,True,2025-04-18
3630,7700000003630,Artículo Retail 03630,Hogar,Subcategoría 14,Línea 49,699,33790.7,28.59,UNIDAD,True,2025-07-29
3631,7700000003631,Artículo Retail 03631,Hogar,Subcategoría 13,Línea 26,637,39528.17,21.01,UNIDAD,True,2025-06-13
3632,7700000003632,Artículo Retail 03632,Bebés,Subcategoría 19,Línea 14,800,13799.07,6.99,UNIDAD,True,2025-06-28
3633,7700000003633,Artículo Retail 03633,Hogar,Subcategoría 13,Línea 14,406,13477.64,29.96,UNIDAD,True,2025-04-02
3634,7700000003634,Artículo Retail 03634,Ropa,Subcategoría 18,Línea 45,61,21223.15,19.8,UNIDAD,True,2025-03-27
3635,7700000003635,Artículo Retail 03635,Cuidado personal,Subcategoría 10,Línea 17,421,8177.76,12.63,UNIDAD,True,2025-06-05
3636,7700000003636,Artículo Retail 03636,Ropa,Subcategoría 16,Línea 34,763,22533.35,,UNIDAD,True,2025-07-19
3637,7700000003637,Artículo Retail 03637,Cuidado personal,Subcategoría 15,Línea 25,674,8980.95,17.74,UNIDAD,True,2025-11-21
3638,7700000003638,Artículo Retail 03638,Hogar,Subcategoría 9,Línea 46,62,2026.39,11.77,UNIDAD,True,2025-01-27
3639,7700000003639,Artículo Retail 03639,Hogar,Subcategoría 9,Línea 46,21,1580.19,11.82,UNIDAD,True,2025-12-12
3640,7700000003640,Artículo Retail 03640,Cuidado personal,Subcategoría 19,Línea 19,429,22179.68,22.31,UNIDAD,True,2025-06-09
3641,7700000003641,Artículo Retail 03641,Alimentos,Subcategoría 14,Línea 11,767,21604.65,15.35,UNIDAD,True,2025-12-07
3642,7700000003642,Artículo Retail 03642,Bebés,Subcategoría 1,Línea 9,488,37998.1,10.54,UNIDAD,True,2025-04-15
3643,7700000003643,Artículo Retail 03643,Cuidado personal,Subcategoría 12,Línea 46,427,18535.08,18.49,UNIDAD,True,2025-03-29
3644,7700000003644,Artículo Retail 03644,Bebés,Subcategoría 12,Línea 39,148,112816.31,1.23,UNIDAD,True,2025-06-09
3645,7700000003645,Artículo Retail 03645,Alimentos,Subcategoría 2,Línea 35,343,25850.99,14.89,UNIDAD,True,2025-02-17
3646,7700000003646,Artículo Retail 03646,Cuidado personal,Subcategoría 13,Línea 26,175,22464.24,9.6,UNIDAD,True,2025-02-12
3647,7700000003647,Artículo Retail 03647,Hogar,Subcategoría 18,Línea 50,179,43914.23,17.41,UNIDAD,True,2025-11-06
3648,7700000003648,Artículo Retail 03648,Alimentos,Subcategoría 13,Línea 24,323,61855.68,11.89,UNIDAD,True,2025-05-14
3649,7700000003649,Artículo Retail 03649,Ropa,Subcategoría 14,Línea 38,77,52212.25,17.7,UNIDAD,True,2025-03-27
3650,7700000003650,Artículo Retail 03650,Cuidado personal,Subcategoría 9,Línea 20,205,10440.93,4.22,UNIDAD,True,2025-10-31
3651,7700000003651,Artículo Retail 03651,Cuidado personal,Subcategoría 4,Línea 6,794,101271.94,13.42,UNIDAD,True,2025-07-24
3652,7700000003652,Artículo Retail 03652,Electrónica,Subcategoría 3,Línea 9,148,36556.23,22.12,UNIDAD,True,2025-03-01
3653,7700000003653,Artículo Retail 03653,Electrónica,Subcategoría 1,Línea 35,11,11253.85,2.52,UNIDAD,True,2025-09-03
3654,7700000003654,Artículo Retail 03654,Alimentos,Subcategoría 20,Línea 33,112,10297.33,9.71,UNIDAD,True,2025-07-21
3655,7700000003655,Artículo Retail 03655,Cuidado personal,Subcategoría 1,Línea 45,760,3112.37,11.26,UNIDAD,True,2025-09-30
3656,7700000003656,Artículo Retail 03656,Electrónica,Subcategoría 11,Línea 6,382,20099.9,,UNIDAD,True,2025-08-10
3657,7700000003657,Artículo Retail 03657,Bebés,Subcategoría 10,Línea 8,355,29946.11,11.38,UNIDAD,True,2025-07-04
3658,7700000003658,Artículo Retail 03658,Cuidado personal,Subcategoría 14,Línea 32,540,26473.69,12.46,UNIDAD,True,2025-05-29
3659,7700000003659,Artículo Retail 03659,Electrónica,Subcategoría 3,Línea 34,343,37475.5,4.57,UNIDAD,True,2025-11-11
3660,7700000003660,Artículo Retail 03660,Alimentos,Subcategoría 13,Línea 29,386,10339.64,0.43,UNIDAD,True,2025-12-18
3661,7700000003661,Artículo Retail 03661,Ropa,Subcategoría 7,Línea 48,692,4470.67,4.55,UNIDAD,True,2025-12-19
3662,7700000003662,Artículo Retail 03662,Ropa,Subcategoría 3,Línea 24,794,84175.33,2.45,UNIDAD,True,2025-09-29
3663,7700000003663,Artículo Retail 03663,Bebés,Subcategoría 20,Línea 33,84,29516.55,9.28,UNIDAD,True,2025-05-03
3664,7700000003664,Artículo Retail 03664,Electrónica,Subcategoría 18,Línea 41,759,16441.83,8.36,UNIDAD,True,2025-04-12
3665,7700000003665,Artículo Retail 03665,Alimentos,Subcategoría 18,Línea 15,201,26633.07,4.4,UNIDAD,True,2025-04-08
3666,7700000003666,Artículo Retail 03666,Bebés,Subcategoría 17,Línea 6,667,33673.28,10.33,UNIDAD,True,2025-10-31
3667,7700000003667,Artículo Retail 03667,Ropa,Subcategoría 4,Línea 22,57,21904.18,26.87,UNIDAD,True,2025-08-10
3668,7700000003668,Artículo Retail 03668,Bebés,Subcategoría 17,Línea 25,331,15277.23,27.19,UNIDAD,True,2025-08-19
3669,7700000003669,Artículo Retail 03669,Bebés,Subcategoría 12,Línea 39,516,16687.5,11.58,UNIDAD,True,2025-09-28
3670,7700000003670,Artículo Retail 03670,Alimentos,Subcategoría 19,Línea 17,370,6770.5,25.67,UNIDAD,True,2025-11-16
3671,7700000003671,Artículo Retail 03671,Electrónica,Subcategoría 3,Línea 23,103,72841.02,14.31,UNIDAD,True,2025-05-16
3672,7700000003672,Artículo Retail 03672,Cuidado personal,Subcategoría 10,Línea 13,607,17270.55,19.36,UNIDAD,True,2025-09-11
3673,7700000003673,Artículo Retail 03673,Ropa,Subcategoría 12,Línea 31,120,4947.95,1.42,UNIDAD,True,2025-12-31
3674,7700000003674,Artículo Retail 03674,Bebés,Subcategoría 3,Línea 37,85,12301.16,10.78,UNIDAD,True,2025-10-21
3675,7700000003675,Artículo Retail 03675,Electrónica,Subcategoría 17,Línea 19,99,28404.29,16.2,UNIDAD,True,2025-02-04
3676,7700000003676,Artículo Retail 03676,Ropa,Subcategoría 12,Línea 44,657,67495.44,28.27,UNIDAD,True,2025-04-14
3677,7700000003677,Artículo Retail 03677,Cuidado personal,Subcategoría 11,Línea 2,276,103812.34,6.63,UNIDAD,True,2025-04-17
3678,7700000003678,Artículo Retail 03678,Cuidado personal,Subcategoría 14,Línea 29,80,26074.95,2.83,UNIDAD,True,2025-03-28
3679,7700000003679,Artículo Retail 03679,Alimentos,Subcategoría 5,Línea 28,769,6410.35,1.08,UNIDAD,True,2025-07-24
3680,7700000003680,Artículo Retail 03680,Ropa,Subcategoría 11,Línea 45,239,14258.06,15.78,UNIDAD,True,2025-07-30
3681,7700000003681,Artículo Retail 03681,Electrónica,Subcategoría 4,Línea 49,567,33178.8,,UNIDAD,True,2025-12-09
3682,7700000003682,Artículo Retail 03682,Cuidado personal,Subcategoría 20,Línea 10,256,6135.83,13.34,UNIDAD,True,2025-07-21
3683,7700000003683,Artículo Retail 03683,Hogar,Subcategoría 13,Línea 39,182,12849.66,13.91,UNIDAD,True,2025-10-01
3684,7700000003684,Artículo Retail 03684,Electrónica,Subcategoría 4,Línea 12,212,48952.42,25.64,UNIDAD,True,2025-03-31
3685,7700000003685,Artículo Retail 03685,Hogar,Subcategoría 18,Línea 12,419,55170.51,27.16,UNIDAD,True,2025-11-01
3686,7700000003686,Artículo Retail 03686,Electrónica,Subcategoría 1,Línea 34,223,25107.09,8.08,UNIDAD,True,2025-08-06
3687,7700000003687,Artículo Retail 03687,Ropa,Subcategoría 9,Línea 2,338,19331.2,5.01,UNIDAD,True,2025-11-03
3688,7700000003688,Artículo Retail 03688,Cuidado personal,Subcategoría 12,Línea 21,644,40851.84,12.22,UNIDAD,True,2025-03-21
3689,7700000003689,Artículo Retail 03689,Electrónica,Subcategoría 8,Línea 39,341,35828.28,25.52,UNIDAD,True,2025-05-27
3690,7700000003690,Artículo Retail 03690,Ropa,Subcategoría 6,Línea 22,169,20973.36,17.28,UNIDAD,True,2025-03-31
3691,7700000003691,Artículo Retail 03691,Hogar,Subcategoría 4,Línea 28,509,115453.97,29.03,UNIDAD,True,2025-07-03
3692,7700000003692,Artículo Retail 03692,Alimentos,Subcategoría 16,Línea 14,250,4192.76,16.44,UNIDAD,True,2025-08-26
3693,7700000003693,Artículo Retail 03693,Bebés,Subcategoría 16,Línea 6,592,45785.68,17.72,UNIDAD,True,2025-03-23
3694,7700000003694,Artículo Retail 03694,Ropa,Subcategoría 5,Línea 26,50,13141.86,19.24,UNIDAD,True,2025-06-08
3695,7700000003695,Artículo Retail 03695,Cuidado personal,Subcategoría 6,Línea 22,700,4067.23,12.38,UNIDAD,True,2025-04-23
3696,7700000003696,Artículo Retail 03696,Ropa,Subcategoría 2,Línea 8,32,19197.67,16.91,UNIDAD,True,2025-10-30
3697,7700000003697,Artículo Retail 03697,Electrónica,Subcategoría 15,Línea 26,248,7707.56,13.25,UNIDAD,True,2025-02-28
3698,7700000003698,Artículo Retail 03698,Hogar,Subcategoría 19,Línea 42,228,16961.97,28.84,UNIDAD,True,2025-06-11
3699,7700000003699,Artículo Retail 03699,Electrónica,Subcategoría 4,Línea 33,119,9697.52,26.3,UNIDAD,True,2025-10-04
3700,7700000003700,Artículo Retail 03700,Hogar,Subcategoría 11,Línea 44,719,66383.76,12.17,UNIDAD,True,2025-12-09
3701,7700000003701,Artículo Retail 03701,Bebés,Subcategoría 5,Línea 37,411,17497.17,12.48,UNIDAD,True,2025-06-13
3702,7700000003702,Artículo Retail 03702,Alimentos,Subcategoría 10,Línea 39,378,23451.2,29.65,UNIDAD,False,2025-04-30
3703,7700000003703,Artículo Retail 03703,Alimentos,Subcategoría 9,Línea 18,377,249450.29,22.72,UNIDAD,True,2025-04-14
3704,7700000003704,Artículo Retail 03704,Alimentos,Subcategoría 18,Línea 26,65,8698.81,2.23,UNIDAD,True,2025-06-26
3705,7700000003705,Artículo Retail 03705,Cuidado personal,Subcategoría 2,Línea 25,237,28287.8,27.17,UNIDAD,True,2025-10-15
3706,7700000003706,Artículo Retail 03706,Hogar,Subcategoría 2,Línea 21,791,26079.49,9.82,UNIDAD,True,2025-06-14
3707,7700000003707,Artículo Retail 03707,Hogar,Subcategoría 6,Línea 9,463,36230.4,16.76,UNIDAD,True,2025-10-17
3708,7700000003708,Artículo Retail 03708,Cuidado personal,Subcategoría 3,Línea 49,584,49819.27,4.2,UNIDAD,True,2025-08-02
3709,7700000003709,Artículo Retail 03709,Alimentos,Subcategoría 6,Línea 31,333,52530.4,6.91,UNIDAD,True,2025-01-17
3710,7700000003710,Artículo Retail 03710,Alimentos,Subcategoría 20,Línea 27,624,3953.45,11.52,UNIDAD,True,2025-05-16
3711,7700000003711,Artículo Retail 03711,Alimentos,Subcategoría 12,Línea 21,384,8552.41,24.98,UNIDAD,True,2025-08-07
3712,7700000003712,Artículo Retail 03712,Electrónica,Subcategoría 13,Línea 36,569,35710.91,20.08,UNIDAD,True,2025-05-25
3713,7700000003713,Artículo Retail 03713,Alimentos,Subcategoría 3,Línea 42,506,92387.35,28.07,UNIDAD,True,2025-04-06
3714,7700000003714,Artículo Retail 03714,Hogar,Subcategoría 1,Línea 40,277,10494.63,,UNIDAD,True,2025-10-29
3715,7700000003715,Artículo Retail 03715,Electrónica,Subcategoría 20,Línea 47,300,53811.26,22.62,UNIDAD,True,2025-10-16
3716,7700000003716,Artículo Retail 03716,Hogar,Subcategoría 12,Línea 13,62,23562.83,4.37,UNIDAD,True,2025-12-01
3717,7700000003717,Artículo Retail 03717,Electrónica,Subcategoría 5,Línea 25,274,36649.66,29.54,UNIDAD,True,2025-10-24
3718,7700000003718,Artículo Retail 03718,Cuidado personal,Subcategoría 10,Línea 19,681,14835.46,6.01,UNIDAD,True,2025-01-14
3719,7700000003719,Artículo Retail 03719,Alimentos,Subcategoría 6,Línea 24,424,6091.08,23.54,UNIDAD,True,2025-04-05
3720,7700000003720,Artículo Retail 03720,Cuidado personal,Subcategoría 1,Línea 24,173,17244.21,28.4,UNIDAD,True,2025-05-31
3721,7700000003721,Artículo Retail 03721,Bebés,Subcategoría 8,Línea 6,140,34180.11,25.59,UNIDAD,True,2025-10-28
3722,7700000003722,Artículo Retail 03722,Electrónica,Subcategoría 4,Línea 45,594,7714.02,5.22,UNIDAD,True,2025-01-15
3723,7700000003723,Artículo Retail 03723,Electrónica,Subcategoría 7,Línea 49,769,26474.2,12.24,UNIDAD,True,2025-10-21
3724,7700000003724,Artículo Retail 03724,Cuidado personal,Subcategoría 1,Línea 41,437,8444.76,,UNIDAD,True,2025-06-11
3725,7700000003725,Artículo Retail 03725,Ropa,Subcategoría 2,Línea 7,642,23999.71,17.38,UNIDAD,True,2025-11-20
3726,7700000003726,Artículo Retail 03726,Hogar,Subcategoría 14,Línea 36,333,27163.41,7.58,UNIDAD,False,2025-12-11
3727,7700000003727,Artículo Retail 03727,Ropa,Subcategoría 3,Línea 39,405,8750.17,13.81,UNIDAD,True,2025-12-14
3728,7700000003728,Artículo Retail 03728,Cuidado personal,Subcategoría 10,Línea 7,300,58285.83,17.32,UNIDAD,True,2025-08-24
3729,7700000003729,Artículo Retail 03729,Bebés,Subcategoría 12,Línea 28,418,11992.36,21.23,UNIDAD,True,2025-01-04
3730,7700000003730,Artículo Retail 03730,Electrónica,Subcategoría 19,Línea 8,524,20097.83,19.15,UNIDAD,True,2025-06-03
3731,7700000003731,Artículo Retail 03731,Electrónica,Subcategoría 17,Línea 10,352,20555.35,26.26,UNIDAD,True,2025-04-12
3732,7700000003732,Artículo Retail 03732,Cuidado personal,Subcategoría 8,Línea 14,312,46205.96,5.13,UNIDAD,True,2025-10-26
3733,7700000003733,Artículo Retail 03733,Alimentos,Subcategoría 6,Línea 27,228,13167.91,10.11,UNIDAD,True,2025-10-10
3734,7700000003734,Artículo Retail 03734,Alimentos,Subcategoría 19,Línea 24,374,13762.75,8.39,UNIDAD,True,2025-06-04
3735,7700000003735,Artículo Retail 03735,Bebés,Subcategoría 13,Línea 1,598,110816.41,,UNIDAD,False,2025-09-07
3736,7700000003736,Artículo Retail 03736,Hogar,Subcategoría 20,Línea 8,43,82711.07,13.21,UNIDAD,True,2025-05-19
3737,7700000003737,Artículo Retail 03737,Hogar,Subcategoría 17,Línea 41,521,34753.93,,UNIDAD,True,2025-11-25
3738,7700000003738,Artículo Retail 03738,Ropa,Subcategoría 18,Línea 19,529,169690.74,6.79,UNIDAD,True,2025-04-04
3739,7700000003739,Artículo Retail 03739,Ropa,Subcategoría 9,Línea 21,158,3168.94,1.8,UNIDAD,True,2025-01-23
3740,7700000003740,Artículo Retail 03740,Alimentos,Subcategoría 3,Línea 13,778,17484.7,28.66,UNIDAD,True,2025-09-29
3741,7700000003741,Artículo Retail 03741,Hogar,Subcategoría 19,Línea 6,172,36500.6,12.75,UNIDAD,True,2025-10-31
3742,7700000003742,Artículo Retail 03742,Electrónica,Subcategoría 20,Línea 14,255,154035.1,23.96,UNIDAD,True,2025-04-04
3743,7700000003743,Artículo Retail 03743,Electrónica,Subcategoría 4,Línea 37,699,50549.17,4.28,UNIDAD,True,2025-08-21
3744,7700000003744,Artículo Retail 03744,Electrónica,Subcategoría 4,Línea 2,36,9308.32,1.07,UNIDAD,True,2025-07-03
3745,7700000003745,Artículo Retail 03745,Electrónica,Subcategoría 16,Línea 37,139,72291.39,22.45,UNIDAD,True,2025-04-01
3746,7700000003746,Artículo Retail 03746,Hogar,Subcategoría 9,Línea 41,435,19573.86,24.9,UNIDAD,True,2025-03-17
3747,7700000003747,Artículo Retail 03747,Ropa,Subcategoría 10,Línea 44,373,10586.0,0.19,UNIDAD,True,2025-11-06
3748,7700000003748,Artículo Retail 03748,Electrónica,Subcategoría 10,Línea 35,665,6958.74,26.19,UNIDAD,True,2025-01-23
3749,7700000003749,Artículo Retail 03749,Bebés,Subcategoría 12,Línea 5,275,41200.14,21.16,UNIDAD,True,2025-09-23
3750,7700000003750,Artículo Retail 03750,Ropa,Subcategoría 1,Línea 6,614,12094.94,24.32,UNIDAD,True,2025-09-28
3751,7700000003751,Artículo Retail 03751,Alimentos,Subcategoría 9,Línea 25,173,15054.26,7.54,UNIDAD,True,2025-12-16
3752,7700000003752,Artículo Retail 03752,Bebés,Subcategoría 6,Línea 39,165,27269.45,22.09,UNIDAD,True,2025-10-19
3753,7700000003753,Artículo Retail 03753,Ropa,Subcategoría 2,Línea 23,764,10511.75,29.59,UNIDAD,True,2025-01-13
3754,7700000003754,Artículo Retail 03754,Electrónica,Subcategoría 14,Línea 46,589,22057.34,17.11,UNIDAD,True,2025-05-23
3755,7700000003755,Artículo Retail 03755,Electrónica,Subcategoría 19,Línea 24,747,19243.16,,UNIDAD,True,2025-07-12
3756,7700000003756,Artículo Retail 03756,Bebés,Subcategoría 7,Línea 49,754,43047.38,3.05,UNIDAD,True,2025-06-30
3757,7700000003757,Artículo Retail 03757,Hogar,Subcategoría 19,Línea 44,694,7145.09,14.13,UNIDAD,True,2025-05-12
3758,7700000003758,Artículo Retail 03758,Hogar,Subcategoría 3,Línea 8,187,89198.04,20.56,UNIDAD,True,2025-05-13
3759,7700000003759,Artículo Retail 03759,Cuidado personal,Subcategoría 13,Línea 15,755,42018.98,11.08,UNIDAD,True,2025-02-27
3760,7700000003760,Artículo Retail 03760,Alimentos,Subcategoría 19,Línea 50,113,8720.63,1.5,UNIDAD,True,2025-06-22
3761,7700000003761,Artículo Retail 03761,Bebés,Subcategoría 9,Línea 37,136,9334.45,24.76,UNIDAD,True,2025-08-17
3762,7700000003762,Artículo Retail 03762,Alimentos,Subcategoría 16,Línea 48,284,8837.86,22.73,UNIDAD,True,2025-02-08
3763,7700000003763,Artículo Retail 03763,Cuidado personal,Subcategoría 9,Línea 38,400,59628.15,21.49,UNIDAD,True,2025-08-08
3764,7700000003764,Artículo Retail 03764,Ropa,Subcategoría 6,Línea 7,605,9501.83,22.49,UNIDAD,True,2025-09-15
3765,7700000003765,Artículo Retail 03765,Bebés,Subcategoría 13,Línea 11,653,14525.25,24.33,UNIDAD,False,2025-08-01
3766,7700000003766,Artículo Retail 03766,Alimentos,Subcategoría 10,Línea 44,329,90683.39,6.89,UNIDAD,True,2025-11-21
3767,7700000003767,Artículo Retail 03767,Hogar,Subcategoría 6,Línea 46,671,40810.7,29.38,UNIDAD,True,2025-04-28
3768,7700000003768,Artículo Retail 03768,Cuidado personal,Subcategoría 12,Línea 44,373,32065.48,14.02,UNIDAD,False,2025-05-12
3769,7700000003769,Artículo Retail 03769,Hogar,Subcategoría 18,Línea 5,774,22737.31,23.23,UNIDAD,True,2025-10-22
3770,7700000003770,Artículo Retail 03770,Cuidado personal,Subcategoría 12,Línea 47,602,10381.27,28.83,UNIDAD,True,2025-05-23
3771,7700000003771,Artículo Retail 03771,Bebés,Subcategoría 8,Línea 35,102,83035.72,20.59,UNIDAD,True,2025-06-28
3772,7700000003772,Artículo Retail 03772,Alimentos,Subcategoría 6,Línea 42,400,12330.78,13.13,UNIDAD,False,2025-09-27
3773,7700000003773,Artículo Retail 03773,Hogar,Subcategoría 12,Línea 29,437,41424.75,3.02,UNIDAD,True,2025-10-12
3774,7700000003774,Artículo Retail 03774,Hogar,Subcategoría 14,Línea 37,279,75100.12,10.31,UNIDAD,True,2025-04-08
3775,7700000003775,Artículo Retail 03775,Ropa,Subcategoría 9,Línea 9,315,44763.73,0.95,UNIDAD,True,2025-03-21
3776,7700000003776,Artículo Retail 03776,Bebés,Subcategoría 16,Línea 50,16,28620.35,27.56,UNIDAD,True,2025-03-13
3777,7700000003777,Artículo Retail 03777,Electrónica,Subcategoría 7,Línea 24,233,25209.95,9.41,UNIDAD,True,2025-08-28
3778,7700000003778,Artículo Retail 03778,Electrónica,Subcategoría 13,Línea 42,400,29312.46,29.24,UNIDAD,True,2025-12-20
3779,7700000003779,Artículo Retail 03779,Ropa,Subcategoría 18,Línea 37,485,51298.86,25.77,UNIDAD,True,2025-09-09
3780,7700000003780,Artículo Retail 03780,Bebés,Subcategoría 3,Línea 22,337,43354.26,5.39,UNIDAD,True,2025-07-24
3781,7700000003781,Artículo Retail 03781,Cuidado personal,Subcategoría 1,Línea 17,471,49593.32,29.81,UNIDAD,True,2025-02-24
3782,7700000003782,Artículo Retail 03782,Hogar,Subcategoría 3,Línea 33,341,8099.91,9.13,UNIDAD,True,2025-01-30
3783,7700000003783,Artículo Retail 03783,Cuidado personal,Subcategoría 15,Línea 36,50,20864.19,17.64,UNIDAD,True,2025-09-06
3784,7700000003784,Artículo Retail 03784,Alimentos,Subcategoría 20,Línea 23,287,178958.45,6.85,UNIDAD,True,2025-09-17
3785,7700000003785,Artículo Retail 03785,Bebés,Subcategoría 19,Línea 25,204,29894.7,2.71,UNIDAD,True,2025-11-15
3786,7700000003786,Artículo Retail 03786,Ropa,Subcategoría 3,Línea 14,584,12344.84,6.05,UNIDAD,True,2025-05-13
3787,7700000003787,Artículo Retail 03787,Hogar,Subcategoría 9,Línea 27,767,6197.76,11.64,UNIDAD,True,2025-03-20
3788,7700000003788,Artículo Retail 03788,Hogar,Subcategoría 3,Línea 32,323,25577.68,8.41,UNIDAD,True,2025-12-23
3789,7700000003789,Artículo Retail 03789,Electrónica,Subcategoría 2,Línea 4,588,12920.3,13.57,UNIDAD,True,2025-02-06
3790,7700000003790,Artículo Retail 03790,Cuidado personal,Subcategoría 18,Línea 16,401,7945.55,1.9,UNIDAD,True,2025-07-20
3791,7700000003791,Artículo Retail 03791,Alimentos,Subcategoría 20,Línea 15,447,47380.24,11.31,UNIDAD,True,2025-05-22
3792,7700000003792,Artículo Retail 03792,Electrónica,Subcategoría 16,Línea 33,188,14468.31,13.89,UNIDAD,True,2025-02-27
3793,7700000003793,Artículo Retail 03793,Ropa,Subcategoría 17,Línea 27,738,6487.96,8.25,UNIDAD,True,2025-10-17
3794,7700000003794,Artículo Retail 03794,Alimentos,Subcategoría 4,Línea 38,554,18412.42,2.05,UNIDAD,True,2025-08-29
3795,7700000003795,Artículo Retail 03795,Hogar,Subcategoría 8,Línea 18,376,20945.88,16.7,UNIDAD,True,2025-06-27
3796,7700000003796,Artículo Retail 03796,Hogar,Subcategoría 17,Línea 41,690,26445.55,11.73,UNIDAD,True,2025-09-25
3797,7700000003797,Artículo Retail 03797,Cuidado personal,Subcategoría 2,Línea 10,750,67793.66,3.99,UNIDAD,True,2025-06-21
3798,7700000003798,Artículo Retail 03798,Hogar,Subcategoría 19,Línea 10,40,23046.29,9.67,UNIDAD,True,2025-08-03
3799,7700000003799,Artículo Retail 03799,Alimentos,Subcategoría 16,Línea 31,650,13630.59,17.91,UNIDAD,True,2025-09-07
3800,7700000003800,Artículo Retail 03800,Electrónica,Subcategoría 17,Línea 28,772,10723.61,10.3,UNIDAD,True,2025-06-27
3801,7700000003801,Artículo Retail 03801,Hogar,Subcategoría 18,Línea 35,545,72036.52,13.51,UNIDAD,True,2025-04-12
3802,7700000003802,Artículo Retail 03802,Cuidado personal,Subcategoría 16,Línea 13,469,10140.2,16.1,UNIDAD,True,2025-07-27
3803,7700000003803,Artículo Retail 03803,Ropa,Subcategoría 13,Línea 15,202,8529.75,22.3,UNIDAD,True,2025-01-27
3804,7700000003804,Artículo Retail 03804,Alimentos,Subcategoría 6,Línea 21,727,36071.88,,UNIDAD,True,2025-08-04
3805,7700000003805,Artículo Retail 03805,Ropa,Subcategoría 1,Línea 37,85,62761.57,18.1,UNIDAD,True,2025-04-25
3806,7700000003806,Artículo Retail 03806,Bebés,Subcategoría 16,Línea 12,185,45774.01,11.55,UNIDAD,True,2025-04-27
3807,7700000003807,Artículo Retail 03807,Cuidado personal,Subcategoría 2,Línea 25,760,15396.64,29.48,UNIDAD,True,2025-04-11
3808,7700000003808,Artículo Retail 03808,Cuidado personal,Subcategoría 9,Línea 2,733,80324.85,16.45,UNIDAD,True,2025-09-07
3809,7700000003809,Artículo Retail 03809,Cuidado personal,Subcategoría 3,Línea 18,88,15853.53,18.2,UNIDAD,True,2025-12-10
3810,7700000003810,Artículo Retail 03810,Alimentos,Subcategoría 19,Línea 45,647,7036.14,20.25,UNIDAD,True,2025-07-09
3811,7700000003811,Artículo Retail 03811,Alimentos,Subcategoría 8,Línea 50,90,43682.06,19.39,UNIDAD,True,2025-04-03
3812,7700000003812,Artículo Retail 03812,Alimentos,Subcategoría 14,Línea 18,128,86278.41,27.62,UNIDAD,True,2025-10-28
3813,7700000003813,Artículo Retail 03813,Bebés,Subcategoría 7,Línea 4,64,38958.31,0.73,UNIDAD,True,2025-06-20
3814,7700000003814,Artículo Retail 03814,Cuidado personal,Subcategoría 3,Línea 3,112,75344.07,11.2,UNIDAD,True,2025-05-27
3815,7700000003815,Artículo Retail 03815,Alimentos,Subcategoría 14,Línea 42,228,20617.11,15.29,UNIDAD,True,2025-09-04
3816,7700000003816,Artículo Retail 03816,Bebés,Subcategoría 13,Línea 50,691,51469.66,26.83,UNIDAD,True,2025-10-14
3817,7700000003817,Artículo Retail 03817,Ropa,Subcategoría 12,Línea 22,654,15105.19,23.63,UNIDAD,True,2025-12-14
3818,7700000003818,Artículo Retail 03818,Cuidado personal,Subcategoría 2,Línea 37,362,19870.77,10.45,UNIDAD,True,2025-08-29
3819,7700000003819,Artículo Retail 03819,Electrónica,Subcategoría 6,Línea 8,84,2978.21,6.69,UNIDAD,True,2025-02-18
3820,7700000003820,Artículo Retail 03820,Hogar,Subcategoría 6,Línea 26,527,329967.3,13.53,UNIDAD,True,2025-03-24
3821,7700000003821,Artículo Retail 03821,Ropa,Subcategoría 9,Línea 36,634,25774.22,15.03,UNIDAD,True,2025-09-10
3822,7700000003822,Artículo Retail 03822,Ropa,Subcategoría 1,Línea 36,775,32411.43,14.48,UNIDAD,True,2025-01-15
3823,7700000003823,Artículo Retail 03823,Electrónica,Subcategoría 7,Línea 13,609,20624.45,21.57,UNIDAD,True,2025-12-07
3824,7700000003824,Artículo Retail 03824,Bebés,Subcategoría 3,Línea 49,432,8696.21,29.97,UNIDAD,True,2025-06-21
3825,7700000003825,Artículo Retail 03825,Cuidado personal,Subcategoría 8,Línea 42,141,215712.0,23.72,UNIDAD,True,2025-09-30
3826,7700000003826,Artículo Retail 03826,Electrónica,Subcategoría 13,Línea 15,196,17357.4,18.4,UNIDAD,True,2025-12-06
3827,7700000003827,Artículo Retail 03827,Hogar,Subcategoría 6,Línea 28,413,7412.87,23.91,UNIDAD,True,2025-08-25
3828,7700000003828,Artículo Retail 03828,Hogar,Subcategoría 9,Línea 12,291,3874.65,27.24,UNIDAD,True,2025-05-30
3829,7700000003829,Artículo Retail 03829,Alimentos,Subcategoría 19,Línea 50,43,11995.44,12.87,UNIDAD,True,2025-09-22
3830,7700000003830,Artículo Retail 03830,Bebés,Subcategoría 9,Línea 47,74,6287.77,25.12,UNIDAD,True,2025-09-23
3831,7700000003831,Artículo Retail 03831,Electrónica,Subcategoría 8,Línea 31,667,87046.8,2.15,UNIDAD,True,2025-09-25
3832,7700000003832,Artículo Retail 03832,Ropa,Subcategoría 18,Línea 9,93,25191.24,19.49,UNIDAD,True,2025-10-11
3833,7700000003833,Artículo Retail 03833,Cuidado personal,Subcategoría 4,Línea 35,236,218780.64,4.35,UNIDAD,True,2025-06-25
3834,7700000003834,Artículo Retail 03834,Bebés,Subcategoría 19,Línea 27,93,17108.43,22.78,UNIDAD,True,2025-02-23
3835,7700000003835,Artículo Retail 03835,Bebés,Subcategoría 8,Línea 13,43,124603.64,1.43,UNIDAD,True,2025-05-19
3836,7700000003836,Artículo Retail 03836,Electrónica,Subcategoría 15,Línea 35,471,13448.09,17.71,UNIDAD,True,2025-01-24
3837,7700000003837,Artículo Retail 03837,Cuidado personal,Subcategoría 20,Línea 50,486,7574.67,14.82,UNIDAD,True,2025-01-18
3838,7700000003838,Artículo Retail 03838,Alimentos,Subcategoría 6,Línea 45,252,7455.4,9.17,UNIDAD,True,2025-12-12
3839,7700000003839,Artículo Retail 03839,Electrónica,Subcategoría 1,Línea 5,687,21527.14,19.56,UNIDAD,True,2025-02-10
3840,7700000003840,Artículo Retail 03840,Cuidado personal,Subcategoría 18,Línea 31,676,35275.03,9.21,UNIDAD,True,2025-10-13
3841,7700000003841,Artículo Retail 03841,Ropa,Subcategoría 1,Línea 2,45,23339.21,23.2,UNIDAD,True,2025-04-02
3842,7700000003842,Artículo Retail 03842,Hogar,Subcategoría 10,Línea 40,101,75668.35,25.54,UNIDAD,True,2025-01-14
3843,7700000003843,Artículo Retail 03843,Cuidado personal,Subcategoría 17,Línea 10,449,14072.61,15.87,UNIDAD,True,2025-07-11
3844,7700000003844,Artículo Retail 03844,Hogar,Subcategoría 9,Línea 48,19,91160.15,13.73,UNIDAD,True,2025-01-25
3845,7700000003845,Artículo Retail 03845,Alimentos,Subcategoría 5,Línea 27,204,9263.73,22.94,UNIDAD,True,2025-04-20
3846,7700000003846,Artículo Retail 03846,Cuidado personal,Subcategoría 12,Línea 15,799,21861.01,12.94,UNIDAD,True,2025-10-05
3847,7700000003847,Artículo Retail 03847,Alimentos,Subcategoría 4,Línea 33,434,36688.49,23.23,UNIDAD,True,2025-01-27
3848,7700000003848,Artículo Retail 03848,Hogar,Subcategoría 20,Línea 30,311,110628.75,25.57,UNIDAD,True,2025-11-26
3849,7700000003849,Artículo Retail 03849,Cuidado personal,Subcategoría 19,Línea 23,295,35595.78,10.52,UNIDAD,True,2025-12-18
3850,7700000003850,Artículo Retail 03850,Cuidado personal,Subcategoría 17,Línea 47,505,29407.27,25.39,UNIDAD,True,2025-10-13
3851,7700000003851,Artículo Retail 03851,Electrónica,Subcategoría 13,Línea 41,425,23809.11,19.98,UNIDAD,True,2025-10-13
3852,7700000003852,Artículo Retail 03852,Cuidado personal,Subcategoría 3,Línea 44,749,18453.23,3.7,UNIDAD,True,2025-03-16
3853,7700000003853,Artículo Retail 03853,Electrónica,Subcategoría 11,Línea 23,155,221158.62,14.61,UNIDAD,False,2025-04-08
3854,7700000003854,Artículo Retail 03854,Electrónica,Subcategoría 3,Línea 37,396,20129.51,18.79,UNIDAD,True,2025-07-01
3855,7700000003855,Artículo Retail 03855,Bebés,Subcategoría 5,Línea 50,730,18563.26,17.76,UNIDAD,True,2025-02-26
3856,7700000003856,Artículo Retail 03856,Hogar,Subcategoría 13,Línea 40,585,13511.62,22.71,UNIDAD,True,2025-04-22
3857,7700000003857,Artículo Retail 03857,Alimentos,Subcategoría 5,Línea 34,589,15123.17,9.63,UNIDAD,True,2025-10-31
3858,7700000003858,Artículo Retail 03858,Cuidado personal,Subcategoría 6,Línea 16,626,22001.33,3.32,UNIDAD,True,2025-06-25
3859,7700000003859,Artículo Retail 03859,Alimentos,Subcategoría 6,Línea 22,723,64124.56,5.74,UNIDAD,True,2025-07-23
3860,7700000003860,Artículo Retail 03860,Alimentos,Subcategoría 9,Línea 13,619,18519.33,8.88,UNIDAD,True,2025-08-29
3861,7700000003861,Artículo Retail 03861,Cuidado personal,Subcategoría 13,Línea 47,294,6612.16,18.29,UNIDAD,True,2025-07-24
3862,7700000003862,Artículo Retail 03862,Hogar,Subcategoría 9,Línea 17,145,54277.78,2.16,UNIDAD,True,2025-12-09
3863,7700000003863,Artículo Retail 03863,Ropa,Subcategoría 2,Línea 26,717,20001.06,4.19,UNIDAD,True,2025-12-04
3864,7700000003864,Artículo Retail 03864,Alimentos,Subcategoría 5,Línea 46,355,15140.49,0.33,UNIDAD,True,2025-01-12
3865,7700000003865,Artículo Retail 03865,Bebés,Subcategoría 9,Línea 36,147,17757.03,4.21,UNIDAD,True,2025-11-27
3866,7700000003866,Artículo Retail 03866,Bebés,Subcategoría 5,Línea 29,77,71692.65,5.09,UNIDAD,True,2025-02-07
3867,7700000003867,Artículo Retail 03867,Cuidado personal,Subcategoría 17,Línea 45,111,98494.35,,UNIDAD,False,2025-08-29
3868,7700000003868,Artículo Retail 03868,Cuidado personal,Subcategoría 12,Línea 37,313,18669.15,26.24,UNIDAD,True,2025-09-24
3869,7700000003869,Artículo Retail 03869,Hogar,Subcategoría 7,Línea 12,739,16696.02,15.32,UNIDAD,True,2025-01-01
3870,7700000003870,Artículo Retail 03870,Alimentos,Subcategoría 2,Línea 49,612,8381.48,17.8,UNIDAD,True,2025-08-04
3871,7700000003871,Artículo Retail 03871,Ropa,Subcategoría 20,Línea 33,454,165309.65,7.12,UNIDAD,True,2025-11-19
3872,7700000003872,Artículo Retail 03872,Electrónica,Subcategoría 14,Línea 46,300,18240.78,22.14,UNIDAD,True,2025-06-10
3873,7700000003873,Artículo Retail 03873,Ropa,Subcategoría 2,Línea 32,458,5896.44,5.36,UNIDAD,True,2025-10-09
3874,7700000003874,Artículo Retail 03874,Cuidado personal,Subcategoría 16,Línea 28,35,53308.37,23.67,UNIDAD,True,2025-08-23
3875,7700000003875,Artículo Retail 03875,Ropa,Subcategoría 2,Línea 48,269,30786.72,7.3,UNIDAD,True,2025-12-18
3876,7700000003876,Artículo Retail 03876,Hogar,Subcategoría 10,Línea 30,118,28499.69,11.56,UNIDAD,True,2025-09-04
3877,7700000003877,Artículo Retail 03877,Alimentos,Subcategoría 9,Línea 4,30,24750.6,28.42,UNIDAD,True,2025-08-29
3878,7700000003878,Artículo Retail 03878,Bebés,Subcategoría 10,Línea 31,778,9349.71,17.9,UNIDAD,True,2025-06-21
3879,7700000003879,Artículo Retail 03879,Alimentos,Subcategoría 4,Línea 19,387,33639.88,4.66,UNIDAD,True,2025-04-13
3880,7700000003880,Artículo Retail 03880,Electrónica,Subcategoría 9,Línea 2,355,62944.67,10.02,UNIDAD,True,2025-08-07
3881,7700000003881,Artículo Retail 03881,Bebés,Subcategoría 7,Línea 34,280,50052.24,29.11,UNIDAD,True,2025-08-24
3882,7700000003882,Artículo Retail 03882,Alimentos,Subcategoría 4,Línea 12,557,11344.54,0.33,UNIDAD,True,2025-07-26
3883,7700000003883,Artículo Retail 03883,Ropa,Subcategoría 2,Línea 7,705,8939.14,6.02,UNIDAD,True,2025-02-17
3884,7700000003884,Artículo Retail 03884,Hogar,Subcategoría 19,Línea 27,350,53311.57,11.47,UNIDAD,True,2025-08-25
3885,7700000003885,Artículo Retail 03885,Ropa,Subcategoría 17,Línea 7,340,135806.27,25.04,UNIDAD,True,2025-01-06
3886,7700000003886,Artículo Retail 03886,Ropa,Subcategoría 10,Línea 6,737,14532.0,15.75,UNIDAD,True,2025-04-02
3887,7700000003887,Artículo Retail 03887,Cuidado personal,Subcategoría 18,Línea 42,353,15833.99,0.9,UNIDAD,True,2025-04-11
3888,7700000003888,Artículo Retail 03888,Electrónica,Subcategoría 15,Línea 29,649,5310.05,7.37,UNIDAD,True,2025-08-02
3889,7700000003889,Artículo Retail 03889,Electrónica,Subcategoría 2,Línea 37,28,13165.78,28.92,UNIDAD,True,2025-08-09
3890,7700000003890,Artículo Retail 03890,Electrónica,Subcategoría 14,Línea 34,508,15773.14,27.98,UNIDAD,True,2025-10-14
3891,7700000003891,Artículo Retail 03891,Hogar,Subcategoría 2,Línea 28,130,14922.61,4.79,UNIDAD,True,2025-06-16
3892,7700000003892,Artículo Retail 03892,Electrónica,Subcategoría 17,Línea 18,343,5419.92,21.11,UNIDAD,True,2025-03-08
3893,7700000003893,Artículo Retail 03893,Cuidado personal,Subcategoría 7,Línea 24,598,12827.84,4.22,UNIDAD,True,2025-02-18
3894,7700000003894,Artículo Retail 03894,Hogar,Subcategoría 1,Línea 21,737,127883.06,7.55,UNIDAD,True,2025-07-15
3895,7700000003895,Artículo Retail 03895,Electrónica,Subcategoría 20,Línea 19,57,34630.33,12.52,UNIDAD,True,2025-02-04
3896,7700000003896,Artículo Retail 03896,Hogar,Subcategoría 1,Línea 37,322,55953.77,5.36,UNIDAD,True,2025-02-18
3897,7700000003897,Artículo Retail 03897,Cuidado personal,Subcategoría 17,Línea 9,130,57362.11,25.42,UNIDAD,True,2025-08-18
3898,7700000003898,Artículo Retail 03898,Hogar,Subcategoría 7,Línea 42,200,15158.04,0.87,UNIDAD,True,2025-12-03
3899,7700000003899,Artículo Retail 03899,Hogar,Subcategoría 11,Línea 47,691,34586.24,1.86,UNIDAD,True,2025-05-22
3900,7700000003900,Artículo Retail 03900,Alimentos,Subcategoría 4,Línea 33,375,562045.27,11.41,UNIDAD,True,2025-07-07
3901,7700000003901,Artículo Retail 03901,Electrónica,Subcategoría 8,Línea 38,13,322246.75,26.74,UNIDAD,True,2025-12-02
3902,7700000003902,Artículo Retail 03902,Bebés,Subcategoría 15,Línea 23,760,43837.6,0.29,UNIDAD,True,2025-11-12
3903,7700000003903,Artículo Retail 03903,Hogar,Subcategoría 18,Línea 24,600,7246.27,6.3,UNIDAD,True,2025-08-25
3904,7700000003904,Artículo Retail 03904,Cuidado personal,Subcategoría 3,Línea 13,45,4968.56,12.45,UNIDAD,True,2025-11-07
3905,7700000003905,Artículo Retail 03905,Electrónica,Subcategoría 6,Línea 16,54,24172.71,13.1,UNIDAD,True,2025-08-15
3906,7700000003906,Artículo Retail 03906,Alimentos,Subcategoría 16,Línea 48,414,12019.45,25.25,UNIDAD,True,2025-02-28
3907,7700000003907,Artículo Retail 03907,Cuidado personal,Subcategoría 10,Línea 10,536,42314.12,22.73,UNIDAD,True,2025-04-22
3908,7700000003908,Artículo Retail 03908,Bebés,Subcategoría 17,Línea 50,706,18109.71,,UNIDAD,True,2025-04-12
3909,7700000003909,Artículo Retail 03909,Cuidado personal,Subcategoría 10,Línea 43,409,12786.46,17.67,UNIDAD,True,2025-01-24
3910,7700000003910,Artículo Retail 03910,Bebés,Subcategoría 14,Línea 22,242,28290.41,19.97,UNIDAD,True,2025-06-04
3911,7700000003911,Artículo Retail 03911,Ropa,Subcategoría 8,Línea 10,709,14802.61,28.55,UNIDAD,True,2025-08-16
3912,7700000003912,Artículo Retail 03912,Cuidado personal,Subcategoría 5,Línea 43,790,3911.76,26.52,UNIDAD,True,2025-07-19
3913,7700000003913,Artículo Retail 03913,Hogar,Subcategoría 19,Línea 18,372,6366.31,6.06,UNIDAD,True,2025-11-04
3914,7700000003914,Artículo Retail 03914,Bebés,Subcategoría 6,Línea 30,758,24288.99,23.2,UNIDAD,True,2025-12-08
3915,7700000003915,Artículo Retail 03915,Hogar,Subcategoría 2,Línea 22,630,29077.02,5.42,UNIDAD,True,2025-08-28
3916,7700000003916,Artículo Retail 03916,Hogar,Subcategoría 7,Línea 34,537,6763.06,12.82,UNIDAD,True,2025-10-20
3917,7700000003917,Artículo Retail 03917,Cuidado personal,Subcategoría 17,Línea 4,232,47808.13,16.34,UNIDAD,True,2025-10-25
3918,7700000003918,Artículo Retail 03918,Bebés,Subcategoría 16,Línea 31,515,131815.69,8.24,UNIDAD,True,2025-03-08
3919,7700000003919,Artículo Retail 03919,Cuidado personal,Subcategoría 14,Línea 11,743,35898.41,16.0,UNIDAD,True,2025-10-26
3920,7700000003920,Artículo Retail 03920,Bebés,Subcategoría 4,Línea 25,251,22808.58,18.08,UNIDAD,True,2025-07-08
3921,7700000003921,Artículo Retail 03921,Alimentos,Subcategoría 16,Línea 37,263,34563.61,21.5,UNIDAD,True,2025-04-04
3922,7700000003922,Artículo Retail 03922,Hogar,Subcategoría 12,Línea 41,135,18530.5,23.39,UNIDAD,True,2025-10-25
3923,7700000003923,Artículo Retail 03923,Alimentos,Subcategoría 20,Línea 32,440,160982.13,29.4,UNIDAD,True,2025-05-09
3924,7700000003924,Artículo Retail 03924,Cuidado personal,Subcategoría 4,Línea 2,80,30090.72,25.99,UNIDAD,True,2025-11-11
3925,7700000003925,Artículo Retail 03925,Alimentos,Subcategoría 18,Línea 49,344,15724.08,6.06,UNIDAD,False,2025-04-24
3926,7700000003926,Artículo Retail 03926,Ropa,Subcategoría 18,Línea 6,711,26846.67,15.26,UNIDAD,True,2025-01-12
3927,7700000003927,Artículo Retail 03927,Alimentos,Subcategoría 20,Línea 39,564,50254.69,19.28,UNIDAD,True,2025-01-10
3928,7700000003928,Artículo Retail 03928,Ropa,Subcategoría 10,Línea 3,523,5982.06,,UNIDAD,True,2025-04-05
3929,7700000003929,Artículo Retail 03929,Alimentos,Subcategoría 9,Línea 11,755,20355.65,24.22,UNIDAD,True,2025-03-15
3930,7700000003930,Artículo Retail 03930,Cuidado personal,Subcategoría 6,Línea 4,391,17380.17,23.07,UNIDAD,True,2025-08-24
3931,7700000003931,Artículo Retail 03931,Bebés,Subcategoría 2,Línea 11,495,75383.91,12.01,UNIDAD,True,2025-10-29
3932,7700000003932,Artículo Retail 03932,Cuidado personal,Subcategoría 13,Línea 48,796,165328.72,17.13,UNIDAD,True,2025-01-23
3933,7700000003933,Artículo Retail 03933,Ropa,Subcategoría 8,Línea 49,419,48043.31,12.73,UNIDAD,True,2025-10-14
3934,7700000003934,Artículo Retail 03934,Electrónica,Subcategoría 3,Línea 16,423,15424.9,3.07,UNIDAD,True,2025-02-06
3935,7700000003935,Artículo Retail 03935,Alimentos,Subcategoría 20,Línea 41,292,17587.07,21.24,UNIDAD,True,2025-12-07
3936,7700000003936,Artículo Retail 03936,Alimentos,Subcategoría 3,Línea 12,574,7751.38,,UNIDAD,True,2025-05-27
3937,7700000003937,Artículo Retail 03937,Electrónica,Subcategoría 5,Línea 34,432,9138.18,13.21,UNIDAD,True,2025-07-02
3938,7700000003938,Artículo Retail 03938,Alimentos,Subcategoría 5,Línea 31,227,27391.45,9.8,UNIDAD,True,2025-09-16
3939,7700000003939,Artículo Retail 03939,Alimentos,Subcategoría 17,Línea 8,595,19286.67,9.96,UNIDAD,True,2025-08-06
3940,7700000003940,Artículo Retail 03940,Hogar,Subcategoría 3,Línea 29,324,11814.12,0.2,UNIDAD,True,2025-03-30
3941,7700000003941,Artículo Retail 03941,Electrónica,Subcategoría 2,Línea 32,49,8392.52,23.83,UNIDAD,True,2025-03-09
3942,7700000003942,Artículo Retail 03942,Ropa,Subcategoría 19,Línea 28,485,24550.05,9.75,UNIDAD,True,2025-05-16
3943,7700000003943,Artículo Retail 03943,Electrónica,Subcategoría 2,Línea 43,789,14401.09,,UNIDAD,False,2025-09-16
3944,7700000003944,Artículo Retail 03944,Ropa,Subcategoría 17,Línea 38,528,30011.83,12.13,UNIDAD,True,2025-04-16
3945,7700000003945,Artículo Retail 03945,Electrónica,Subcategoría 13,Línea 47,59,32871.15,3.21,UNIDAD,True,2025-03-13
3946,7700000003946,Artículo Retail 03946,Ropa,Subcategoría 2,Línea 47,572,8481.17,7.38,UNIDAD,True,2025-12-04
3947,7700000003947,Artículo Retail 03947,Electrónica,Subcategoría 9,Línea 46,244,13695.92,23.7,UNIDAD,True,2025-05-22
3948,7700000003948,Artículo Retail 03948,Electrónica,Subcategoría 11,Línea 39,259,17547.18,28.47,UNIDAD,True,2025-06-01
3949,7700000003949,Artículo Retail 03949,Electrónica,Subcategoría 16,Línea 7,684,32418.06,2.34,UNIDAD,True,2025-12-01
3950,7700000003950,Artículo Retail 03950,Hogar,Subcategoría 18,Línea 30,286,34698.26,8.09,UNIDAD,False,2025-06-16
3951,7700000003951,Artículo Retail 03951,Cuidado personal,Subcategoría 5,Línea 4,443,52212.7,23.28,UNIDAD,True,2025-10-17
3952,7700000003952,Artículo Retail 03952,Cuidado personal,Subcategoría 15,Línea 45,347,6819.25,8.26,UNIDAD,True,2025-07-24
3953,7700000003953,Artículo Retail 03953,Hogar,Subcategoría 2,Línea 48,66,24759.85,14.76,UNIDAD,True,2025-02-05
3954,7700000003954,Artículo Retail 03954,Cuidado personal,Subcategoría 17,Línea 50,399,5782.78,27.02,UNIDAD,True,2025-08-22
3955,7700000003955,Artículo Retail 03955,Electrónica,Subcategoría 17,Línea 36,577,38816.04,18.17,UNIDAD,True,2025-08-10
3956,7700000003956,Artículo Retail 03956,Alimentos,Subcategoría 5,Línea 50,558,84224.08,24.44,UNIDAD,True,2025-04-12
3957,7700000003957,Artículo Retail 03957,Hogar,Subcategoría 8,Línea 10,307,22774.98,18.29,UNIDAD,True,2025-02-21
3958,7700000003958,Artículo Retail 03958,Alimentos,Subcategoría 2,Línea 49,685,112138.94,4.84,UNIDAD,True,2025-12-13
3959,7700000003959,Artículo Retail 03959,Cuidado personal,Subcategoría 14,Línea 11,277,65180.14,4.22,UNIDAD,True,2025-03-01
3960,7700000003960,Artículo Retail 03960,Alimentos,Subcategoría 3,Línea 32,534,14165.11,29.01,UNIDAD,True,2025-05-26
3961,7700000003961,Artículo Retail 03961,Bebés,Subcategoría 10,Línea 29,123,24590.33,18.34,UNIDAD,True,2025-08-13
3962,7700000003962,Artículo Retail 03962,Alimentos,Subcategoría 13,Línea 14,626,47947.75,6.04,UNIDAD,True,2025-10-17
3963,7700000003963,Artículo Retail 03963,Bebés,Subcategoría 20,Línea 32,596,31491.88,11.54,UNIDAD,True,2025-11-07
3964,7700000003964,Artículo Retail 03964,Alimentos,Subcategoría 12,Línea 35,544,54190.04,25.08,UNIDAD,True,2025-05-24
3965,7700000003965,Artículo Retail 03965,Alimentos,Subcategoría 10,Línea 23,562,18087.37,29.27,UNIDAD,True,2025-04-28
3966,7700000003966,Artículo Retail 03966,Alimentos,Subcategoría 9,Línea 38,39,4250.41,6.08,UNIDAD,True,2025-11-26
3967,7700000003967,Artículo Retail 03967,Alimentos,Subcategoría 14,Línea 2,157,27548.1,26.57,UNIDAD,True,2025-03-21
3968,7700000003968,Artículo Retail 03968,Hogar,Subcategoría 20,Línea 42,293,72165.42,6.81,UNIDAD,True,2025-05-31
3969,7700000003969,Artículo Retail 03969,Bebés,Subcategoría 16,Línea 38,610,16727.95,2.93,UNIDAD,True,2025-04-03
3970,7700000003970,Artículo Retail 03970,Alimentos,Subcategoría 7,Línea 9,458,13803.69,25.64,UNIDAD,True,2025-11-15
3971,7700000003971,Artículo Retail 03971,Cuidado personal,Subcategoría 9,Línea 32,42,8917.21,12.27,UNIDAD,True,2025-01-30
3972,7700000003972,Artículo Retail 03972,Cuidado personal,Subcategoría 10,Línea 44,426,17818.26,24.34,UNIDAD,True,2025-11-26
3973,7700000003973,Artículo Retail 03973,Bebés,Subcategoría 6,Línea 2,574,4882.79,25.73,UNIDAD,True,2025-03-10
3974,7700000003974,Artículo Retail 03974,Cuidado personal,Subcategoría 8,Línea 44,183,2876.17,17.28,UNIDAD,True,2025-01-01
3975,7700000003975,Artículo Retail 03975,Alimentos,Subcategoría 5,Línea 49,462,6269.72,26.73,UNIDAD,True,2025-02-01
3976,7700000003976,Artículo Retail 03976,Electrónica,Subcategoría 2,Línea 48,433,7409.04,11.17,UNIDAD,True,2025-07-02
3977,7700000003977,Artículo Retail 03977,Ropa,Subcategoría 15,Línea 50,512,9819.97,17.76,UNIDAD,True,2025-11-30
3978,7700000003978,Artículo Retail 03978,Ropa,Subcategoría 3,Línea 36,713,59216.14,24.04,UNIDAD,True,2025-03-11
3979,7700000003979,Artículo Retail 03979,Alimentos,Subcategoría 13,Línea 34,338,29893.2,27.4,UNIDAD,True,2025-08-22
3980,7700000003980,Artículo Retail 03980,Alimentos,Subcategoría 8,Línea 10,144,53332.95,27.83,UNIDAD,True,2025-02-18
3981,7700000003981,Artículo Retail 03981,Ropa,Subcategoría 4,Línea 3,772,97703.09,13.41,UNIDAD,True,2025-11-29
3982,7700000003982,Artículo Retail 03982,Ropa,Subcategoría 18,Línea 28,217,47864.51,3.48,UNIDAD,True,2025-05-25
3983,7700000003983,Artículo Retail 03983,Alimentos,Subcategoría 2,Línea 21,302,60097.13,2.32,UNIDAD,True,2025-10-27
3984,7700000003984,Artículo Retail 03984,Ropa,Subcategoría 7,Línea 17,793,29396.13,26.17,UNIDAD,True,2025-11-15
3985,7700000003985,Artículo Retail 03985,Bebés,Subcategoría 13,Línea 45,49,14565.84,11.77,UNIDAD,False,2025-05-14
3986,7700000003986,Artículo Retail 03986,Electrónica,Subcategoría 10,Línea 49,462,35630.63,9.69,UNIDAD,True,2025-10-20
3987,7700000003987,Artículo Retail 03987,Cuidado personal,Subcategoría 6,Línea 37,625,25844.05,28.77,UNIDAD,True,2025-11-16
3988,7700000003988,Artículo Retail 03988,Cuidado personal,Subcategoría 7,Línea 29,161,33974.51,24.55,UNIDAD,True,2025-09-19
3989,7700000003989,Artículo Retail 03989,Bebés,Subcategoría 17,Línea 22,769,9603.05,13.59,UNIDAD,True,2025-10-06
3990,7700000003990,Artículo Retail 03990,Ropa,Subcategoría 4,Línea 11,473,39764.11,9.34,UNIDAD,True,2025-07-03
3991,7700000003991,Artículo Retail 03991,Bebés,Subcategoría 5,Línea 34,723,7147.87,20.02,UNIDAD,True,2025-07-26
3992,7700000003992,Artículo Retail 03992,Electrónica,Subcategoría 18,Línea 23,773,35131.17,7.18,UNIDAD,True,2025-10-22
3993,7700000003993,Artículo Retail 03993,Cuidado personal,Subcategoría 18,Línea 12,602,29093.21,26.07,UNIDAD,True,2025-05-24
3994,7700000003994,Artículo Retail 03994,Bebés,Subcategoría 9,Línea 49,107,39732.0,16.44,UNIDAD,True,2025-09-23
3995,7700000003995,Artículo Retail 03995,Cuidado personal,Subcategoría 16,Línea 25,388,88048.34,15.05,UNIDAD,True,2025-06-09
3996,7700000003996,Artículo Retail 03996,Hogar,Subcategoría 6,Línea 34,465,97765.67,5.92,UNIDAD,True,2025-09-06
3997,7700000003997,Artículo Retail 03997,Ropa,Subcategoría 15,Línea 31,619,29520.19,23.19,UNIDAD,True,2025-11-06
3998,7700000003998,Artículo Retail 03998,Electrónica,Subcategoría 14,Línea 21,119,97885.02,3.85,UNIDAD,True,2025-12-26
3999,7700000003999,Artículo Retail 03999,Cuidado personal,Subcategoría 9,Línea 30,679,29286.48,6.94,UNIDAD,True,2025-10-10
4000,7700000004000,Artículo Retail 04000,Ropa,Subcategoría 12,Línea 2,492,80739.27,13.93,UNIDAD,True,2025-11-03
4001,7700000004001,Artículo Retail 04001,Bebés,Subcategoría 11,Línea 14,593,53440.34,1.12,UNIDAD,True,2025-01-07
4002,7700000004002,Artículo Retail 04002,Cuidado personal,Subcategoría 15,Línea 9,358,53889.65,24.18,UNIDAD,True,2025-11-04
4003,7700000004003,Artículo Retail 04003,Cuidado personal,Subcategoría 12,Línea 22,580,48631.73,12.56,UNIDAD,True,2025-05-10
4004,7700000004004,Artículo Retail 04004,Hogar,Subcategoría 14,Línea 41,190,41420.84,1.14,UNIDAD,True,2025-07-25
4005,7700000004005,Artículo Retail 04005,Electrónica,Subcategoría 15,Línea 25,223,55299.68,12.54,UNIDAD,True,2025-03-03
4006,7700000004006,Artículo Retail 04006,Hogar,Subcategoría 8,Línea 8,29,89099.25,1.69,UNIDAD,True,2025-03-26
4007,7700000004007,Artículo Retail 04007,Hogar,Subcategoría 4,Línea 11,701,6096.36,0.75,UNIDAD,True,2025-02-17
4008,7700000004008,Artículo Retail 04008,Hogar,Subcategoría 11,Línea 3,521,17515.99,29.75,UNIDAD,True,2025-12-31
4009,7700000004009,Artículo Retail 04009,Alimentos,Subcategoría 15,Línea 7,415,16323.31,9.07,UNIDAD,True,2025-10-14
4010,7700000004010,Artículo Retail 04010,Hogar,Subcategoría 3,Línea 47,115,49754.55,17.3,UNIDAD,True,2025-07-08
4011,7700000004011,Artículo Retail 04011,Alimentos,Subcategoría 16,Línea 45,125,14666.87,29.26,UNIDAD,True,2025-11-02
4012,7700000004012,Artículo Retail 04012,Bebés,Subcategoría 10,Línea 11,416,11740.74,27.88,UNIDAD,True,2025-07-16
4013,7700000004013,Artículo Retail 04013,Cuidado personal,Subcategoría 11,Línea 10,375,6016.2,14.07,UNIDAD,True,2025-02-07
4014,7700000004014,Artículo Retail 04014,Electrónica,Subcategoría 8,Línea 6,415,22395.02,27.98,UNIDAD,True,2025-01-12
4015,7700000004015,Artículo Retail 04015,Cuidado personal,Subcategoría 7,Línea 22,691,18306.85,26.46,UNIDAD,True,2025-04-03
4016,7700000004016,Artículo Retail 04016,Hogar,Subcategoría 12,Línea 45,429,27014.5,19.04,UNIDAD,True,2025-06-11
4017,7700000004017,Artículo Retail 04017,Ropa,Subcategoría 1,Línea 40,221,13182.32,15.1,UNIDAD,True,2025-02-10
4018,7700000004018,Artículo Retail 04018,Hogar,Subcategoría 5,Línea 16,289,3580.86,23.88,UNIDAD,True,2025-05-20
4019,7700000004019,Artículo Retail 04019,Ropa,Subcategoría 4,Línea 50,542,63205.29,12.03,UNIDAD,True,2025-08-15
4020,7700000004020,Artículo Retail 04020,Cuidado personal,Subcategoría 11,Línea 36,558,52621.1,10.33,UNIDAD,True,2025-01-24
4021,7700000004021,Artículo Retail 04021,Cuidado personal,Subcategoría 10,Línea 40,363,35328.78,22.07,UNIDAD,True,2025-12-25
4022,7700000004022,Artículo Retail 04022,Ropa,Subcategoría 7,Línea 5,446,27751.1,3.62,UNIDAD,False,2025-01-07
4023,7700000004023,Artículo Retail 04023,Hogar,Subcategoría 8,Línea 37,426,59298.04,5.23,UNIDAD,True,2025-03-11
4024,7700000004024,Artículo Retail 04024,Bebés,Subcategoría 13,Línea 16,727,38915.49,,UNIDAD,True,2025-08-27
4025,7700000004025,Artículo Retail 04025,Bebés,Subcategoría 15,Línea 27,153,7886.53,5.03,UNIDAD,True,2025-04-26
4026,7700000004026,Artículo Retail 04026,Bebés,Subcategoría 10,Línea 26,714,3369.57,15.02,UNIDAD,True,2025-06-18
4027,7700000004027,Artículo Retail 04027,Ropa,Subcategoría 18,Línea 30,12,42535.49,24.2,UNIDAD,True,2025-08-10
4028,7700000004028,Artículo Retail 04028,Bebés,Subcategoría 14,Línea 40,585,46326.84,23.44,UNIDAD,True,2025-04-30
4029,7700000004029,Artículo Retail 04029,Electrónica,Subcategoría 16,Línea 28,644,40442.08,13.64,UNIDAD,True,2025-02-16
4030,7700000004030,Artículo Retail 04030,Hogar,Subcategoría 6,Línea 26,67,5268.32,7.37,UNIDAD,True,2025-12-10
4031,7700000004031,Artículo Retail 04031,Alimentos,Subcategoría 2,Línea 41,413,22502.07,3.15,UNIDAD,True,2025-03-04
4032,7700000004032,Artículo Retail 04032,Alimentos,Subcategoría 20,Línea 29,302,51523.62,29.62,UNIDAD,True,2025-05-05
4033,7700000004033,Artículo Retail 04033,Bebés,Subcategoría 7,Línea 47,336,52325.74,20.64,UNIDAD,True,2025-12-28
4034,7700000004034,Artículo Retail 04034,Cuidado personal,Subcategoría 3,Línea 28,712,4758.07,4.78,UNIDAD,True,2025-07-13
4035,7700000004035,Artículo Retail 04035,Hogar,Subcategoría 8,Línea 42,248,18032.81,27.79,UNIDAD,True,2025-05-29
4036,7700000004036,Artículo Retail 04036,Hogar,Subcategoría 13,Línea 33,390,18907.46,7.13,UNIDAD,True,2025-04-28
4037,7700000004037,Artículo Retail 04037,Bebés,Subcategoría 19,Línea 45,179,13511.76,28.14,UNIDAD,True,2025-10-22
4038,7700000004038,Artículo Retail 04038,Hogar,Subcategoría 5,Línea 45,351,46876.71,10.53,UNIDAD,True,2025-06-04
4039,7700000004039,Artículo Retail 04039,Ropa,Subcategoría 12,Línea 9,133,34028.67,6.26,UNIDAD,True,2025-09-11
4040,7700000004040,Artículo Retail 04040,Electrónica,Subcategoría 19,Línea 44,644,69837.94,5.31,UNIDAD,True,2025-08-21
4041,7700000004041,Artículo Retail 04041,Alimentos,Subcategoría 6,Línea 38,766,29092.32,23.6,UNIDAD,True,2025-08-07
4042,7700000004042,Artículo Retail 04042,Ropa,Subcategoría 15,Línea 1,800,30027.21,23.76,UNIDAD,True,2025-03-27
4043,7700000004043,Artículo Retail 04043,Cuidado personal,Subcategoría 8,Línea 11,657,13450.72,19.5,UNIDAD,True,2025-08-10
4044,7700000004044,Artículo Retail 04044,Electrónica,Subcategoría 4,Línea 47,613,11313.8,3.95,UNIDAD,True,2025-06-05
4045,7700000004045,Artículo Retail 04045,Electrónica,Subcategoría 18,Línea 25,502,11685.16,17.75,UNIDAD,True,2025-09-14
4046,7700000004046,Artículo Retail 04046,Hogar,Subcategoría 17,Línea 38,570,40526.4,21.63,UNIDAD,True,2025-06-18
4047,7700000004047,Artículo Retail 04047,Alimentos,Subcategoría 1,Línea 8,306,2907.42,2.52,UNIDAD,True,2025-03-02
4048,7700000004048,Artículo Retail 04048,Bebés,Subcategoría 8,Línea 28,683,37958.84,8.87,UNIDAD,True,2025-09-06
4049,7700000004049,Artículo Retail 04049,Hogar,Subcategoría 1,Línea 11,332,31916.06,8.47,UNIDAD,True,2025-09-27
4050,7700000004050,Artículo Retail 04050,Ropa,Subcategoría 1,Línea 7,108,19037.38,3.41,UNIDAD,True,2025-05-27
4051,7700000004051,Artículo Retail 04051,Electrónica,Subcategoría 20,Línea 6,637,9717.13,20.31,UNIDAD,True,2025-09-21
4052,7700000004052,Artículo Retail 04052,Ropa,Subcategoría 13,Línea 17,141,12462.96,9.45,UNIDAD,True,2025-08-18
4053,7700000004053,Artículo Retail 04053,Alimentos,Subcategoría 15,Línea 7,461,112049.65,28.89,UNIDAD,True,2025-11-14
4054,7700000004054,Artículo Retail 04054,Electrónica,Subcategoría 15,Línea 26,590,22831.69,9.92,UNIDAD,True,2025-05-10
4055,7700000004055,Artículo Retail 04055,Alimentos,Subcategoría 20,Línea 40,82,4043.77,16.72,UNIDAD,True,2025-11-06
4056,7700000004056,Artículo Retail 04056,Hogar,Subcategoría 15,Línea 11,223,61711.86,12.42,UNIDAD,True,2025-06-14
4057,7700000004057,Artículo Retail 04057,Electrónica,Subcategoría 5,Línea 34,586,68640.5,14.0,UNIDAD,True,2025-12-22
4058,7700000004058,Artículo Retail 04058,Bebés,Subcategoría 5,Línea 50,107,8093.44,18.58,UNIDAD,False,2025-09-12
4059,7700000004059,Artículo Retail 04059,Electrónica,Subcategoría 3,Línea 44,12,101713.9,18.99,UNIDAD,True,2025-09-27
4060,7700000004060,Artículo Retail 04060,Alimentos,Subcategoría 10,Línea 23,184,23581.36,,UNIDAD,True,2025-06-23
4061,7700000004061,Artículo Retail 04061,Alimentos,Subcategoría 4,Línea 17,455,31080.53,4.32,UNIDAD,True,2025-04-01
4062,7700000004062,Artículo Retail 04062,Bebés,Subcategoría 12,Línea 47,178,16495.9,4.97,UNIDAD,True,2025-11-25
4063,7700000004063,Artículo Retail 04063,Ropa,Subcategoría 15,Línea 38,507,28295.25,,UNIDAD,True,2025-07-14
4064,7700000004064,Artículo Retail 04064,Hogar,Subcategoría 17,Línea 23,174,12075.56,24.6,UNIDAD,True,2025-03-28
4065,7700000004065,Artículo Retail 04065,Bebés,Subcategoría 12,Línea 12,385,3379.0,,UNIDAD,True,2025-04-09
4066,7700000004066,Artículo Retail 04066,Electrónica,Subcategoría 1,Línea 36,223,124025.56,27.14,UNIDAD,True,2025-09-20
4067,7700000004067,Artículo Retail 04067,Bebés,Subcategoría 12,Línea 39,667,15268.28,25.42,UNIDAD,True,2025-05-01
4068,7700000004068,Artículo Retail 04068,Cuidado personal,Subcategoría 15,Línea 41,183,28354.5,14.23,UNIDAD,True,2025-08-25
4069,7700000004069,Artículo Retail 04069,Ropa,Subcategoría 18,Línea 28,330,7800.32,5.17,UNIDAD,True,2025-11-08
4070,7700000004070,Artículo Retail 04070,Hogar,Subcategoría 2,Línea 11,283,219801.22,26.44,UNIDAD,False,2025-10-25
4071,7700000004071,Artículo Retail 04071,Alimentos,Subcategoría 15,Línea 36,499,13149.48,15.1,UNIDAD,True,2025-02-27
4072,7700000004072,Artículo Retail 04072,Ropa,Subcategoría 5,Línea 21,330,19313.34,4.17,UNIDAD,True,2025-09-10
4073,7700000004073,Artículo Retail 04073,Ropa,Subcategoría 16,Línea 36,275,20802.64,26.71,UNIDAD,True,2025-02-12
4074,7700000004074,Artículo Retail 04074,Bebés,Subcategoría 16,Línea 49,592,24622.58,17.35,UNIDAD,True,2025-01-22
4075,7700000004075,Artículo Retail 04075,Bebés,Subcategoría 3,Línea 42,441,3631.22,4.05,UNIDAD,True,2025-03-15
4076,7700000004076,Artículo Retail 04076,Cuidado personal,Subcategoría 19,Línea 33,788,19806.27,17.47,UNIDAD,True,2025-09-27
4077,7700000004077,Artículo Retail 04077,Ropa,Subcategoría 10,Línea 37,62,27895.8,,UNIDAD,True,2025-05-03
4078,7700000004078,Artículo Retail 04078,Electrónica,Subcategoría 12,Línea 20,171,288691.18,13.9,UNIDAD,True,2025-06-04
4079,7700000004079,Artículo Retail 04079,Cuidado personal,Subcategoría 2,Línea 10,130,45100.32,15.9,UNIDAD,True,2025-03-13
4080,7700000004080,Artículo Retail 04080,Cuidado personal,Subcategoría 5,Línea 17,432,5931.82,20.27,UNIDAD,True,2025-02-05
4081,7700000004081,Artículo Retail 04081,Bebés,Subcategoría 12,Línea 46,759,9590.14,9.38,UNIDAD,True,2025-03-10
4082,7700000004082,Artículo Retail 04082,Hogar,Subcategoría 19,Línea 50,689,56629.05,6.73,UNIDAD,True,2025-09-10
4083,7700000004083,Artículo Retail 04083,Ropa,Subcategoría 14,Línea 24,694,20126.49,8.48,UNIDAD,True,2025-08-07
4084,7700000004084,Artículo Retail 04084,Bebés,Subcategoría 5,Línea 21,616,20865.82,15.48,UNIDAD,True,2025-02-07
4085,7700000004085,Artículo Retail 04085,Hogar,Subcategoría 12,Línea 30,40,47328.51,16.16,UNIDAD,True,2025-09-07
4086,7700000004086,Artículo Retail 04086,Ropa,Subcategoría 13,Línea 11,577,37618.7,23.51,UNIDAD,True,2025-04-28
4087,7700000004087,Artículo Retail 04087,Cuidado personal,Subcategoría 9,Línea 33,170,94522.44,17.65,UNIDAD,True,2025-10-19
4088,7700000004088,Artículo Retail 04088,Electrónica,Subcategoría 9,Línea 6,405,36716.05,20.35,UNIDAD,True,2025-07-19
4089,7700000004089,Artículo Retail 04089,Alimentos,Subcategoría 15,Línea 23,480,6406.32,29.71,UNIDAD,True,2025-04-04
4090,7700000004090,Artículo Retail 04090,Cuidado personal,Subcategoría 15,Línea 26,584,11872.5,18.78,UNIDAD,True,2025-09-21
4091,7700000004091,Artículo Retail 04091,Hogar,Subcategoría 14,Línea 3,635,33212.31,14.68,UNIDAD,True,2025-01-13
4092,7700000004092,Artículo Retail 04092,Bebés,Subcategoría 17,Línea 14,788,60956.87,,UNIDAD,True,2025-10-01
4093,7700000004093,Artículo Retail 04093,Hogar,Subcategoría 7,Línea 22,456,11215.16,,UNIDAD,True,2025-06-27
4094,7700000004094,Artículo Retail 04094,Alimentos,Subcategoría 10,Línea 30,771,11925.45,26.63,UNIDAD,True,2025-01-02
4095,7700000004095,Artículo Retail 04095,Cuidado personal,Subcategoría 15,Línea 34,644,4302.59,11.5,UNIDAD,True,2025-01-30
4096,7700000004096,Artículo Retail 04096,Alimentos,Subcategoría 2,Línea 19,540,11709.59,23.16,UNIDAD,True,2025-09-15
4097,7700000004097,Artículo Retail 04097,Alimentos,Subcategoría 14,Línea 42,43,17912.78,0.74,UNIDAD,True,2025-01-31
4098,7700000004098,Artículo Retail 04098,Hogar,Subcategoría 20,Línea 35,171,47623.4,4.84,UNIDAD,True,2025-03-05
4099,7700000004099,Artículo Retail 04099,Alimentos,Subcategoría 13,Línea 3,51,27135.7,22.16,UNIDAD,True,2025-06-06
4100,7700000004100,Artículo Retail 04100,Bebés,Subcategoría 13,Línea 2,103,3363.64,8.24,UNIDAD,True,2025-10-17
4101,7700000004101,Artículo Retail 04101,Alimentos,Subcategoría 3,Línea 1,523,3005.22,16.41,UNIDAD,True,2025-10-28
4102,7700000004102,Artículo Retail 04102,Ropa,Subcategoría 2,Línea 9,299,6394.7,29.79,UNIDAD,True,2025-07-04
4103,7700000004103,Artículo Retail 04103,Alimentos,Subcategoría 15,Línea 18,407,21747.63,28.83,UNIDAD,True,2025-11-01
4104,7700000004104,Artículo Retail 04104,Bebés,Subcategoría 6,Línea 17,323,214223.15,7.88,UNIDAD,True,2025-09-22
4105,7700000004105,Artículo Retail 04105,Ropa,Subcategoría 8,Línea 21,230,56042.24,22.91,UNIDAD,True,2025-01-20
4106,7700000004106,Artículo Retail 04106,Electrónica,Subcategoría 4,Línea 36,293,12698.47,25.58,UNIDAD,True,2025-12-28
4107,7700000004107,Artículo Retail 04107,Alimentos,Subcategoría 2,Línea 18,321,10806.14,23.02,UNIDAD,True,2025-02-17
4108,7700000004108,Artículo Retail 04108,Ropa,Subcategoría 6,Línea 17,446,33348.25,13.28,UNIDAD,True,2025-07-24
4109,7700000004109,Artículo Retail 04109,Electrónica,Subcategoría 8,Línea 33,728,20749.14,12.22,UNIDAD,True,2025-07-01
4110,7700000004110,Artículo Retail 04110,Ropa,Subcategoría 2,Línea 50,617,8377.42,24.24,UNIDAD,True,2025-06-17
4111,7700000004111,Artículo Retail 04111,Bebés,Subcategoría 6,Línea 4,261,12299.87,27.72,UNIDAD,True,2025-01-05
4112,7700000004112,Artículo Retail 04112,Cuidado personal,Subcategoría 9,Línea 9,597,11002.26,27.1,UNIDAD,True,2025-10-31
4113,7700000004113,Artículo Retail 04113,Ropa,Subcategoría 7,Línea 48,20,23205.93,26.83,UNIDAD,True,2025-06-14
4114,7700000004114,Artículo Retail 04114,Hogar,Subcategoría 16,Línea 40,505,71058.69,23.95,UNIDAD,True,2025-06-21
4115,7700000004115,Artículo Retail 04115,Ropa,Subcategoría 11,Línea 47,644,50212.45,12.6,UNIDAD,True,2025-09-06
4116,7700000004116,Artículo Retail 04116,Hogar,Subcategoría 12,Línea 47,578,49219.02,29.25,UNIDAD,False,2025-02-17
4117,7700000004117,Artículo Retail 04117,Ropa,Subcategoría 18,Línea 25,577,4444.56,7.8,UNIDAD,True,2025-06-04
4118,7700000004118,Artículo Retail 04118,Bebés,Subcategoría 19,Línea 27,525,8183.48,27.23,UNIDAD,True,2025-08-25
4119,7700000004119,Artículo Retail 04119,Bebés,Subcategoría 13,Línea 5,653,15663.55,21.61,UNIDAD,True,2025-06-08
4120,7700000004120,Artículo Retail 04120,Bebés,Subcategoría 6,Línea 7,619,58341.31,8.91,UNIDAD,True,2025-04-03
4121,7700000004121,Artículo Retail 04121,Bebés,Subcategoría 5,Línea 48,378,50233.68,9.48,UNIDAD,True,2025-02-06
4122,7700000004122,Artículo Retail 04122,Cuidado personal,Subcategoría 15,Línea 39,9,3683.3,26.27,UNIDAD,True,2025-06-20
4123,7700000004123,Artículo Retail 04123,Bebés,Subcategoría 7,Línea 47,268,26937.4,9.26,UNIDAD,True,2025-09-21
4124,7700000004124,Artículo Retail 04124,Alimentos,Subcategoría 18,Línea 12,400,14712.7,20.25,UNIDAD,True,2025-01-26
4125,7700000004125,Artículo Retail 04125,Electrónica,Subcategoría 9,Línea 15,354,32481.42,1.78,UNIDAD,True,2025-12-05
4126,7700000004126,Artículo Retail 04126,Cuidado personal,Subcategoría 16,Línea 11,347,100536.13,3.71,UNIDAD,True,2025-01-11
4127,7700000004127,Artículo Retail 04127,Hogar,Subcategoría 16,Línea 20,363,35627.26,22.75,UNIDAD,True,2025-08-08
4128,7700000004128,Artículo Retail 04128,Electrónica,Subcategoría 10,Línea 10,193,14265.55,21.42,UNIDAD,True,2025-12-24
4129,7700000004129,Artículo Retail 04129,Alimentos,Subcategoría 4,Línea 38,386,3498.29,,UNIDAD,True,2025-09-17
4130,7700000004130,Artículo Retail 04130,Alimentos,Subcategoría 17,Línea 47,160,7802.43,20.74,UNIDAD,True,2025-03-25
4131,7700000004131,Artículo Retail 04131,Ropa,Subcategoría 1,Línea 47,665,6035.33,18.39,UNIDAD,True,2025-01-29
4132,7700000004132,Artículo Retail 04132,Bebés,Subcategoría 9,Línea 44,134,38924.65,16.05,UNIDAD,False,2025-08-23
4133,7700000004133,Artículo Retail 04133,Ropa,Subcategoría 20,Línea 45,12,7646.07,2.87,UNIDAD,True,2025-06-15
4134,7700000004134,Artículo Retail 04134,Bebés,Subcategoría 2,Línea 6,295,16089.03,23.05,UNIDAD,True,2025-11-11
4135,7700000004135,Artículo Retail 04135,Alimentos,Subcategoría 6,Línea 33,427,38766.61,19.83,UNIDAD,True,2025-04-20
4136,7700000004136,Artículo Retail 04136,Ropa,Subcategoría 4,Línea 29,308,6538.61,28.45,UNIDAD,True,2025-03-07
4137,7700000004137,Artículo Retail 04137,Cuidado personal,Subcategoría 17,Línea 18,57,2253.06,12.29,UNIDAD,True,2025-04-01
4138,7700000004138,Artículo Retail 04138,Cuidado personal,Subcategoría 12,Línea 29,139,16917.3,0.95,UNIDAD,True,2025-11-23
4139,7700000004139,Artículo Retail 04139,Bebés,Subcategoría 9,Línea 39,39,37894.65,2.09,UNIDAD,True,2025-04-28
4140,7700000004140,Artículo Retail 04140,Hogar,Subcategoría 5,Línea 37,91,8437.6,11.42,UNIDAD,True,2025-11-17
4141,7700000004141,Artículo Retail 04141,Ropa,Subcategoría 6,Línea 34,296,54920.27,16.06,UNIDAD,True,2025-10-26
4142,7700000004142,Artículo Retail 04142,Ropa,Subcategoría 4,Línea 38,25,27525.35,18.56,UNIDAD,True,2025-09-30
4143,7700000004143,Artículo Retail 04143,Alimentos,Subcategoría 20,Línea 37,186,8158.75,7.26,UNIDAD,True,2025-12-28
4144,7700000004144,Artículo Retail 04144,Ropa,Subcategoría 5,Línea 31,621,20832.97,26.8,UNIDAD,True,2025-09-17
4145,7700000004145,Artículo Retail 04145,Ropa,Subcategoría 13,Línea 32,663,16012.29,11.16,UNIDAD,True,2025-04-11
4146,7700000004146,Artículo Retail 04146,Ropa,Subcategoría 14,Línea 28,565,19884.27,28.2,UNIDAD,True,2025-02-23
4147,7700000004147,Artículo Retail 04147,Ropa,Subcategoría 12,Línea 26,458,28682.01,23.46,UNIDAD,True,2025-02-18
4148,7700000004148,Artículo Retail 04148,Bebés,Subcategoría 3,Línea 29,243,25758.88,23.47,UNIDAD,True,2025-01-27
4149,7700000004149,Artículo Retail 04149,Electrónica,Subcategoría 1,Línea 22,500,6953.52,7.32,UNIDAD,True,2025-02-26
4150,7700000004150,Artículo Retail 04150,Bebés,Subcategoría 20,Línea 12,483,3603.59,26.6,UNIDAD,True,2025-12-14
4151,7700000004151,Artículo Retail 04151,Alimentos,Subcategoría 3,Línea 37,222,7512.31,9.38,UNIDAD,True,2025-09-04
4152,7700000004152,Artículo Retail 04152,Cuidado personal,Subcategoría 7,Línea 1,774,12608.81,13.47,UNIDAD,True,2025-07-19
4153,7700000004153,Artículo Retail 04153,Alimentos,Subcategoría 4,Línea 27,667,119697.54,2.58,UNIDAD,True,2025-12-05
4154,7700000004154,Artículo Retail 04154,Bebés,Subcategoría 12,Línea 29,592,45168.66,7.55,UNIDAD,True,2025-04-23
4155,7700000004155,Artículo Retail 04155,Hogar,Subcategoría 19,Línea 43,401,22784.28,22.41,UNIDAD,True,2025-06-22
4156,7700000004156,Artículo Retail 04156,Electrónica,Subcategoría 11,Línea 7,561,5862.7,3.33,UNIDAD,False,2025-12-23
4157,7700000004157,Artículo Retail 04157,Hogar,Subcategoría 18,Línea 14,170,6549.24,,UNIDAD,True,2025-05-26
4158,7700000004158,Artículo Retail 04158,Cuidado personal,Subcategoría 2,Línea 38,207,34653.39,3.21,UNIDAD,True,2025-01-05
4159,7700000004159,Artículo Retail 04159,Cuidado personal,Subcategoría 14,Línea 45,381,5105.15,2.18,UNIDAD,True,2025-10-05
4160,7700000004160,Artículo Retail 04160,Cuidado personal,Subcategoría 10,Línea 35,357,5124.69,29.08,UNIDAD,True,2025-07-08
4161,7700000004161,Artículo Retail 04161,Bebés,Subcategoría 2,Línea 13,647,124733.18,9.48,UNIDAD,True,2025-03-22
4162,7700000004162,Artículo Retail 04162,Alimentos,Subcategoría 12,Línea 6,778,15223.38,5.43,UNIDAD,True,2025-07-06
4163,7700000004163,Artículo Retail 04163,Ropa,Subcategoría 8,Línea 33,78,4544.03,19.29,UNIDAD,True,2025-11-12
4164,7700000004164,Artículo Retail 04164,Electrónica,Subcategoría 18,Línea 14,14,15915.23,29.93,UNIDAD,True,2025-10-21
4165,7700000004165,Artículo Retail 04165,Hogar,Subcategoría 6,Línea 42,481,13278.84,19.09,UNIDAD,True,2025-09-01
4166,7700000004166,Artículo Retail 04166,Hogar,Subcategoría 10,Línea 32,70,75516.07,3.69,UNIDAD,True,2025-02-22
4167,7700000004167,Artículo Retail 04167,Cuidado personal,Subcategoría 17,Línea 35,38,1681.53,,UNIDAD,True,2025-04-15
4168,7700000004168,Artículo Retail 04168,Ropa,Subcategoría 4,Línea 26,698,56902.09,14.72,UNIDAD,True,2025-05-11
4169,7700000004169,Artículo Retail 04169,Ropa,Subcategoría 11,Línea 11,37,296778.04,8.7,UNIDAD,True,2025-02-15
4170,7700000004170,Artículo Retail 04170,Cuidado personal,Subcategoría 18,Línea 4,479,9091.08,29.64,UNIDAD,True,2025-03-05
4171,7700000004171,Artículo Retail 04171,Cuidado personal,Subcategoría 14,Línea 40,145,4490.51,18.4,UNIDAD,True,2025-09-20
4172,7700000004172,Artículo Retail 04172,Ropa,Subcategoría 15,Línea 8,139,4138.59,7.49,UNIDAD,True,2025-03-04
4173,7700000004173,Artículo Retail 04173,Cuidado personal,Subcategoría 7,Línea 3,149,17628.52,1.21,UNIDAD,True,2025-11-18
4174,7700000004174,Artículo Retail 04174,Bebés,Subcategoría 8,Línea 25,115,20737.81,7.86,UNIDAD,True,2025-05-05
4175,7700000004175,Artículo Retail 04175,Alimentos,Subcategoría 12,Línea 42,347,12334.44,14.72,UNIDAD,True,2025-01-02
4176,7700000004176,Artículo Retail 04176,Hogar,Subcategoría 5,Línea 11,20,6166.69,28.06,UNIDAD,True,2025-01-03
4177,7700000004177,Artículo Retail 04177,Ropa,Subcategoría 19,Línea 3,483,40503.52,22.6,UNIDAD,True,2025-08-30
4178,7700000004178,Artículo Retail 04178,Bebés,Subcategoría 13,Línea 32,592,20668.59,22.02,UNIDAD,True,2025-10-17
4179,7700000004179,Artículo Retail 04179,Ropa,Subcategoría 16,Línea 5,748,15806.26,25.47,UNIDAD,True,2025-02-01
4180,7700000004180,Artículo Retail 04180,Ropa,Subcategoría 10,Línea 26,185,18015.54,12.88,UNIDAD,True,2025-02-11
4181,7700000004181,Artículo Retail 04181,Bebés,Subcategoría 7,Línea 6,187,30513.51,9.23,UNIDAD,True,2025-03-20
4182,7700000004182,Artículo Retail 04182,Cuidado personal,Subcategoría 17,Línea 36,582,29494.55,3.37,UNIDAD,True,2025-12-22
4183,7700000004183,Artículo Retail 04183,Electrónica,Subcategoría 4,Línea 16,99,9121.26,9.54,UNIDAD,True,2025-10-03
4184,7700000004184,Artículo Retail 04184,Ropa,Subcategoría 16,Línea 42,412,27533.26,18.92,UNIDAD,True,2025-03-18
4185,7700000004185,Artículo Retail 04185,Hogar,Subcategoría 8,Línea 34,741,9755.49,26.29,UNIDAD,True,2025-06-10
4186,7700000004186,Artículo Retail 04186,Electrónica,Subcategoría 17,Línea 34,354,24609.85,3.14,UNIDAD,True,2025-10-31
4187,7700000004187,Artículo Retail 04187,Bebés,Subcategoría 2,Línea 18,502,52031.44,5.75,UNIDAD,True,2025-02-28
4188,7700000004188,Artículo Retail 04188,Bebés,Subcategoría 15,Línea 10,130,9776.91,,UNIDAD,True,2025-01-05
4189,7700000004189,Artículo Retail 04189,Hogar,Subcategoría 20,Línea 17,491,9744.26,17.92,UNIDAD,True,2025-04-03
4190,7700000004190,Artículo Retail 04190,Bebés,Subcategoría 2,Línea 49,278,5651.74,10.14,UNIDAD,True,2025-03-07
4191,7700000004191,Artículo Retail 04191,Alimentos,Subcategoría 12,Línea 6,403,13137.5,16.66,UNIDAD,True,2025-03-01
4192,7700000004192,Artículo Retail 04192,Cuidado personal,Subcategoría 10,Línea 42,459,5444.14,,UNIDAD,True,2025-01-24
4193,7700000004193,Artículo Retail 04193,Bebés,Subcategoría 10,Línea 20,108,164138.63,3.59,UNIDAD,True,2025-10-23
4194,7700000004194,Artículo Retail 04194,Hogar,Subcategoría 13,Línea 36,401,36284.45,22.17,UNIDAD,True,2025-08-24
4195,7700000004195,Artículo Retail 04195,Alimentos,Subcategoría 16,Línea 28,482,51343.06,24.07,UNIDAD,True,2025-01-13
4196,7700000004196,Artículo Retail 04196,Alimentos,Subcategoría 3,Línea 44,395,12843.76,11.25,UNIDAD,True,2025-10-06
4197,7700000004197,Artículo Retail 04197,Cuidado personal,Subcategoría 8,Línea 22,162,16024.71,25.56,UNIDAD,True,2025-08-26
4198,7700000004198,Artículo Retail 04198,Cuidado personal,Subcategoría 18,Línea 25,36,5164.67,22.22,UNIDAD,True,2025-08-24
4199,7700000004199,Artículo Retail 04199,Alimentos,Subcategoría 19,Línea 47,463,41452.67,21.24,UNIDAD,True,2025-02-27
4200,7700000004200,Artículo Retail 04200,Bebés,Subcategoría 19,Línea 24,77,32363.3,3.53,UNIDAD,True,2025-02-22
4201,7700000004201,Artículo Retail 04201,Bebés,Subcategoría 13,Línea 47,333,14374.48,17.7,UNIDAD,True,2025-04-10
4202,7700000004202,Artículo Retail 04202,Cuidado personal,Subcategoría 1,Línea 16,220,4750.77,26.87,UNIDAD,True,2025-10-26
4203,7700000004203,Artículo Retail 04203,Electrónica,Subcategoría 7,Línea 24,369,29990.55,1.88,UNIDAD,True,2025-12-04
4204,7700000004204,Artículo Retail 04204,Electrónica,Subcategoría 3,Línea 25,285,8192.77,23.1,UNIDAD,True,2025-07-23
4205,7700000004205,Artículo Retail 04205,Cuidado personal,Subcategoría 4,Línea 40,225,102224.2,7.52,UNIDAD,True,2025-12-29
4206,7700000004206,Artículo Retail 04206,Cuidado personal,Subcategoría 1,Línea 40,19,36308.24,10.39,UNIDAD,True,2025-10-08
4207,7700000004207,Artículo Retail 04207,Electrónica,Subcategoría 10,Línea 50,129,60253.07,0.24,UNIDAD,True,2025-04-18
4208,7700000004208,Artículo Retail 04208,Hogar,Subcategoría 5,Línea 15,327,40759.5,6.53,UNIDAD,True,2025-11-04
4209,7700000004209,Artículo Retail 04209,Bebés,Subcategoría 12,Línea 41,360,26317.11,29.79,UNIDAD,True,2025-11-17
4210,7700000004210,Artículo Retail 04210,Ropa,Subcategoría 3,Línea 45,493,18890.83,16.31,UNIDAD,True,2025-03-28
4211,7700000004211,Artículo Retail 04211,Electrónica,Subcategoría 13,Línea 13,488,17017.97,24.97,UNIDAD,True,2025-11-10
4212,7700000004212,Artículo Retail 04212,Ropa,Subcategoría 18,Línea 11,775,51943.06,26.32,UNIDAD,True,2025-06-16
4213,7700000004213,Artículo Retail 04213,Hogar,Subcategoría 14,Línea 14,486,2804.18,,UNIDAD,True,2025-12-18
4214,7700000004214,Artículo Retail 04214,Hogar,Subcategoría 3,Línea 3,351,19655.68,16.59,UNIDAD,True,2025-11-16
4215,7700000004215,Artículo Retail 04215,Bebés,Subcategoría 15,Línea 39,350,11951.37,,UNIDAD,True,2025-12-19
4216,7700000004216,Artículo Retail 04216,Alimentos,Subcategoría 9,Línea 20,420,3866.45,8.77,UNIDAD,True,2025-09-12
4217,7700000004217,Artículo Retail 04217,Bebés,Subcategoría 17,Línea 28,113,33590.11,10.5,UNIDAD,True,2025-09-30
4218,7700000004218,Artículo Retail 04218,Ropa,Subcategoría 14,Línea 15,615,104993.34,22.22,UNIDAD,True,2025-11-26
4219,7700000004219,Artículo Retail 04219,Alimentos,Subcategoría 15,Línea 33,686,3939.29,16.54,UNIDAD,True,2025-11-30
4220,7700000004220,Artículo Retail 04220,Ropa,Subcategoría 8,Línea 29,793,8455.45,7.67,UNIDAD,True,2025-11-15
4221,7700000004221,Artículo Retail 04221,Alimentos,Subcategoría 9,Línea 27,111,96487.18,27.48,UNIDAD,True,2025-04-19
4222,7700000004222,Artículo Retail 04222,Cuidado personal,Subcategoría 5,Línea 21,378,17115.86,17.12,UNIDAD,True,2025-03-17
4223,7700000004223,Artículo Retail 04223,Bebés,Subcategoría 1,Línea 34,705,72891.08,26.24,UNIDAD,True,2025-12-16
4224,7700000004224,Artículo Retail 04224,Alimentos,Subcategoría 11,Línea 21,2,9078.13,11.61,UNIDAD,True,2025-07-18
4225,7700000004225,Artículo Retail 04225,Electrónica,Subcategoría 17,Línea 41,648,155089.32,23.93,UNIDAD,True,2025-05-07
4226,7700000004226,Artículo Retail 04226,Electrónica,Subcategoría 20,Línea 9,502,126612.14,18.66,UNIDAD,True,2025-02-25
4227,7700000004227,Artículo Retail 04227,Electrónica,Subcategoría 14,Línea 3,234,14091.43,14.54,UNIDAD,True,2025-04-07
4228,7700000004228,Artículo Retail 04228,Hogar,Subcategoría 3,Línea 45,249,6696.48,0.66,UNIDAD,False,2025-02-19
4229,7700000004229,Artículo Retail 04229,Hogar,Subcategoría 19,Línea 43,231,19897.56,14.13,UNIDAD,True,2025-11-22
4230,7700000004230,Artículo Retail 04230,Hogar,Subcategoría 4,Línea 17,254,12643.07,0.11,UNIDAD,True,2025-10-18
4231,7700000004231,Artículo Retail 04231,Alimentos,Subcategoría 1,Línea 32,177,82186.07,7.04,UNIDAD,True,2025-06-20
4232,7700000004232,Artículo Retail 04232,Hogar,Subcategoría 6,Línea 16,569,62165.08,14.19,UNIDAD,True,2025-09-12
4233,7700000004233,Artículo Retail 04233,Alimentos,Subcategoría 11,Línea 6,513,10058.14,28.53,UNIDAD,True,2025-12-06
4234,7700000004234,Artículo Retail 04234,Hogar,Subcategoría 9,Línea 3,15,19346.47,5.87,UNIDAD,True,2025-06-24
4235,7700000004235,Artículo Retail 04235,Bebés,Subcategoría 1,Línea 40,542,70560.03,22.9,UNIDAD,True,2025-07-18
4236,7700000004236,Artículo Retail 04236,Alimentos,Subcategoría 5,Línea 27,623,35581.79,18.63,UNIDAD,True,2025-09-17
4237,7700000004237,Artículo Retail 04237,Electrónica,Subcategoría 3,Línea 27,368,64670.83,14.01,UNIDAD,True,2025-11-25
4238,7700000004238,Artículo Retail 04238,Alimentos,Subcategoría 14,Línea 46,467,47414.07,10.2,UNIDAD,True,2025-03-18
4239,7700000004239,Artículo Retail 04239,Ropa,Subcategoría 15,Línea 17,399,46364.99,17.62,UNIDAD,True,2025-04-04
4240,7700000004240,Artículo Retail 04240,Bebés,Subcategoría 14,Línea 25,306,107940.35,0.79,UNIDAD,True,2025-10-22
4241,7700000004241,Artículo Retail 04241,Cuidado personal,Subcategoría 7,Línea 23,691,19368.31,28.27,UNIDAD,True,2025-04-06
4242,7700000004242,Artículo Retail 04242,Alimentos,Subcategoría 19,Línea 38,522,43746.45,14.83,UNIDAD,True,2025-01-10
4243,7700000004243,Artículo Retail 04243,Ropa,Subcategoría 1,Línea 11,231,244185.5,21.84,UNIDAD,True,2025-04-17
4244,7700000004244,Artículo Retail 04244,Hogar,Subcategoría 19,Línea 12,374,29006.43,21.35,UNIDAD,True,2025-09-23
4245,7700000004245,Artículo Retail 04245,Alimentos,Subcategoría 12,Línea 14,173,9905.55,22.99,UNIDAD,True,2025-12-04
4246,7700000004246,Artículo Retail 04246,Electrónica,Subcategoría 17,Línea 46,479,4346.77,22.5,UNIDAD,True,2025-05-01
4247,7700000004247,Artículo Retail 04247,Hogar,Subcategoría 9,Línea 38,352,32054.77,15.83,UNIDAD,True,2025-06-16
4248,7700000004248,Artículo Retail 04248,Bebés,Subcategoría 9,Línea 5,645,15320.34,25.26,UNIDAD,True,2025-11-24
4249,7700000004249,Artículo Retail 04249,Cuidado personal,Subcategoría 5,Línea 43,640,6376.67,21.36,UNIDAD,True,2025-11-29
4250,7700000004250,Artículo Retail 04250,Alimentos,Subcategoría 17,Línea 30,345,23914.98,10.26,UNIDAD,True,2025-12-26
4251,7700000004251,Artículo Retail 04251,Cuidado personal,Subcategoría 20,Línea 11,568,7798.88,2.53,UNIDAD,True,2025-06-03
4252,7700000004252,Artículo Retail 04252,Bebés,Subcategoría 9,Línea 48,406,28199.69,1.46,UNIDAD,True,2025-12-29
4253,7700000004253,Artículo Retail 04253,Electrónica,Subcategoría 8,Línea 28,185,11834.68,17.35,UNIDAD,True,2025-11-02
4254,7700000004254,Artículo Retail 04254,Electrónica,Subcategoría 9,Línea 14,96,98226.55,12.64,UNIDAD,True,2025-09-25
4255,7700000004255,Artículo Retail 04255,Electrónica,Subcategoría 11,Línea 14,342,38229.3,28.41,UNIDAD,True,2025-06-24
4256,7700000004256,Artículo Retail 04256,Alimentos,Subcategoría 19,Línea 35,352,4412.22,15.7,UNIDAD,True,2025-07-08
4257,7700000004257,Artículo Retail 04257,Electrónica,Subcategoría 7,Línea 8,753,22448.41,7.51,UNIDAD,True,2025-06-29
4258,7700000004258,Artículo Retail 04258,Alimentos,Subcategoría 10,Línea 40,127,92473.11,25.96,UNIDAD,True,2025-07-06
4259,7700000004259,Artículo Retail 04259,Hogar,Subcategoría 12,Línea 4,595,38216.73,29.29,UNIDAD,True,2025-08-23
4260,7700000004260,Artículo Retail 04260,Ropa,Subcategoría 5,Línea 23,58,68269.39,1.42,UNIDAD,True,2025-12-05
4261,7700000004261,Artículo Retail 04261,Bebés,Subcategoría 4,Línea 10,620,2942.97,10.47,UNIDAD,False,2025-03-16
4262,7700000004262,Artículo Retail 04262,Cuidado personal,Subcategoría 19,Línea 8,738,14244.11,3.27,UNIDAD,True,2025-02-17
4263,7700000004263,Artículo Retail 04263,Electrónica,Subcategoría 18,Línea 23,255,51030.65,16.83,UNIDAD,True,2025-08-29
4264,7700000004264,Artículo Retail 04264,Bebés,Subcategoría 13,Línea 27,266,9277.98,23.21,UNIDAD,True,2025-06-10
4265,7700000004265,Artículo Retail 04265,Ropa,Subcategoría 10,Línea 5,301,299106.15,1.71,UNIDAD,True,2025-03-06
4266,7700000004266,Artículo Retail 04266,Ropa,Subcategoría 10,Línea 16,53,25449.49,23.28,UNIDAD,True,2025-05-08
4267,7700000004267,Artículo Retail 04267,Ropa,Subcategoría 18,Línea 40,155,15067.88,11.1,UNIDAD,True,2025-08-14
4268,7700000004268,Artículo Retail 04268,Cuidado personal,Subcategoría 5,Línea 25,8,15472.6,17.56,UNIDAD,True,2025-07-08
4269,7700000004269,Artículo Retail 04269,Ropa,Subcategoría 20,Línea 3,643,26337.89,15.46,UNIDAD,True,2025-12-21
4270,7700000004270,Artículo Retail 04270,Ropa,Subcategoría 15,Línea 23,591,36416.7,16.59,UNIDAD,True,2025-04-01
4271,7700000004271,Artículo Retail 04271,Ropa,Subcategoría 11,Línea 17,732,15606.4,2.88,UNIDAD,True,2025-03-07
4272,7700000004272,Artículo Retail 04272,Hogar,Subcategoría 14,Línea 28,69,20751.25,27.31,UNIDAD,True,2025-04-10
4273,7700000004273,Artículo Retail 04273,Cuidado personal,Subcategoría 4,Línea 42,428,37841.65,,UNIDAD,True,2025-07-14
4274,7700000004274,Artículo Retail 04274,Cuidado personal,Subcategoría 13,Línea 9,390,187295.4,23.82,UNIDAD,True,2025-12-21
4275,7700000004275,Artículo Retail 04275,Bebés,Subcategoría 9,Línea 2,66,29243.56,7.49,UNIDAD,False,2025-10-07
4276,7700000004276,Artículo Retail 04276,Electrónica,Subcategoría 3,Línea 27,158,2214.12,,UNIDAD,True,2025-07-15
4277,7700000004277,Artículo Retail 04277,Bebés,Subcategoría 1,Línea 24,165,16728.73,25.18,UNIDAD,True,2025-02-09
4278,7700000004278,Artículo Retail 04278,Hogar,Subcategoría 20,Línea 6,389,4900.65,27.59,UNIDAD,True,2025-02-02
4279,7700000004279,Artículo Retail 04279,Ropa,Subcategoría 17,Línea 29,718,37460.7,17.35,UNIDAD,True,2025-08-02
4280,7700000004280,Artículo Retail 04280,Bebés,Subcategoría 8,Línea 46,249,119027.12,11.24,UNIDAD,True,2025-07-05
4281,7700000004281,Artículo Retail 04281,Bebés,Subcategoría 15,Línea 2,303,10990.69,,UNIDAD,True,2025-08-11
4282,7700000004282,Artículo Retail 04282,Cuidado personal,Subcategoría 11,Línea 25,610,23987.22,0.35,UNIDAD,True,2025-07-21
4283,7700000004283,Artículo Retail 04283,Cuidado personal,Subcategoría 2,Línea 31,626,93612.78,25.79,UNIDAD,True,2025-03-20
4284,7700000004284,Artículo Retail 04284,Hogar,Subcategoría 15,Línea 30,608,66650.64,18.69,UNIDAD,True,2025-11-04
4285,7700000004285,Artículo Retail 04285,Alimentos,Subcategoría 16,Línea 49,364,11090.8,20.35,UNIDAD,True,2025-06-12
4286,7700000004286,Artículo Retail 04286,Ropa,Subcategoría 13,Línea 32,158,53179.28,23.02,UNIDAD,True,2025-11-10
4287,7700000004287,Artículo Retail 04287,Hogar,Subcategoría 13,Línea 15,94,4262.65,11.04,UNIDAD,True,2025-07-06
4288,7700000004288,Artículo Retail 04288,Bebés,Subcategoría 6,Línea 26,316,6093.43,24.6,UNIDAD,True,2025-04-20
4289,7700000004289,Artículo Retail 04289,Ropa,Subcategoría 19,Línea 42,149,12667.24,29.09,UNIDAD,True,2025-04-23
4290,7700000004290,Artículo Retail 04290,Bebés,Subcategoría 20,Línea 37,224,44959.92,0.24,UNIDAD,True,2025-01-20
4291,7700000004291,Artículo Retail 04291,Hogar,Subcategoría 12,Línea 31,308,36018.63,24.35,UNIDAD,True,2025-03-04
4292,7700000004292,Artículo Retail 04292,Electrónica,Subcategoría 13,Línea 46,625,53683.41,2.62,UNIDAD,True,2025-01-08
4293,7700000004293,Artículo Retail 04293,Alimentos,Subcategoría 10,Línea 1,620,4930.85,2.96,UNIDAD,True,2025-12-07
4294,7700000004294,Artículo Retail 04294,Electrónica,Subcategoría 3,Línea 35,299,13469.8,19.27,UNIDAD,True,2025-03-30
4295,7700000004295,Artículo Retail 04295,Ropa,Subcategoría 14,Línea 5,641,113099.48,19.09,UNIDAD,True,2025-02-10
4296,7700000004296,Artículo Retail 04296,Hogar,Subcategoría 12,Línea 20,75,5302.07,23.15,UNIDAD,True,2025-01-03
4297,7700000004297,Artículo Retail 04297,Electrónica,Subcategoría 18,Línea 14,184,4452.38,22.1,UNIDAD,True,2025-03-12
4298,7700000004298,Artículo Retail 04298,Ropa,Subcategoría 16,Línea 23,266,44596.59,16.36,UNIDAD,True,2025-10-30
4299,7700000004299,Artículo Retail 04299,Ropa,Subcategoría 8,Línea 37,554,11950.73,2.01,UNIDAD,True,2025-01-20
4300,7700000004300,Artículo Retail 04300,Hogar,Subcategoría 13,Línea 35,364,9835.53,5.56,UNIDAD,True,2025-02-19
4301,7700000004301,Artículo Retail 04301,Electrónica,Subcategoría 16,Línea 26,405,3255.28,16.82,UNIDAD,True,2025-09-15
4302,7700000004302,Artículo Retail 04302,Alimentos,Subcategoría 14,Línea 41,162,27953.76,5.64,UNIDAD,True,2025-02-24
4303,7700000004303,Artículo Retail 04303,Ropa,Subcategoría 13,Línea 37,18,46665.27,0.46,UNIDAD,True,2025-12-19
4304,7700000004304,Artículo Retail 04304,Ropa,Subcategoría 3,Línea 36,413,79061.43,,UNIDAD,True,2025-04-05
4305,7700000004305,Artículo Retail 04305,Electrónica,Subcategoría 11,Línea 26,293,3345.98,13.7,UNIDAD,True,2025-12-01
4306,7700000004306,Artículo Retail 04306,Ropa,Subcategoría 14,Línea 41,66,13513.43,24.19,UNIDAD,True,2025-06-23
4307,7700000004307,Artículo Retail 04307,Alimentos,Subcategoría 20,Línea 14,460,4367.97,29.09,UNIDAD,True,2025-02-10
4308,7700000004308,Artículo Retail 04308,Ropa,Subcategoría 3,Línea 23,620,41595.37,23.48,UNIDAD,True,2025-09-12
4309,7700000004309,Artículo Retail 04309,Electrónica,Subcategoría 5,Línea 34,731,48976.82,16.27,UNIDAD,True,2025-11-27
4310,7700000004310,Artículo Retail 04310,Electrónica,Subcategoría 1,Línea 4,605,9578.38,29.35,UNIDAD,True,2025-05-09
4311,7700000004311,Artículo Retail 04311,Alimentos,Subcategoría 9,Línea 36,514,5132.87,0.94,UNIDAD,True,2025-02-14
4312,7700000004312,Artículo Retail 04312,Ropa,Subcategoría 14,Línea 40,33,467251.22,1.89,UNIDAD,True,2025-04-21
4313,7700000004313,Artículo Retail 04313,Electrónica,Subcategoría 1,Línea 21,18,99524.13,0.22,UNIDAD,True,2025-05-17
4314,7700000004314,Artículo Retail 04314,Alimentos,Subcategoría 6,Línea 3,243,32520.35,,UNIDAD,True,2025-03-28
4315,7700000004315,Artículo Retail 04315,Bebés,Subcategoría 10,Línea 34,427,20910.08,10.76,UNIDAD,True,2025-09-05
4316,7700000004316,Artículo Retail 04316,Alimentos,Subcategoría 7,Línea 21,519,21909.65,6.67,UNIDAD,True,2025-12-21
4317,7700000004317,Artículo Retail 04317,Electrónica,Subcategoría 11,Línea 9,28,21201.05,13.88,UNIDAD,True,2025-12-30
4318,7700000004318,Artículo Retail 04318,Bebés,Subcategoría 8,Línea 49,276,2418.46,7.13,UNIDAD,True,2025-08-06
4319,7700000004319,Artículo Retail 04319,Bebés,Subcategoría 3,Línea 26,97,9824.47,13.85,UNIDAD,True,2025-11-28
4320,7700000004320,Artículo Retail 04320,Alimentos,Subcategoría 3,Línea 21,137,7114.25,4.55,UNIDAD,True,2025-10-12
4321,7700000004321,Artículo Retail 04321,Bebés,Subcategoría 14,Línea 14,685,7408.11,20.57,UNIDAD,True,2025-04-07
4322,7700000004322,Artículo Retail 04322,Bebés,Subcategoría 13,Línea 28,517,8478.85,19.13,UNIDAD,False,2025-11-16
4323,7700000004323,Artículo Retail 04323,Alimentos,Subcategoría 1,Línea 18,341,81546.78,17.06,UNIDAD,True,2025-02-06
4324,7700000004324,Artículo Retail 04324,Electrónica,Subcategoría 9,Línea 24,555,46562.86,18.96,UNIDAD,True,2025-06-25
4325,7700000004325,Artículo Retail 04325,Ropa,Subcategoría 18,Línea 50,584,1299.5,21.28,UNIDAD,True,2025-06-26
4326,7700000004326,Artículo Retail 04326,Bebés,Subcategoría 17,Línea 45,310,19553.62,19.71,UNIDAD,True,2025-04-14
4327,7700000004327,Artículo Retail 04327,Hogar,Subcategoría 6,Línea 28,483,30415.76,7.41,UNIDAD,True,2025-05-27
4328,7700000004328,Artículo Retail 04328,Hogar,Subcategoría 20,Línea 18,46,9929.9,23.68,UNIDAD,True,2025-11-18
4329,7700000004329,Artículo Retail 04329,Alimentos,Subcategoría 20,Línea 50,719,12609.56,15.7,UNIDAD,True,2025-06-27
4330,7700000004330,Artículo Retail 04330,Electrónica,Subcategoría 7,Línea 30,784,78185.12,24.77,UNIDAD,True,2025-02-10
4331,7700000004331,Artículo Retail 04331,Hogar,Subcategoría 16,Línea 33,136,26211.17,23.46,UNIDAD,False,2025-05-25
4332,7700000004332,Artículo Retail 04332,Hogar,Subcategoría 17,Línea 30,636,14246.07,0.78,UNIDAD,True,2025-10-06
4333,7700000004333,Artículo Retail 04333,Alimentos,Subcategoría 14,Línea 47,623,11858.14,1.21,UNIDAD,True,2025-08-26
4334,7700000004334,Artículo Retail 04334,Alimentos,Subcategoría 17,Línea 32,526,8958.7,25.47,UNIDAD,True,2025-10-10
4335,7700000004335,Artículo Retail 04335,Cuidado personal,Subcategoría 1,Línea 11,731,22763.85,13.22,UNIDAD,True,2025-05-25
4336,7700000004336,Artículo Retail 04336,Alimentos,Subcategoría 12,Línea 20,447,27831.11,24.97,UNIDAD,True,2025-06-05
4337,7700000004337,Artículo Retail 04337,Ropa,Subcategoría 18,Línea 39,87,37203.29,0.28,UNIDAD,True,2025-07-14
4338,7700000004338,Artículo Retail 04338,Ropa,Subcategoría 19,Línea 45,590,8081.01,5.96,UNIDAD,True,2025-12-31
4339,7700000004339,Artículo Retail 04339,Hogar,Subcategoría 18,Línea 43,202,30485.3,19.73,UNIDAD,True,2025-12-21
4340,7700000004340,Artículo Retail 04340,Bebés,Subcategoría 16,Línea 46,793,9161.55,29.92,UNIDAD,True,2025-08-24
4341,7700000004341,Artículo Retail 04341,Electrónica,Subcategoría 16,Línea 9,112,55614.75,27.27,UNIDAD,True,2025-12-26
4342,7700000004342,Artículo Retail 04342,Cuidado personal,Subcategoría 16,Línea 14,751,10558.26,,UNIDAD,True,2025-09-09
4343,7700000004343,Artículo Retail 04343,Ropa,Subcategoría 17,Línea 16,36,6831.65,14.07,UNIDAD,True,2025-11-30
4344,7700000004344,Artículo Retail 04344,Electrónica,Subcategoría 4,Línea 37,570,15863.68,12.52,UNIDAD,True,2025-11-29
4345,7700000004345,Artículo Retail 04345,Bebés,Subcategoría 3,Línea 23,688,48602.12,28.99,UNIDAD,False,2025-10-21
4346,7700000004346,Artículo Retail 04346,Alimentos,Subcategoría 9,Línea 21,256,26569.66,23.4,UNIDAD,True,2025-09-09
4347,7700000004347,Artículo Retail 04347,Alimentos,Subcategoría 1,Línea 42,463,8217.36,10.94,UNIDAD,True,2025-01-20
4348,7700000004348,Artículo Retail 04348,Electrónica,Subcategoría 12,Línea 34,354,16707.01,3.14,UNIDAD,True,2025-01-01
4349,7700000004349,Artículo Retail 04349,Electrónica,Subcategoría 11,Línea 32,430,11842.99,20.05,UNIDAD,True,2025-10-13
4350,7700000004350,Artículo Retail 04350,Electrónica,Subcategoría 15,Línea 43,139,25705.7,6.65,UNIDAD,True,2025-02-03
4351,7700000004351,Artículo Retail 04351,Cuidado personal,Subcategoría 11,Línea 20,112,19269.5,16.36,UNIDAD,True,2025-05-12
4352,7700000004352,Artículo Retail 04352,Alimentos,Subcategoría 3,Línea 48,631,92212.96,25.66,UNIDAD,True,2025-07-07
4353,7700000004353,Artículo Retail 04353,Bebés,Subcategoría 8,Línea 7,598,4444.08,,UNIDAD,True,2025-02-17
4354,7700000004354,Artículo Retail 04354,Cuidado personal,Subcategoría 17,Línea 40,99,19191.04,9.41,UNIDAD,True,2025-06-21
4355,7700000004355,Artículo Retail 04355,Bebés,Subcategoría 9,Línea 47,441,68995.55,14.16,UNIDAD,True,2025-07-08
4356,7700000004356,Artículo Retail 04356,Hogar,Subcategoría 11,Línea 10,480,23506.2,8.81,UNIDAD,True,2025-05-11
4357,7700000004357,Artículo Retail 04357,Alimentos,Subcategoría 13,Línea 47,165,12043.53,21.31,UNIDAD,True,2025-08-07
4358,7700000004358,Artículo Retail 04358,Alimentos,Subcategoría 6,Línea 24,80,19271.69,10.13,UNIDAD,True,2025-08-02
4359,7700000004359,Artículo Retail 04359,Bebés,Subcategoría 1,Línea 43,353,16267.02,5.37,UNIDAD,True,2025-06-28
4360,7700000004360,Artículo Retail 04360,Cuidado personal,Subcategoría 13,Línea 4,404,10854.8,17.64,UNIDAD,False,2025-11-07
4361,7700000004361,Artículo Retail 04361,Bebés,Subcategoría 18,Línea 12,515,39967.84,3.83,UNIDAD,True,2025-03-09
4362,7700000004362,Artículo Retail 04362,Ropa,Subcategoría 14,Línea 16,94,104032.66,5.69,UNIDAD,True,2025-08-01
4363,7700000004363,Artículo Retail 04363,Cuidado personal,Subcategoría 16,Línea 6,413,55614.14,24.04,UNIDAD,True,2025-07-18
4364,7700000004364,Artículo Retail 04364,Bebés,Subcategoría 7,Línea 45,642,13397.66,8.46,UNIDAD,True,2025-04-17
4365,7700000004365,Artículo Retail 04365,Bebés,Subcategoría 16,Línea 15,725,79069.26,26.43,UNIDAD,True,2025-03-05
4366,7700000004366,Artículo Retail 04366,Electrónica,Subcategoría 10,Línea 3,796,33284.39,5.54,UNIDAD,True,2025-12-05
4367,7700000004367,Artículo Retail 04367,Hogar,Subcategoría 10,Línea 43,641,11886.45,10.26,UNIDAD,True,2025-12-20
4368,7700000004368,Artículo Retail 04368,Cuidado personal,Subcategoría 2,Línea 34,518,9629.71,25.14,UNIDAD,True,2025-05-19
4369,7700000004369,Artículo Retail 04369,Alimentos,Subcategoría 4,Línea 7,133,11665.22,13.88,UNIDAD,True,2025-01-02
4370,7700000004370,Artículo Retail 04370,Hogar,Subcategoría 3,Línea 22,718,23176.9,2.38,UNIDAD,True,2025-09-29
4371,7700000004371,Artículo Retail 04371,Ropa,Subcategoría 19,Línea 1,775,205893.51,13.43,UNIDAD,True,2025-02-03
4372,7700000004372,Artículo Retail 04372,Ropa,Subcategoría 13,Línea 8,747,6106.8,26.38,UNIDAD,True,2025-11-06
4373,7700000004373,Artículo Retail 04373,Hogar,Subcategoría 13,Línea 46,9,19050.63,8.4,UNIDAD,True,2025-10-02
4374,7700000004374,Artículo Retail 04374,Cuidado personal,Subcategoría 20,Línea 43,39,7823.52,2.12,UNIDAD,True,2025-09-15
4375,7700000004375,Artículo Retail 04375,Hogar,Subcategoría 8,Línea 41,561,5256.35,2.2,UNIDAD,True,2025-10-13
4376,7700000004376,Artículo Retail 04376,Hogar,Subcategoría 19,Línea 42,206,5188.18,14.96,UNIDAD,True,2025-05-29
4377,7700000004377,Artículo Retail 04377,Bebés,Subcategoría 6,Línea 23,708,3418.65,1.46,UNIDAD,True,2025-12-25
4378,7700000004378,Artículo Retail 04378,Ropa,Subcategoría 19,Línea 34,11,53868.53,16.27,UNIDAD,True,2025-07-14
4379,7700000004379,Artículo Retail 04379,Ropa,Subcategoría 2,Línea 46,220,262505.3,11.48,UNIDAD,True,2025-04-04
4380,7700000004380,Artículo Retail 04380,Electrónica,Subcategoría 16,Línea 18,680,66892.78,11.88,UNIDAD,False,2025-11-05
4381,7700000004381,Artículo Retail 04381,Bebés,Subcategoría 9,Línea 28,675,4298.57,20.34,UNIDAD,True,2025-01-15
4382,7700000004382,Artículo Retail 04382,Hogar,Subcategoría 4,Línea 39,403,11029.35,13.54,UNIDAD,True,2025-10-16
4383,7700000004383,Artículo Retail 04383,Ropa,Subcategoría 20,Línea 31,579,103869.86,10.46,UNIDAD,True,2025-06-03
4384,7700000004384,Artículo Retail 04384,Electrónica,Subcategoría 7,Línea 35,527,174512.35,14.2,UNIDAD,True,2025-03-11
4385,7700000004385,Artículo Retail 04385,Bebés,Subcategoría 4,Línea 21,152,86328.99,4.59,UNIDAD,True,2025-02-20
4386,7700000004386,Artículo Retail 04386,Bebés,Subcategoría 8,Línea 1,743,8450.47,18.63,UNIDAD,True,2025-05-31
4387,7700000004387,Artículo Retail 04387,Alimentos,Subcategoría 3,Línea 21,350,20577.78,22.57,UNIDAD,True,2025-11-22
4388,7700000004388,Artículo Retail 04388,Cuidado personal,Subcategoría 19,Línea 14,637,4534.74,24.46,UNIDAD,True,2025-04-25
4389,7700000004389,Artículo Retail 04389,Ropa,Subcategoría 16,Línea 48,550,12742.7,6.51,UNIDAD,True,2025-07-17
4390,7700000004390,Artículo Retail 04390,Bebés,Subcategoría 7,Línea 32,784,10047.75,20.0,UNIDAD,True,2025-02-21
4391,7700000004391,Artículo Retail 04391,Hogar,Subcategoría 17,Línea 3,670,15137.97,5.53,UNIDAD,True,2025-06-27
4392,7700000004392,Artículo Retail 04392,Ropa,Subcategoría 11,Línea 22,440,12184.05,28.41,UNIDAD,True,2025-01-01
4393,7700000004393,Artículo Retail 04393,Bebés,Subcategoría 19,Línea 25,768,39475.22,6.81,UNIDAD,True,2025-12-12
4394,7700000004394,Artículo Retail 04394,Bebés,Subcategoría 19,Línea 40,300,39305.64,29.98,UNIDAD,True,2025-09-22
4395,7700000004395,Artículo Retail 04395,Hogar,Subcategoría 5,Línea 25,63,43345.91,15.18,UNIDAD,True,2025-06-21
4396,7700000004396,Artículo Retail 04396,Cuidado personal,Subcategoría 17,Línea 25,531,31620.58,,UNIDAD,True,2025-01-20
4397,7700000004397,Artículo Retail 04397,Hogar,Subcategoría 2,Línea 39,788,18775.95,1.98,UNIDAD,True,2025-03-17
4398,7700000004398,Artículo Retail 04398,Alimentos,Subcategoría 19,Línea 35,527,17807.97,4.51,UNIDAD,True,2025-12-05
4399,7700000004399,Artículo Retail 04399,Alimentos,Subcategoría 20,Línea 32,53,31169.66,11.28,UNIDAD,False,2025-09-25
4400,7700000004400,Artículo Retail 04400,Alimentos,Subcategoría 12,Línea 23,248,37665.56,10.37,UNIDAD,True,2025-11-03
4401,7700000004401,Artículo Retail 04401,Bebés,Subcategoría 3,Línea 16,215,43798.42,16.19,UNIDAD,True,2025-03-04
4402,7700000004402,Artículo Retail 04402,Bebés,Subcategoría 12,Línea 47,130,36565.21,26.3,UNIDAD,False,2025-02-13
4403,7700000004403,Artículo Retail 04403,Electrónica,Subcategoría 1,Línea 19,471,9442.08,26.02,UNIDAD,True,2025-06-24
4404,7700000004404,Artículo Retail 04404,Electrónica,Subcategoría 2,Línea 36,225,16774.04,,UNIDAD,True,2025-01-06
4405,7700000004405,Artículo Retail 04405,Cuidado personal,Subcategoría 2,Línea 50,1,7258.25,,UNIDAD,True,2025-05-27
4406,7700000004406,Artículo Retail 04406,Cuidado personal,Subcategoría 2,Línea 27,634,26991.82,1.06,UNIDAD,True,2025-05-11
4407,7700000004407,Artículo Retail 04407,Alimentos,Subcategoría 16,Línea 7,784,12161.27,18.04,UNIDAD,True,2025-11-29
4408,7700000004408,Artículo Retail 04408,Alimentos,Subcategoría 13,Línea 32,309,71033.63,28.75,UNIDAD,True,2025-05-17
4409,7700000004409,Artículo Retail 04409,Alimentos,Subcategoría 14,Línea 24,330,16997.14,18.21,UNIDAD,True,2025-01-17
4410,7700000004410,Artículo Retail 04410,Bebés,Subcategoría 6,Línea 1,557,90943.55,12.71,UNIDAD,True,2025-07-18
4411,7700000004411,Artículo Retail 04411,Ropa,Subcategoría 19,Línea 37,483,3222.19,21.76,UNIDAD,True,2025-04-12
4412,7700000004412,Artículo Retail 04412,Alimentos,Subcategoría 9,Línea 49,7,5040.61,17.07,UNIDAD,True,2025-06-26
4413,7700000004413,Artículo Retail 04413,Cuidado personal,Subcategoría 6,Línea 32,663,5995.91,7.07,UNIDAD,True,2025-03-08
4414,7700000004414,Artículo Retail 04414,Electrónica,Subcategoría 5,Línea 14,479,46700.48,17.19,UNIDAD,True,2025-03-01
4415,7700000004415,Artículo Retail 04415,Bebés,Subcategoría 12,Línea 48,272,6291.77,3.35,UNIDAD,True,2025-10-02
4416,7700000004416,Artículo Retail 04416,Electrónica,Subcategoría 2,Línea 11,393,9308.87,21.28,UNIDAD,True,2025-05-12
4417,7700000004417,Artículo Retail 04417,Electrónica,Subcategoría 15,Línea 11,716,29570.11,24.99,UNIDAD,True,2025-09-09
4418,7700000004418,Artículo Retail 04418,Cuidado personal,Subcategoría 6,Línea 35,561,44038.41,19.85,UNIDAD,True,2025-12-30
4419,7700000004419,Artículo Retail 04419,Ropa,Subcategoría 13,Línea 30,38,37885.22,9.28,UNIDAD,True,2025-03-26
4420,7700000004420,Artículo Retail 04420,Bebés,Subcategoría 2,Línea 35,462,90061.44,26.75,UNIDAD,True,2025-12-26
4421,7700000004421,Artículo Retail 04421,Electrónica,Subcategoría 19,Línea 33,672,67112.2,8.32,UNIDAD,True,2025-01-03
4422,7700000004422,Artículo Retail 04422,Cuidado personal,Subcategoría 20,Línea 3,153,10565.07,19.05,UNIDAD,True,2025-06-19
4423,7700000004423,Artículo Retail 04423,Ropa,Subcategoría 15,Línea 13,243,5967.7,14.0,UNIDAD,True,2025-12-23
4424,7700000004424,Artículo Retail 04424,Electrónica,Subcategoría 16,Línea 34,760,16024.51,15.4,UNIDAD,True,2025-08-11
4425,7700000004425,Artículo Retail 04425,Alimentos,Subcategoría 7,Línea 13,685,2483.0,9.21,UNIDAD,True,2025-06-30
4426,7700000004426,Artículo Retail 04426,Electrónica,Subcategoría 6,Línea 35,702,25469.13,4.46,UNIDAD,True,2025-09-16
4427,7700000004427,Artículo Retail 04427,Bebés,Subcategoría 5,Línea 23,290,36566.87,7.58,UNIDAD,True,2025-11-06
4428,7700000004428,Artículo Retail 04428,Electrónica,Subcategoría 8,Línea 18,698,7651.28,5.62,UNIDAD,True,2025-05-28
4429,7700000004429,Artículo Retail 04429,Bebés,Subcategoría 1,Línea 32,767,10737.23,25.16,UNIDAD,True,2025-06-29
4430,7700000004430,Artículo Retail 04430,Hogar,Subcategoría 6,Línea 34,252,70492.64,4.07,UNIDAD,True,2025-11-28
4431,7700000004431,Artículo Retail 04431,Hogar,Subcategoría 14,Línea 4,616,57190.16,7.44,UNIDAD,True,2025-02-04
4432,7700000004432,Artículo Retail 04432,Alimentos,Subcategoría 2,Línea 33,342,122017.89,7.81,UNIDAD,True,2025-11-07
4433,7700000004433,Artículo Retail 04433,Ropa,Subcategoría 10,Línea 16,468,7018.66,15.15,UNIDAD,True,2025-08-06
4434,7700000004434,Artículo Retail 04434,Bebés,Subcategoría 13,Línea 29,709,12909.73,13.28,UNIDAD,True,2025-12-07
4435,7700000004435,Artículo Retail 04435,Hogar,Subcategoría 15,Línea 16,654,24945.51,,UNIDAD,True,2025-10-25
4436,7700000004436,Artículo Retail 04436,Ropa,Subcategoría 14,Línea 12,599,67299.29,6.62,UNIDAD,True,2025-12-01
4437,7700000004437,Artículo Retail 04437,Ropa,Subcategoría 10,Línea 44,756,15623.35,5.67,UNIDAD,True,2025-10-02
4438,7700000004438,Artículo Retail 04438,Alimentos,Subcategoría 16,Línea 33,89,63569.09,16.44,UNIDAD,True,2025-10-30
4439,7700000004439,Artículo Retail 04439,Ropa,Subcategoría 10,Línea 48,142,17147.68,14.33,UNIDAD,True,2025-04-23
4440,7700000004440,Artículo Retail 04440,Bebés,Subcategoría 19,Línea 1,566,26947.68,23.39,UNIDAD,True,2025-06-07
4441,7700000004441,Artículo Retail 04441,Cuidado personal,Subcategoría 5,Línea 25,300,50146.1,2.21,UNIDAD,True,2025-10-10
4442,7700000004442,Artículo Retail 04442,Alimentos,Subcategoría 2,Línea 45,286,14436.06,24.35,UNIDAD,True,2025-05-02
4443,7700000004443,Artículo Retail 04443,Electrónica,Subcategoría 1,Línea 13,96,75059.44,13.47,UNIDAD,True,2025-12-25
4444,7700000004444,Artículo Retail 04444,Cuidado personal,Subcategoría 2,Línea 12,211,71457.5,20.88,UNIDAD,True,2025-07-09
4445,7700000004445,Artículo Retail 04445,Hogar,Subcategoría 4,Línea 47,214,83294.56,,UNIDAD,True,2025-05-07
4446,7700000004446,Artículo Retail 04446,Hogar,Subcategoría 5,Línea 37,23,54626.25,2.79,UNIDAD,True,2025-02-08
4447,7700000004447,Artículo Retail 04447,Electrónica,Subcategoría 16,Línea 13,295,18033.33,21.99,UNIDAD,True,2025-07-29
4448,7700000004448,Artículo Retail 04448,Bebés,Subcategoría 13,Línea 14,676,21554.06,25.46,UNIDAD,True,2025-11-03
4449,7700000004449,Artículo Retail 04449,Electrónica,Subcategoría 7,Línea 28,110,7743.56,18.24,UNIDAD,True,2025-06-13
4450,7700000004450,Artículo Retail 04450,Bebés,Subcategoría 10,Línea 47,297,26356.57,,UNIDAD,True,2025-05-08
4451,7700000004451,Artículo Retail 04451,Alimentos,Subcategoría 1,Línea 16,234,27325.03,6.65,UNIDAD,True,2025-12-29
4452,7700000004452,Artículo Retail 04452,Alimentos,Subcategoría 12,Línea 4,357,11393.74,11.15,UNIDAD,True,2025-06-16
4453,7700000004453,Artículo Retail 04453,Ropa,Subcategoría 14,Línea 15,694,11101.1,,UNIDAD,True,2025-06-28
4454,7700000004454,Artículo Retail 04454,Electrónica,Subcategoría 11,Línea 29,748,16436.53,8.53,UNIDAD,True,2025-01-10
4455,7700000004455,Artículo Retail 04455,Alimentos,Subcategoría 10,Línea 22,405,19400.09,18.27,UNIDAD,True,2025-02-10
4456,7700000004456,Artículo Retail 04456,Ropa,Subcategoría 10,Línea 15,2,44321.09,25.52,UNIDAD,True,2025-03-26
4457,7700000004457,Artículo Retail 04457,Cuidado personal,Subcategoría 16,Línea 15,347,12624.3,19.33,UNIDAD,True,2025-06-27
4458,7700000004458,Artículo Retail 04458,Electrónica,Subcategoría 15,Línea 19,226,61817.09,16.23,UNIDAD,True,2025-11-16
4459,7700000004459,Artículo Retail 04459,Alimentos,Subcategoría 19,Línea 15,13,28133.31,19.64,UNIDAD,True,2025-09-08
4460,7700000004460,Artículo Retail 04460,Ropa,Subcategoría 5,Línea 10,31,25470.44,3.74,UNIDAD,True,2025-12-24
4461,7700000004461,Artículo Retail 04461,Hogar,Subcategoría 10,Línea 26,339,5400.77,27.75,UNIDAD,True,2025-04-10
4462,7700000004462,Artículo Retail 04462,Alimentos,Subcategoría 13,Línea 11,52,7260.87,16.92,UNIDAD,True,2025-07-04
4463,7700000004463,Artículo Retail 04463,Alimentos,Subcategoría 18,Línea 8,672,21472.36,,UNIDAD,True,2025-09-10
4464,7700000004464,Artículo Retail 04464,Alimentos,Subcategoría 14,Línea 33,399,19809.91,4.01,UNIDAD,True,2025-10-08
4465,7700000004465,Artículo Retail 04465,Hogar,Subcategoría 2,Línea 47,702,16691.51,16.11,UNIDAD,True,2025-08-26
4466,7700000004466,Artículo Retail 04466,Ropa,Subcategoría 19,Línea 19,76,21434.52,22.93,UNIDAD,True,2025-09-28
4467,7700000004467,Artículo Retail 04467,Bebés,Subcategoría 13,Línea 17,143,48739.25,14.26,UNIDAD,True,2025-06-29
4468,7700000004468,Artículo Retail 04468,Hogar,Subcategoría 16,Línea 10,105,5500.92,1.03,UNIDAD,True,2025-03-19
4469,7700000004469,Artículo Retail 04469,Cuidado personal,Subcategoría 14,Línea 22,593,10993.02,14.13,UNIDAD,True,2025-06-18
4470,7700000004470,Artículo Retail 04470,Bebés,Subcategoría 14,Línea 11,161,17405.92,10.44,UNIDAD,True,2025-05-06
4471,7700000004471,Artículo Retail 04471,Alimentos,Subcategoría 12,Línea 46,623,104759.95,10.54,UNIDAD,False,2025-07-28
4472,7700000004472,Artículo Retail 04472,Ropa,Subcategoría 6,Línea 37,572,23095.72,13.91,UNIDAD,True,2025-05-15
4473,7700000004473,Artículo Retail 04473,Electrónica,Subcategoría 13,Línea 33,105,19797.37,24.96,UNIDAD,True,2025-11-17
4474,7700000004474,Artículo Retail 04474,Alimentos,Subcategoría 4,Línea 44,190,54875.83,22.53,UNIDAD,True,2025-03-25
4475,7700000004475,Artículo Retail 04475,Ropa,Subcategoría 7,Línea 24,202,13542.47,1.82,UNIDAD,True,2025-07-14
4476,7700000004476,Artículo Retail 04476,Ropa,Subcategoría 4,Línea 37,129,13906.0,4.62,UNIDAD,True,2025-05-01
4477,7700000004477,Artículo Retail 04477,Hogar,Subcategoría 3,Línea 10,524,20596.96,3.91,UNIDAD,True,2025-03-05
4478,7700000004478,Artículo Retail 04478,Alimentos,Subcategoría 1,Línea 47,300,92655.25,17.11,UNIDAD,True,2025-10-28
4479,7700000004479,Artículo Retail 04479,Bebés,Subcategoría 16,Línea 28,165,9095.26,12.79,UNIDAD,True,2025-02-16
4480,7700000004480,Artículo Retail 04480,Cuidado personal,Subcategoría 4,Línea 29,108,7004.46,9.55,UNIDAD,True,2025-04-28
4481,7700000004481,Artículo Retail 04481,Ropa,Subcategoría 3,Línea 14,289,57354.25,21.16,UNIDAD,True,2025-08-06
4482,7700000004482,Artículo Retail 04482,Ropa,Subcategoría 4,Línea 41,24,4218.85,18.65,UNIDAD,True,2025-07-18
4483,7700000004483,Artículo Retail 04483,Ropa,Subcategoría 13,Línea 34,353,52501.73,4.58,UNIDAD,True,2025-11-13
4484,7700000004484,Artículo Retail 04484,Cuidado personal,Subcategoría 13,Línea 20,336,42528.88,26.11,UNIDAD,True,2025-06-05
4485,7700000004485,Artículo Retail 04485,Ropa,Subcategoría 6,Línea 35,34,71862.21,19.15,UNIDAD,True,2025-02-09
4486,7700000004486,Artículo Retail 04486,Hogar,Subcategoría 3,Línea 40,198,8377.56,25.16,UNIDAD,True,2025-04-01
4487,7700000004487,Artículo Retail 04487,Bebés,Subcategoría 19,Línea 45,687,9490.82,21.77,UNIDAD,True,2025-11-06
4488,7700000004488,Artículo Retail 04488,Ropa,Subcategoría 7,Línea 34,776,62221.01,6.87,UNIDAD,True,2025-11-30
4489,7700000004489,Artículo Retail 04489,Bebés,Subcategoría 17,Línea 5,319,18344.06,11.74,UNIDAD,True,2025-06-20
4490,7700000004490,Artículo Retail 04490,Cuidado personal,Subcategoría 14,Línea 44,598,21593.58,14.5,UNIDAD,True,2025-09-02
4491,7700000004491,Artículo Retail 04491,Ropa,Subcategoría 2,Línea 19,362,122432.69,19.35,UNIDAD,True,2025-12-09
4492,7700000004492,Artículo Retail 04492,Electrónica,Subcategoría 7,Línea 11,221,95184.51,4.29,UNIDAD,True,2025-09-02
4493,7700000004493,Artículo Retail 04493,Hogar,Subcategoría 18,Línea 33,630,7035.25,29.02,UNIDAD,True,2025-07-28
4494,7700000004494,Artículo Retail 04494,Bebés,Subcategoría 14,Línea 21,466,41625.62,3.41,UNIDAD,True,2025-11-13
4495,7700000004495,Artículo Retail 04495,Ropa,Subcategoría 4,Línea 9,782,27415.11,26.58,UNIDAD,True,2025-09-23
4496,7700000004496,Artículo Retail 04496,Hogar,Subcategoría 1,Línea 47,289,4803.59,27.41,UNIDAD,True,2025-10-24
4497,7700000004497,Artículo Retail 04497,Bebés,Subcategoría 18,Línea 11,258,20660.82,0.46,UNIDAD,True,2025-06-25
4498,7700000004498,Artículo Retail 04498,Cuidado personal,Subcategoría 5,Línea 41,530,19048.08,10.87,UNIDAD,True,2025-03-30
4499,7700000004499,Artículo Retail 04499,Alimentos,Subcategoría 12,Línea 33,406,15331.06,18.31,UNIDAD,True,2025-12-07
4500,7700000004500,Artículo Retail 04500,Bebés,Subcategoría 16,Línea 35,261,26318.52,1.91,UNIDAD,True,2025-08-01
4501,7700000004501,Artículo Retail 04501,Hogar,Subcategoría 15,Línea 16,352,17674.64,24.24,UNIDAD,True,2025-10-30
4502,7700000004502,Artículo Retail 04502,Bebés,Subcategoría 5,Línea 44,49,11245.61,7.16,UNIDAD,True,2025-08-18
4503,7700000004503,Artículo Retail 04503,Alimentos,Subcategoría 3,Línea 34,22,66069.95,4.53,UNIDAD,True,2025-11-19
4504,7700000004504,Artículo Retail 04504,Electrónica,Subcategoría 9,Línea 4,529,6579.73,29.72,UNIDAD,True,2025-09-01
4505,7700000004505,Artículo Retail 04505,Bebés,Subcategoría 2,Línea 2,147,72421.02,25.93,UNIDAD,False,2025-12-04
4506,7700000004506,Artículo Retail 04506,Electrónica,Subcategoría 8,Línea 10,781,11889.38,,UNIDAD,True,2025-10-08
4507,7700000004507,Artículo Retail 04507,Electrónica,Subcategoría 18,Línea 24,262,26496.67,0.56,UNIDAD,True,2025-08-22
4508,7700000004508,Artículo Retail 04508,Hogar,Subcategoría 3,Línea 26,640,10362.94,9.76,UNIDAD,True,2025-08-07
4509,7700000004509,Artículo Retail 04509,Electrónica,Subcategoría 17,Línea 20,437,50001.58,5.47,UNIDAD,True,2025-11-22
4510,7700000004510,Artículo Retail 04510,Ropa,Subcategoría 14,Línea 9,130,63677.56,15.68,UNIDAD,True,2025-09-16
4511,7700000004511,Artículo Retail 04511,Electrónica,Subcategoría 2,Línea 25,389,21713.01,25.96,UNIDAD,True,2025-04-03
4512,7700000004512,Artículo Retail 04512,Electrónica,Subcategoría 16,Línea 7,505,16646.85,0.49,UNIDAD,True,2025-12-30
4513,7700000004513,Artículo Retail 04513,Cuidado personal,Subcategoría 8,Línea 10,543,13523.97,26.34,UNIDAD,True,2025-11-08
4514,7700000004514,Artículo Retail 04514,Ropa,Subcategoría 4,Línea 15,647,14849.62,12.52,UNIDAD,True,2025-08-06
4515,7700000004515,Artículo Retail 04515,Electrónica,Subcategoría 11,Línea 25,389,3208.15,9.25,UNIDAD,True,2025-11-03
4516,7700000004516,Artículo Retail 04516,Ropa,Subcategoría 3,Línea 10,143,39535.8,11.03,UNIDAD,True,2025-06-30
4517,7700000004517,Artículo Retail 04517,Hogar,Subcategoría 3,Línea 40,172,12923.05,21.46,UNIDAD,True,2025-05-09
4518,7700000004518,Artículo Retail 04518,Cuidado personal,Subcategoría 9,Línea 11,572,15932.82,14.34,UNIDAD,True,2025-02-20
4519,7700000004519,Artículo Retail 04519,Electrónica,Subcategoría 18,Línea 34,555,88247.34,27.13,UNIDAD,True,2025-12-19
4520,7700000004520,Artículo Retail 04520,Hogar,Subcategoría 5,Línea 16,113,138694.11,8.11,UNIDAD,True,2025-07-27
4521,7700000004521,Artículo Retail 04521,Hogar,Subcategoría 8,Línea 42,250,40536.32,29.15,UNIDAD,True,2025-10-06
4522,7700000004522,Artículo Retail 04522,Hogar,Subcategoría 2,Línea 24,259,3926.08,20.8,UNIDAD,True,2025-10-20
4523,7700000004523,Artículo Retail 04523,Ropa,Subcategoría 17,Línea 21,263,8667.22,3.52,UNIDAD,True,2025-05-21
4524,7700000004524,Artículo Retail 04524,Ropa,Subcategoría 1,Línea 10,114,9162.24,27.77,UNIDAD,True,2025-11-01
4525,7700000004525,Artículo Retail 04525,Bebés,Subcategoría 13,Línea 47,133,10204.83,11.65,UNIDAD,True,2025-03-05
4526,7700000004526,Artículo Retail 04526,Hogar,Subcategoría 9,Línea 16,574,15545.98,12.36,UNIDAD,True,2025-11-28
4527,7700000004527,Artículo Retail 04527,Alimentos,Subcategoría 4,Línea 31,163,26725.96,17.52,UNIDAD,True,2025-05-09
4528,7700000004528,Artículo Retail 04528,Alimentos,Subcategoría 18,Línea 6,107,17409.77,20.14,UNIDAD,True,2025-03-09
4529,7700000004529,Artículo Retail 04529,Ropa,Subcategoría 18,Línea 5,56,10512.61,4.09,UNIDAD,True,2025-05-11
4530,7700000004530,Artículo Retail 04530,Alimentos,Subcategoría 4,Línea 36,243,43642.04,6.86,UNIDAD,True,2025-12-31
4531,7700000004531,Artículo Retail 04531,Hogar,Subcategoría 9,Línea 46,70,47348.5,4.04,UNIDAD,True,2025-07-25
4532,7700000004532,Artículo Retail 04532,Bebés,Subcategoría 16,Línea 4,330,21746.69,27.86,UNIDAD,True,2025-07-14
4533,7700000004533,Artículo Retail 04533,Electrónica,Subcategoría 5,Línea 7,218,26502.93,9.71,UNIDAD,True,2025-09-27
4534,7700000004534,Artículo Retail 04534,Ropa,Subcategoría 17,Línea 2,758,34031.23,8.46,UNIDAD,True,2025-11-12
4535,7700000004535,Artículo Retail 04535,Bebés,Subcategoría 5,Línea 1,347,18866.61,5.65,UNIDAD,True,2025-12-18
4536,7700000004536,Artículo Retail 04536,Bebés,Subcategoría 8,Línea 32,42,10169.06,7.78,UNIDAD,True,2025-10-09
4537,7700000004537,Artículo Retail 04537,Alimentos,Subcategoría 4,Línea 30,758,212244.33,20.06,UNIDAD,True,2025-11-24
4538,7700000004538,Artículo Retail 04538,Bebés,Subcategoría 8,Línea 17,514,3625.63,1.2,UNIDAD,True,2025-10-30
4539,7700000004539,Artículo Retail 04539,Alimentos,Subcategoría 3,Línea 7,314,21360.39,22.53,UNIDAD,True,2025-04-23
4540,7700000004540,Artículo Retail 04540,Bebés,Subcategoría 1,Línea 16,503,36407.99,19.41,UNIDAD,True,2025-09-25
4541,7700000004541,Artículo Retail 04541,Hogar,Subcategoría 15,Línea 3,349,91888.46,7.92,UNIDAD,True,2025-03-14
4542,7700000004542,Artículo Retail 04542,Cuidado personal,Subcategoría 17,Línea 29,359,8659.18,,UNIDAD,True,2025-02-06
4543,7700000004543,Artículo Retail 04543,Ropa,Subcategoría 12,Línea 50,358,88020.78,6.14,UNIDAD,True,2025-12-26
4544,7700000004544,Artículo Retail 04544,Hogar,Subcategoría 10,Línea 49,722,28774.6,6.54,UNIDAD,True,2025-04-18
4545,7700000004545,Artículo Retail 04545,Ropa,Subcategoría 20,Línea 23,723,26626.97,21.1,UNIDAD,True,2025-04-26
4546,7700000004546,Artículo Retail 04546,Ropa,Subcategoría 7,Línea 31,787,15047.45,28.12,UNIDAD,True,2025-01-19
4547,7700000004547,Artículo Retail 04547,Ropa,Subcategoría 15,Línea 8,760,15371.99,2.1,UNIDAD,True,2025-03-14
4548,7700000004548,Artículo Retail 04548,Hogar,Subcategoría 16,Línea 4,216,10589.24,18.92,UNIDAD,True,2025-04-07
4549,7700000004549,Artículo Retail 04549,Hogar,Subcategoría 4,Línea 25,694,14574.62,18.02,UNIDAD,True,2025-09-14
4550,7700000004550,Artículo Retail 04550,Ropa,Subcategoría 12,Línea 23,155,14871.62,19.9,UNIDAD,True,2025-09-03
4551,7700000004551,Artículo Retail 04551,Cuidado personal,Subcategoría 12,Línea 49,563,22695.92,29.73,UNIDAD,True,2025-03-14
4552,7700000004552,Artículo Retail 04552,Alimentos,Subcategoría 15,Línea 3,131,15987.9,7.79,UNIDAD,True,2025-08-02
4553,7700000004553,Artículo Retail 04553,Ropa,Subcategoría 19,Línea 33,734,5587.78,10.9,UNIDAD,True,2025-03-13
4554,7700000004554,Artículo Retail 04554,Cuidado personal,Subcategoría 11,Línea 29,469,9248.2,10.32,UNIDAD,True,2025-04-30
4555,7700000004555,Artículo Retail 04555,Bebés,Subcategoría 2,Línea 11,531,14282.84,3.88,UNIDAD,True,2025-07-01
4556,7700000004556,Artículo Retail 04556,Bebés,Subcategoría 5,Línea 22,137,12665.25,1.21,UNIDAD,True,2025-06-11
4557,7700000004557,Artículo Retail 04557,Ropa,Subcategoría 10,Línea 23,527,64549.33,24.74,UNIDAD,True,2025-12-14
4558,7700000004558,Artículo Retail 04558,Cuidado personal,Subcategoría 18,Línea 4,318,20944.46,6.81,UNIDAD,True,2025-09-25
4559,7700000004559,Artículo Retail 04559,Electrónica,Subcategoría 13,Línea 41,67,6228.82,22.01,UNIDAD,True,2025-09-10
4560,7700000004560,Artículo Retail 04560,Electrónica,Subcategoría 6,Línea 36,483,38796.46,17.39,UNIDAD,True,2025-04-16
4561,7700000004561,Artículo Retail 04561,Ropa,Subcategoría 6,Línea 33,545,32119.73,9.68,UNIDAD,True,2025-06-25
4562,7700000004562,Artículo Retail 04562,Electrónica,Subcategoría 10,Línea 29,586,55979.83,8.34,UNIDAD,True,2025-04-25
4563,7700000004563,Artículo Retail 04563,Alimentos,Subcategoría 10,Línea 32,44,90735.3,20.19,UNIDAD,True,2025-07-23
4564,7700000004564,Artículo Retail 04564,Electrónica,Subcategoría 8,Línea 8,792,7151.61,7.37,UNIDAD,True,2025-08-29
4565,7700000004565,Artículo Retail 04565,Alimentos,Subcategoría 16,Línea 46,547,18108.48,27.38,UNIDAD,True,2025-10-14
4566,7700000004566,Artículo Retail 04566,Electrónica,Subcategoría 19,Línea 16,716,28033.67,27.58,UNIDAD,True,2025-01-06
4567,7700000004567,Artículo Retail 04567,Cuidado personal,Subcategoría 2,Línea 32,654,70132.69,18.56,UNIDAD,True,2025-07-30
4568,7700000004568,Artículo Retail 04568,Bebés,Subcategoría 6,Línea 3,88,9487.32,12.5,UNIDAD,True,2025-09-20
4569,7700000004569,Artículo Retail 04569,Electrónica,Subcategoría 4,Línea 21,452,14289.41,22.18,UNIDAD,True,2025-02-18
4570,7700000004570,Artículo Retail 04570,Alimentos,Subcategoría 11,Línea 31,451,9990.55,26.33,UNIDAD,True,2025-01-18
4571,7700000004571,Artículo Retail 04571,Electrónica,Subcategoría 7,Línea 32,371,32388.79,,UNIDAD,True,2025-02-19
4572,7700000004572,Artículo Retail 04572,Cuidado personal,Subcategoría 15,Línea 26,694,28113.86,27.13,UNIDAD,True,2025-03-28
4573,7700000004573,Artículo Retail 04573,Bebés,Subcategoría 8,Línea 6,150,9468.92,6.07,UNIDAD,True,2025-01-10
4574,7700000004574,Artículo Retail 04574,Cuidado personal,Subcategoría 12,Línea 12,331,17596.52,28.96,UNIDAD,True,2025-08-10
4575,7700000004575,Artículo Retail 04575,Ropa,Subcategoría 9,Línea 38,9,40797.77,8.51,UNIDAD,True,2025-03-12
4576,7700000004576,Artículo Retail 04576,Bebés,Subcategoría 5,Línea 14,482,8316.92,,UNIDAD,True,2025-12-15
4577,7700000004577,Artículo Retail 04577,Bebés,Subcategoría 11,Línea 41,613,24275.35,22.25,UNIDAD,False,2025-01-21
4578,7700000004578,Artículo Retail 04578,Hogar,Subcategoría 17,Línea 2,518,5303.54,18.2,UNIDAD,True,2025-11-16
4579,7700000004579,Artículo Retail 04579,Hogar,Subcategoría 17,Línea 47,466,11412.98,17.09,UNIDAD,True,2025-02-11
4580,7700000004580,Artículo Retail 04580,Alimentos,Subcategoría 8,Línea 18,168,72806.75,9.55,UNIDAD,True,2025-11-28
4581,7700000004581,Artículo Retail 04581,Electrónica,Subcategoría 3,Línea 12,262,4792.48,,UNIDAD,True,2025-07-24
4582,7700000004582,Artículo Retail 04582,Bebés,Subcategoría 3,Línea 12,363,32360.98,20.02,UNIDAD,True,2025-06-28
4583,7700000004583,Artículo Retail 04583,Alimentos,Subcategoría 6,Línea 23,560,26734.45,3.97,UNIDAD,True,2025-06-04
4584,7700000004584,Artículo Retail 04584,Cuidado personal,Subcategoría 8,Línea 22,543,21809.57,7.18,UNIDAD,True,2025-06-02
4585,7700000004585,Artículo Retail 04585,Electrónica,Subcategoría 14,Línea 9,577,8446.99,3.13,UNIDAD,True,2025-06-01
4586,7700000004586,Artículo Retail 04586,Hogar,Subcategoría 14,Línea 4,680,34502.45,0.78,UNIDAD,True,2025-04-16
4587,7700000004587,Artículo Retail 04587,Bebés,Subcategoría 20,Línea 39,119,5459.69,17.88,UNIDAD,True,2025-05-05
4588,7700000004588,Artículo Retail 04588,Bebés,Subcategoría 12,Línea 4,125,33166.87,5.29,UNIDAD,True,2025-01-21
4589,7700000004589,Artículo Retail 04589,Electrónica,Subcategoría 1,Línea 44,669,58214.45,12.32,UNIDAD,True,2025-03-02
4590,7700000004590,Artículo Retail 04590,Cuidado personal,Subcategoría 10,Línea 10,705,49478.16,8.66,UNIDAD,True,2025-08-12
4591,7700000004591,Artículo Retail 04591,Bebés,Subcategoría 11,Línea 26,286,11064.06,16.76,UNIDAD,True,2025-03-10
4592,7700000004592,Artículo Retail 04592,Bebés,Subcategoría 7,Línea 20,387,5708.36,25.98,UNIDAD,True,2025-03-23
4593,7700000004593,Artículo Retail 04593,Alimentos,Subcategoría 19,Línea 42,696,16795.0,26.82,UNIDAD,True,2025-01-31
4594,7700000004594,Artículo Retail 04594,Electrónica,Subcategoría 11,Línea 44,488,84858.33,29.14,UNIDAD,True,2025-09-27
4595,7700000004595,Artículo Retail 04595,Alimentos,Subcategoría 18,Línea 17,618,42965.05,9.52,UNIDAD,True,2025-07-12
4596,7700000004596,Artículo Retail 04596,Electrónica,Subcategoría 2,Línea 20,670,129857.25,11.59,UNIDAD,True,2025-09-25
4597,7700000004597,Artículo Retail 04597,Bebés,Subcategoría 3,Línea 10,394,29134.15,10.96,UNIDAD,True,2025-02-28
4598,7700000004598,Artículo Retail 04598,Hogar,Subcategoría 11,Línea 16,6,32967.58,11.45,UNIDAD,True,2025-10-16
4599,7700000004599,Artículo Retail 04599,Alimentos,Subcategoría 12,Línea 45,637,33320.9,23.98,UNIDAD,True,2025-02-27
4600,7700000004600,Artículo Retail 04600,Electrónica,Subcategoría 1,Línea 34,403,7727.84,24.12,UNIDAD,True,2025-05-09
4601,7700000004601,Artículo Retail 04601,Hogar,Subcategoría 10,Línea 28,330,178619.54,13.8,UNIDAD,True,2025-07-23
4602,7700000004602,Artículo Retail 04602,Bebés,Subcategoría 12,Línea 19,4,16043.81,25.17,UNIDAD,True,2025-07-19
4603,7700000004603,Artículo Retail 04603,Bebés,Subcategoría 14,Línea 44,63,13838.31,26.88,UNIDAD,True,2025-08-07
4604,7700000004604,Artículo Retail 04604,Hogar,Subcategoría 6,Línea 40,382,27291.07,7.9,UNIDAD,True,2025-07-12
4605,7700000004605,Artículo Retail 04605,Alimentos,Subcategoría 4,Línea 46,533,9962.7,19.44,UNIDAD,True,2025-04-20
4606,7700000004606,Artículo Retail 04606,Hogar,Subcategoría 4,Línea 45,387,100154.1,28.12,UNIDAD,True,2025-09-16
4607,7700000004607,Artículo Retail 04607,Alimentos,Subcategoría 2,Línea 30,244,29457.66,21.37,UNIDAD,True,2025-03-31
4608,7700000004608,Artículo Retail 04608,Ropa,Subcategoría 11,Línea 10,768,6530.54,6.19,UNIDAD,True,2025-02-09
4609,7700000004609,Artículo Retail 04609,Hogar,Subcategoría 14,Línea 31,191,10470.82,0.14,UNIDAD,True,2025-06-01
4610,7700000004610,Artículo Retail 04610,Alimentos,Subcategoría 8,Línea 23,57,35128.05,26.7,UNIDAD,True,2025-01-22
4611,7700000004611,Artículo Retail 04611,Hogar,Subcategoría 13,Línea 34,489,61850.17,14.21,UNIDAD,True,2025-09-29
4612,7700000004612,Artículo Retail 04612,Electrónica,Subcategoría 13,Línea 50,680,90583.54,13.78,UNIDAD,True,2025-07-13
4613,7700000004613,Artículo Retail 04613,Bebés,Subcategoría 5,Línea 5,768,46690.55,22.53,UNIDAD,True,2025-11-06
4614,7700000004614,Artículo Retail 04614,Cuidado personal,Subcategoría 17,Línea 2,442,33386.51,27.28,UNIDAD,True,2025-01-11
4615,7700000004615,Artículo Retail 04615,Electrónica,Subcategoría 16,Línea 41,690,91577.73,23.14,UNIDAD,True,2025-11-23
4616,7700000004616,Artículo Retail 04616,Electrónica,Subcategoría 6,Línea 13,310,4239.51,1.84,UNIDAD,True,2025-08-13
4617,7700000004617,Artículo Retail 04617,Cuidado personal,Subcategoría 7,Línea 9,800,10331.58,29.65,UNIDAD,True,2025-03-05
4618,7700000004618,Artículo Retail 04618,Hogar,Subcategoría 19,Línea 47,531,15991.53,21.11,UNIDAD,True,2025-01-06
4619,7700000004619,Artículo Retail 04619,Hogar,Subcategoría 17,Línea 34,384,21878.15,12.42,UNIDAD,True,2025-08-15
4620,7700000004620,Artículo Retail 04620,Alimentos,Subcategoría 10,Línea 39,324,12969.62,28.61,UNIDAD,True,2025-04-08
4621,7700000004621,Artículo Retail 04621,Ropa,Subcategoría 18,Línea 45,113,15761.83,0.48,UNIDAD,True,2025-10-29
4622,7700000004622,Artículo Retail 04622,Ropa,Subcategoría 17,Línea 16,117,4018.22,22.91,UNIDAD,True,2025-01-11
4623,7700000004623,Artículo Retail 04623,Hogar,Subcategoría 14,Línea 45,199,17061.91,4.19,UNIDAD,True,2025-11-04
4624,7700000004624,Artículo Retail 04624,Alimentos,Subcategoría 8,Línea 26,733,15135.18,11.46,UNIDAD,True,2025-01-28
4625,7700000004625,Artículo Retail 04625,Electrónica,Subcategoría 17,Línea 10,559,9030.58,25.16,UNIDAD,True,2025-06-01
4626,7700000004626,Artículo Retail 04626,Bebés,Subcategoría 15,Línea 8,739,31576.48,,UNIDAD,True,2025-12-30
4627,7700000004627,Artículo Retail 04627,Cuidado personal,Subcategoría 5,Línea 7,139,27026.7,6.34,UNIDAD,True,2025-12-21
4628,7700000004628,Artículo Retail 04628,Alimentos,Subcategoría 16,Línea 43,404,25297.96,13.52,UNIDAD,True,2025-09-13
4629,7700000004629,Artículo Retail 04629,Electrónica,Subcategoría 16,Línea 13,428,11300.69,27.05,UNIDAD,True,2025-03-13
4630,7700000004630,Artículo Retail 04630,Ropa,Subcategoría 6,Línea 42,595,132997.2,1.95,UNIDAD,True,2025-11-16
4631,7700000004631,Artículo Retail 04631,Cuidado personal,Subcategoría 19,Línea 29,228,60397.17,17.55,UNIDAD,True,2025-12-30
4632,7700000004632,Artículo Retail 04632,Cuidado personal,Subcategoría 12,Línea 22,747,17394.5,28.39,UNIDAD,True,2025-02-24
4633,7700000004633,Artículo Retail 04633,Ropa,Subcategoría 7,Línea 39,541,77796.89,6.07,UNIDAD,False,2025-12-13
4634,7700000004634,Artículo Retail 04634,Electrónica,Subcategoría 15,Línea 12,655,18405.39,7.11,UNIDAD,True,2025-05-13
4635,7700000004635,Artículo Retail 04635,Hogar,Subcategoría 20,Línea 38,261,6275.4,16.55,UNIDAD,True,2025-02-12
4636,7700000004636,Artículo Retail 04636,Hogar,Subcategoría 10,Línea 15,601,7654.41,2.91,UNIDAD,True,2025-08-21
4637,7700000004637,Artículo Retail 04637,Cuidado personal,Subcategoría 2,Línea 12,138,25905.41,17.03,UNIDAD,True,2025-11-18
4638,7700000004638,Artículo Retail 04638,Hogar,Subcategoría 6,Línea 43,599,71446.25,3.18,UNIDAD,True,2025-04-09
4639,7700000004639,Artículo Retail 04639,Bebés,Subcategoría 6,Línea 26,170,23574.67,2.16,UNIDAD,True,2025-03-15
4640,7700000004640,Artículo Retail 04640,Electrónica,Subcategoría 7,Línea 29,610,10740.85,28.68,UNIDAD,True,2025-10-06
4641,7700000004641,Artículo Retail 04641,Cuidado personal,Subcategoría 14,Línea 34,621,4731.28,9.93,UNIDAD,True,2025-04-18
4642,7700000004642,Artículo Retail 04642,Cuidado personal,Subcategoría 14,Línea 1,20,52544.86,23.37,UNIDAD,True,2025-09-29
4643,7700000004643,Artículo Retail 04643,Hogar,Subcategoría 17,Línea 4,62,15966.69,,UNIDAD,True,2025-08-18
4644,7700000004644,Artículo Retail 04644,Alimentos,Subcategoría 16,Línea 32,81,88393.93,,UNIDAD,True,2025-05-14
4645,7700000004645,Artículo Retail 04645,Hogar,Subcategoría 2,Línea 4,613,39506.88,0.37,UNIDAD,True,2025-09-03
4646,7700000004646,Artículo Retail 04646,Ropa,Subcategoría 15,Línea 30,94,96558.14,22.86,UNIDAD,True,2025-10-31
4647,7700000004647,Artículo Retail 04647,Alimentos,Subcategoría 13,Línea 1,175,51502.75,12.0,UNIDAD,True,2025-05-16
4648,7700000004648,Artículo Retail 04648,Alimentos,Subcategoría 5,Línea 14,544,2822.94,24.65,UNIDAD,False,2025-01-05
4649,7700000004649,Artículo Retail 04649,Ropa,Subcategoría 17,Línea 3,759,21078.78,9.01,UNIDAD,True,2025-12-10
4650,7700000004650,Artículo Retail 04650,Cuidado personal,Subcategoría 17,Línea 33,358,12924.16,4.31,UNIDAD,True,2025-06-11
4651,7700000004651,Artículo Retail 04651,Hogar,Subcategoría 3,Línea 40,5,59582.81,16.41,UNIDAD,True,2025-07-06
4652,7700000004652,Artículo Retail 04652,Alimentos,Subcategoría 17,Línea 14,17,18135.5,9.16,UNIDAD,True,2025-05-15
4653,7700000004653,Artículo Retail 04653,Ropa,Subcategoría 9,Línea 42,217,26157.2,9.01,UNIDAD,True,2025-07-21
4654,7700000004654,Artículo Retail 04654,Hogar,Subcategoría 19,Línea 13,634,7092.53,20.91,UNIDAD,True,2025-06-18
4655,7700000004655,Artículo Retail 04655,Cuidado personal,Subcategoría 14,Línea 18,167,5526.7,23.5,UNIDAD,True,2025-08-23
4656,7700000004656,Artículo Retail 04656,Hogar,Subcategoría 4,Línea 36,432,8195.18,1.09,UNIDAD,True,2025-09-02
4657,7700000004657,Artículo Retail 04657,Bebés,Subcategoría 2,Línea 45,254,10184.6,9.86,UNIDAD,True,2025-01-17
4658,7700000004658,Artículo Retail 04658,Ropa,Subcategoría 11,Línea 39,337,27956.49,11.71,UNIDAD,True,2025-04-30
4659,7700000004659,Artículo Retail 04659,Cuidado personal,Subcategoría 18,Línea 35,595,50800.83,12.9,UNIDAD,True,2025-10-18
4660,7700000004660,Artículo Retail 04660,Hogar,Subcategoría 11,Línea 11,185,17537.06,2.13,UNIDAD,True,2025-08-15
4661,7700000004661,Artículo Retail 04661,Cuidado personal,Subcategoría 12,Línea 18,359,23412.97,9.71,UNIDAD,False,2025-11-24
4662,7700000004662,Artículo Retail 04662,Electrónica,Subcategoría 13,Línea 30,630,31967.01,19.9,UNIDAD,True,2025-01-05
4663,7700000004663,Artículo Retail 04663,Alimentos,Subcategoría 20,Línea 3,707,24331.0,0.13,UNIDAD,True,2025-12-30
4664,7700000004664,Artículo Retail 04664,Ropa,Subcategoría 6,Línea 24,149,25471.53,16.35,UNIDAD,False,2025-06-20
4665,7700000004665,Artículo Retail 04665,Ropa,Subcategoría 13,Línea 6,198,12269.4,7.18,UNIDAD,True,2025-03-25
4666,7700000004666,Artículo Retail 04666,Cuidado personal,Subcategoría 7,Línea 30,452,8670.24,8.95,UNIDAD,True,2025-12-29
4667,7700000004667,Artículo Retail 04667,Alimentos,Subcategoría 18,Línea 49,97,12250.07,21.93,UNIDAD,True,2025-02-21
4668,7700000004668,Artículo Retail 04668,Hogar,Subcategoría 12,Línea 32,265,22528.22,12.14,UNIDAD,True,2025-08-22
4669,7700000004669,Artículo Retail 04669,Electrónica,Subcategoría 9,Línea 9,602,5519.08,6.29,UNIDAD,True,2025-05-19
4670,7700000004670,Artículo Retail 04670,Electrónica,Subcategoría 9,Línea 24,260,38994.16,1.96,UNIDAD,True,2025-01-29
4671,7700000004671,Artículo Retail 04671,Bebés,Subcategoría 8,Línea 36,508,24844.79,10.56,UNIDAD,True,2025-11-28
4672,7700000004672,Artículo Retail 04672,Electrónica,Subcategoría 8,Línea 42,345,7341.38,2.3,UNIDAD,True,2025-04-17
4673,7700000004673,Artículo Retail 04673,Hogar,Subcategoría 7,Línea 19,611,12559.58,18.27,UNIDAD,True,2025-01-14
4674,7700000004674,Artículo Retail 04674,Electrónica,Subcategoría 16,Línea 45,368,24395.04,0.24,UNIDAD,True,2025-06-30
4675,7700000004675,Artículo Retail 04675,Cuidado personal,Subcategoría 9,Línea 40,428,11819.32,,UNIDAD,True,2025-08-11
4676,7700000004676,Artículo Retail 04676,Alimentos,Subcategoría 18,Línea 8,324,32630.98,12.77,UNIDAD,True,2025-03-04
4677,7700000004677,Artículo Retail 04677,Alimentos,Subcategoría 15,Línea 30,128,11112.06,6.87,UNIDAD,True,2025-05-31
4678,7700000004678,Artículo Retail 04678,Hogar,Subcategoría 6,Línea 14,543,6197.91,,UNIDAD,True,2025-04-16
4679,7700000004679,Artículo Retail 04679,Electrónica,Subcategoría 8,Línea 2,573,16918.67,19.12,UNIDAD,True,2025-05-20
4680,7700000004680,Artículo Retail 04680,Hogar,Subcategoría 17,Línea 48,587,50495.97,0.68,UNIDAD,True,2025-11-04
4681,7700000004681,Artículo Retail 04681,Electrónica,Subcategoría 13,Línea 28,146,27309.72,23.48,UNIDAD,True,2025-08-31
4682,7700000004682,Artículo Retail 04682,Electrónica,Subcategoría 18,Línea 41,443,76845.98,20.41,UNIDAD,True,2025-02-06
4683,7700000004683,Artículo Retail 04683,Alimentos,Subcategoría 17,Línea 49,458,94729.92,,UNIDAD,True,2025-01-23
4684,7700000004684,Artículo Retail 04684,Ropa,Subcategoría 13,Línea 5,134,49998.51,14.55,UNIDAD,True,2025-06-14
4685,7700000004685,Artículo Retail 04685,Hogar,Subcategoría 7,Línea 32,415,9446.26,8.68,UNIDAD,True,2025-05-11
4686,7700000004686,Artículo Retail 04686,Electrónica,Subcategoría 19,Línea 2,215,20636.28,6.67,UNIDAD,True,2025-05-30
4687,7700000004687,Artículo Retail 04687,Bebés,Subcategoría 12,Línea 50,360,12611.13,25.32,UNIDAD,True,2025-10-13
4688,7700000004688,Artículo Retail 04688,Bebés,Subcategoría 1,Línea 44,361,17004.68,22.23,UNIDAD,True,2025-11-15
4689,7700000004689,Artículo Retail 04689,Hogar,Subcategoría 7,Línea 32,296,84415.72,29.23,UNIDAD,True,2025-12-22
4690,7700000004690,Artículo Retail 04690,Bebés,Subcategoría 9,Línea 14,497,8773.52,7.61,UNIDAD,True,2025-09-16
4691,7700000004691,Artículo Retail 04691,Electrónica,Subcategoría 18,Línea 46,763,7597.41,8.97,UNIDAD,True,2025-04-03
4692,7700000004692,Artículo Retail 04692,Bebés,Subcategoría 8,Línea 20,540,4099.66,10.92,UNIDAD,True,2025-05-18
4693,7700000004693,Artículo Retail 04693,Cuidado personal,Subcategoría 3,Línea 22,537,53656.69,3.23,UNIDAD,False,2025-08-25
4694,7700000004694,Artículo Retail 04694,Alimentos,Subcategoría 18,Línea 38,473,10046.33,2.77,UNIDAD,True,2025-07-04
4695,7700000004695,Artículo Retail 04695,Hogar,Subcategoría 13,Línea 2,82,3081.03,10.6,UNIDAD,True,2025-07-12
4696,7700000004696,Artículo Retail 04696,Cuidado personal,Subcategoría 5,Línea 41,98,24575.93,5.31,UNIDAD,True,2025-03-10
4697,7700000004697,Artículo Retail 04697,Cuidado personal,Subcategoría 14,Línea 20,87,30632.58,17.44,UNIDAD,True,2025-04-06
4698,7700000004698,Artículo Retail 04698,Ropa,Subcategoría 3,Línea 48,600,36100.75,19.96,UNIDAD,True,2025-09-13
4699,7700000004699,Artículo Retail 04699,Alimentos,Subcategoría 11,Línea 2,490,22138.93,27.17,UNIDAD,True,2025-04-08
4700,7700000004700,Artículo Retail 04700,Cuidado personal,Subcategoría 17,Línea 19,559,6269.09,13.45,UNIDAD,True,2025-09-22
4701,7700000004701,Artículo Retail 04701,Electrónica,Subcategoría 20,Línea 34,716,28841.0,12.26,UNIDAD,True,2025-09-22
4702,7700000004702,Artículo Retail 04702,Ropa,Subcategoría 17,Línea 45,539,7850.15,15.1,UNIDAD,True,2025-03-21
4703,7700000004703,Artículo Retail 04703,Bebés,Subcategoría 4,Línea 4,253,72931.25,14.23,UNIDAD,True,2025-04-26
4704,7700000004704,Artículo Retail 04704,Alimentos,Subcategoría 11,Línea 11,223,29735.34,21.3,UNIDAD,True,2025-03-09
4705,7700000004705,Artículo Retail 04705,Electrónica,Subcategoría 6,Línea 29,353,12247.06,21.83,UNIDAD,True,2025-08-09
4706,7700000004706,Artículo Retail 04706,Electrónica,Subcategoría 12,Línea 46,386,41033.92,19.64,UNIDAD,True,2025-09-15
4707,7700000004707,Artículo Retail 04707,Ropa,Subcategoría 17,Línea 23,419,17528.98,25.96,UNIDAD,True,2025-07-29
4708,7700000004708,Artículo Retail 04708,Ropa,Subcategoría 2,Línea 18,207,8241.44,29.56,UNIDAD,True,2025-02-17
4709,7700000004709,Artículo Retail 04709,Electrónica,Subcategoría 1,Línea 9,177,6857.78,23.57,UNIDAD,True,2025-09-15
4710,7700000004710,Artículo Retail 04710,Ropa,Subcategoría 19,Línea 2,778,5735.13,4.66,UNIDAD,True,2025-08-13
4711,7700000004711,Artículo Retail 04711,Hogar,Subcategoría 9,Línea 20,50,5723.98,5.98,UNIDAD,True,2025-09-20
4712,7700000004712,Artículo Retail 04712,Cuidado personal,Subcategoría 12,Línea 33,74,7955.16,21.13,UNIDAD,True,2025-08-13
4713,7700000004713,Artículo Retail 04713,Hogar,Subcategoría 16,Línea 34,227,11106.75,3.82,UNIDAD,True,2025-08-25
4714,7700000004714,Artículo Retail 04714,Bebés,Subcategoría 18,Línea 17,326,71220.1,16.56,UNIDAD,True,2025-08-30
4715,7700000004715,Artículo Retail 04715,Cuidado personal,Subcategoría 3,Línea 19,25,28777.44,22.92,UNIDAD,True,2025-10-18
4716,7700000004716,Artículo Retail 04716,Bebés,Subcategoría 3,Línea 48,310,3289.8,21.27,UNIDAD,True,2025-04-23
4717,7700000004717,Artículo Retail 04717,Cuidado personal,Subcategoría 4,Línea 25,284,14478.62,17.74,UNIDAD,True,2025-04-29
4718,7700000004718,Artículo Retail 04718,Alimentos,Subcategoría 4,Línea 9,25,23106.4,25.92,UNIDAD,True,2025-04-10
4719,7700000004719,Artículo Retail 04719,Bebés,Subcategoría 8,Línea 50,473,9019.64,,UNIDAD,True,2025-02-06
4720,7700000004720,Artículo Retail 04720,Cuidado personal,Subcategoría 12,Línea 49,523,49861.24,28.03,UNIDAD,True,2025-02-17
4721,7700000004721,Artículo Retail 04721,Electrónica,Subcategoría 17,Línea 13,173,96525.11,12.22,UNIDAD,True,2025-12-19
4722,7700000004722,Artículo Retail 04722,Cuidado personal,Subcategoría 17,Línea 19,613,116622.19,,UNIDAD,True,2025-06-29
4723,7700000004723,Artículo Retail 04723,Electrónica,Subcategoría 3,Línea 27,26,6725.04,8.98,UNIDAD,True,2025-10-15
4724,7700000004724,Artículo Retail 04724,Hogar,Subcategoría 14,Línea 38,241,4373.19,4.33,UNIDAD,True,2025-09-14
4725,7700000004725,Artículo Retail 04725,Ropa,Subcategoría 12,Línea 15,645,138783.64,12.73,UNIDAD,True,2025-05-29
4726,7700000004726,Artículo Retail 04726,Cuidado personal,Subcategoría 20,Línea 23,181,17402.15,24.36,UNIDAD,True,2025-10-30
4727,7700000004727,Artículo Retail 04727,Electrónica,Subcategoría 20,Línea 22,660,15795.85,2.57,UNIDAD,True,2025-11-02
4728,7700000004728,Artículo Retail 04728,Ropa,Subcategoría 9,Línea 46,356,103161.0,8.27,UNIDAD,True,2025-06-26
4729,7700000004729,Artículo Retail 04729,Hogar,Subcategoría 10,Línea 29,182,5443.37,21.17,UNIDAD,True,2025-05-04
4730,7700000004730,Artículo Retail 04730,Ropa,Subcategoría 1,Línea 45,70,43939.05,15.99,UNIDAD,True,2025-05-23
4731,7700000004731,Artículo Retail 04731,Alimentos,Subcategoría 6,Línea 44,707,12533.78,2.11,UNIDAD,True,2025-02-20
4732,7700000004732,Artículo Retail 04732,Hogar,Subcategoría 13,Línea 29,201,22567.13,9.74,UNIDAD,True,2025-03-19
4733,7700000004733,Artículo Retail 04733,Hogar,Subcategoría 7,Línea 47,122,8157.67,22.26,UNIDAD,True,2025-01-29
4734,7700000004734,Artículo Retail 04734,Cuidado personal,Subcategoría 6,Línea 15,285,2399.03,2.49,UNIDAD,True,2025-11-24
4735,7700000004735,Artículo Retail 04735,Hogar,Subcategoría 9,Línea 42,368,40092.66,14.97,UNIDAD,True,2025-07-01
4736,7700000004736,Artículo Retail 04736,Ropa,Subcategoría 10,Línea 46,30,36584.54,22.8,UNIDAD,True,2025-12-17
4737,7700000004737,Artículo Retail 04737,Electrónica,Subcategoría 7,Línea 9,214,6520.69,13.75,UNIDAD,True,2025-02-20
4738,7700000004738,Artículo Retail 04738,Cuidado personal,Subcategoría 19,Línea 25,425,8311.52,5.46,UNIDAD,True,2025-02-20
4739,7700000004739,Artículo Retail 04739,Hogar,Subcategoría 14,Línea 25,368,78535.98,21.64,UNIDAD,True,2025-05-06
4740,7700000004740,Artículo Retail 04740,Alimentos,Subcategoría 3,Línea 41,218,29086.66,8.83,UNIDAD,True,2025-10-17
4741,7700000004741,Artículo Retail 04741,Ropa,Subcategoría 3,Línea 20,78,24386.78,16.49,UNIDAD,True,2025-11-05
4742,7700000004742,Artículo Retail 04742,Hogar,Subcategoría 1,Línea 12,92,16646.02,22.31,UNIDAD,True,2025-09-21
4743,7700000004743,Artículo Retail 04743,Hogar,Subcategoría 19,Línea 7,638,13921.58,19.84,UNIDAD,True,2025-04-08
4744,7700000004744,Artículo Retail 04744,Cuidado personal,Subcategoría 5,Línea 26,192,12414.67,21.88,UNIDAD,True,2025-04-17
4745,7700000004745,Artículo Retail 04745,Bebés,Subcategoría 2,Línea 42,553,4155.38,23.13,UNIDAD,True,2025-05-10
4746,7700000004746,Artículo Retail 04746,Alimentos,Subcategoría 9,Línea 46,679,38161.43,5.04,UNIDAD,True,2025-07-31
4747,7700000004747,Artículo Retail 04747,Ropa,Subcategoría 17,Línea 3,110,26151.94,13.66,UNIDAD,True,2025-10-20
4748,7700000004748,Artículo Retail 04748,Electrónica,Subcategoría 14,Línea 12,310,62172.94,7.56,UNIDAD,True,2025-04-17
4749,7700000004749,Artículo Retail 04749,Hogar,Subcategoría 20,Línea 50,713,42792.5,26.05,UNIDAD,True,2025-01-02
4750,7700000004750,Artículo Retail 04750,Hogar,Subcategoría 11,Línea 31,511,11556.2,17.96,UNIDAD,True,2025-08-03
4751,7700000004751,Artículo Retail 04751,Hogar,Subcategoría 2,Línea 15,532,13399.24,26.01,UNIDAD,True,2025-01-06
4752,7700000004752,Artículo Retail 04752,Hogar,Subcategoría 2,Línea 50,376,19339.93,,UNIDAD,True,2025-07-15
4753,7700000004753,Artículo Retail 04753,Alimentos,Subcategoría 7,Línea 39,382,18268.38,11.27,UNIDAD,True,2025-07-10
4754,7700000004754,Artículo Retail 04754,Electrónica,Subcategoría 4,Línea 30,582,20732.23,9.97,UNIDAD,True,2025-11-29
4755,7700000004755,Artículo Retail 04755,Cuidado personal,Subcategoría 11,Línea 50,342,59565.07,9.95,UNIDAD,True,2025-04-12
4756,7700000004756,Artículo Retail 04756,Alimentos,Subcategoría 12,Línea 7,560,43043.01,1.79,UNIDAD,True,2025-02-13
4757,7700000004757,Artículo Retail 04757,Ropa,Subcategoría 13,Línea 48,259,29043.37,3.78,UNIDAD,True,2025-04-25
4758,7700000004758,Artículo Retail 04758,Bebés,Subcategoría 11,Línea 27,720,17019.63,16.02,UNIDAD,True,2025-03-06
4759,7700000004759,Artículo Retail 04759,Electrónica,Subcategoría 6,Línea 23,787,6861.71,10.06,UNIDAD,True,2025-04-02
4760,7700000004760,Artículo Retail 04760,Cuidado personal,Subcategoría 2,Línea 49,363,23568.38,23.28,UNIDAD,True,2025-04-06
4761,7700000004761,Artículo Retail 04761,Hogar,Subcategoría 12,Línea 12,206,5918.13,12.07,UNIDAD,True,2025-04-12
4762,7700000004762,Artículo Retail 04762,Bebés,Subcategoría 6,Línea 19,571,33154.63,1.95,UNIDAD,True,2025-05-20
4763,7700000004763,Artículo Retail 04763,Cuidado personal,Subcategoría 15,Línea 50,259,17370.42,4.55,UNIDAD,True,2025-08-20
4764,7700000004764,Artículo Retail 04764,Bebés,Subcategoría 19,Línea 50,691,36245.08,13.1,UNIDAD,True,2025-06-18
4765,7700000004765,Artículo Retail 04765,Cuidado personal,Subcategoría 4,Línea 16,750,44491.96,4.24,UNIDAD,True,2025-06-26
4766,7700000004766,Artículo Retail 04766,Electrónica,Subcategoría 8,Línea 9,217,138868.37,29.3,UNIDAD,True,2025-08-04
4767,7700000004767,Artículo Retail 04767,Hogar,Subcategoría 8,Línea 9,322,57603.16,19.06,UNIDAD,True,2025-01-02
4768,7700000004768,Artículo Retail 04768,Alimentos,Subcategoría 8,Línea 3,134,46969.2,7.52,UNIDAD,True,2025-12-05
4769,7700000004769,Artículo Retail 04769,Electrónica,Subcategoría 7,Línea 13,23,30756.71,26.87,UNIDAD,True,2025-10-08
4770,7700000004770,Artículo Retail 04770,Ropa,Subcategoría 9,Línea 24,340,13847.79,15.76,UNIDAD,True,2025-10-11
4771,7700000004771,Artículo Retail 04771,Bebés,Subcategoría 16,Línea 42,92,47043.25,14.77,UNIDAD,True,2025-11-30
4772,7700000004772,Artículo Retail 04772,Cuidado personal,Subcategoría 6,Línea 35,408,5472.44,12.21,UNIDAD,True,2025-01-29
4773,7700000004773,Artículo Retail 04773,Cuidado personal,Subcategoría 14,Línea 33,702,261478.56,7.2,UNIDAD,True,2025-03-01
4774,7700000004774,Artículo Retail 04774,Electrónica,Subcategoría 15,Línea 6,380,10853.63,12.11,UNIDAD,True,2025-12-16
4775,7700000004775,Artículo Retail 04775,Bebés,Subcategoría 6,Línea 10,733,37243.72,3.77,UNIDAD,True,2025-10-08
4776,7700000004776,Artículo Retail 04776,Hogar,Subcategoría 5,Línea 5,59,69633.93,25.27,UNIDAD,True,2025-05-25
4777,7700000004777,Artículo Retail 04777,Ropa,Subcategoría 11,Línea 49,282,16843.16,5.07,UNIDAD,True,2025-08-07
4778,7700000004778,Artículo Retail 04778,Hogar,Subcategoría 9,Línea 42,546,17410.17,26.28,UNIDAD,True,2025-06-18
4779,7700000004779,Artículo Retail 04779,Cuidado personal,Subcategoría 8,Línea 32,344,21160.49,4.59,UNIDAD,True,2025-12-06
4780,7700000004780,Artículo Retail 04780,Bebés,Subcategoría 10,Línea 42,122,13740.64,9.9,UNIDAD,True,2025-06-14
4781,7700000004781,Artículo Retail 04781,Cuidado personal,Subcategoría 7,Línea 6,175,12681.96,3.95,UNIDAD,True,2025-08-06
4782,7700000004782,Artículo Retail 04782,Hogar,Subcategoría 7,Línea 4,346,6422.55,22.09,UNIDAD,True,2025-12-25
4783,7700000004783,Artículo Retail 04783,Electrónica,Subcategoría 9,Línea 43,34,17751.91,27.42,UNIDAD,True,2025-11-27
4784,7700000004784,Artículo Retail 04784,Electrónica,Subcategoría 14,Línea 6,572,20962.1,24.9,UNIDAD,True,2025-07-05
4785,7700000004785,Artículo Retail 04785,Cuidado personal,Subcategoría 16,Línea 47,17,18896.97,15.66,UNIDAD,True,2025-11-18
4786,7700000004786,Artículo Retail 04786,Hogar,Subcategoría 4,Línea 12,546,13797.82,20.0,UNIDAD,True,2025-03-19
4787,7700000004787,Artículo Retail 04787,Cuidado personal,Subcategoría 9,Línea 6,134,6376.6,28.7,UNIDAD,True,2025-03-19
4788,7700000004788,Artículo Retail 04788,Hogar,Subcategoría 11,Línea 24,698,40847.45,12.73,UNIDAD,True,2025-10-25
4789,7700000004789,Artículo Retail 04789,Hogar,Subcategoría 10,Línea 34,209,43646.14,14.95,UNIDAD,True,2025-07-05
4790,7700000004790,Artículo Retail 04790,Cuidado personal,Subcategoría 15,Línea 28,233,27676.92,16.9,UNIDAD,True,2025-05-31
4791,7700000004791,Artículo Retail 04791,Alimentos,Subcategoría 7,Línea 27,137,48552.36,14.72,UNIDAD,True,2025-07-12
4792,7700000004792,Artículo Retail 04792,Hogar,Subcategoría 1,Línea 28,83,42532.79,27.94,UNIDAD,True,2025-04-19
4793,7700000004793,Artículo Retail 04793,Alimentos,Subcategoría 15,Línea 1,758,10965.15,15.17,UNIDAD,True,2025-09-09
4794,7700000004794,Artículo Retail 04794,Bebés,Subcategoría 13,Línea 26,146,6681.54,27.56,UNIDAD,True,2025-03-10
4795,7700000004795,Artículo Retail 04795,Electrónica,Subcategoría 17,Línea 39,604,12416.54,15.71,UNIDAD,True,2025-04-10
4796,7700000004796,Artículo Retail 04796,Alimentos,Subcategoría 15,Línea 7,572,44485.38,6.34,UNIDAD,True,2025-06-01
4797,7700000004797,Artículo Retail 04797,Ropa,Subcategoría 10,Línea 11,413,7964.38,21.48,UNIDAD,True,2025-10-23
4798,7700000004798,Artículo Retail 04798,Bebés,Subcategoría 4,Línea 13,610,7165.49,18.0,UNIDAD,True,2025-05-19
4799,7700000004799,Artículo Retail 04799,Electrónica,Subcategoría 14,Línea 28,192,5668.42,22.66,UNIDAD,True,2025-04-13
4800,7700000004800,Artículo Retail 04800,Cuidado personal,Subcategoría 19,Línea 37,53,17633.02,25.0,UNIDAD,True,2025-03-09
4801,7700000004801,Artículo Retail 04801,Cuidado personal,Subcategoría 19,Línea 3,644,15061.4,21.62,UNIDAD,True,2025-08-15
4802,7700000004802,Artículo Retail 04802,Cuidado personal,Subcategoría 17,Línea 21,527,42720.74,18.34,UNIDAD,True,2025-12-09
4803,7700000004803,Artículo Retail 04803,Hogar,Subcategoría 18,Línea 20,505,55989.64,6.18,UNIDAD,True,2025-05-07
4804,7700000004804,Artículo Retail 04804,Cuidado personal,Subcategoría 2,Línea 49,721,61382.58,28.96,UNIDAD,True,2025-08-31
4805,7700000004805,Artículo Retail 04805,Ropa,Subcategoría 2,Línea 33,29,29095.55,0.66,UNIDAD,True,2025-05-22
4806,7700000004806,Artículo Retail 04806,Hogar,Subcategoría 11,Línea 29,473,5531.32,18.28,UNIDAD,True,2025-11-18
4807,7700000004807,Artículo Retail 04807,Cuidado personal,Subcategoría 7,Línea 2,262,14469.63,8.11,UNIDAD,True,2025-11-22
4808,7700000004808,Artículo Retail 04808,Alimentos,Subcategoría 14,Línea 42,247,18602.13,13.58,UNIDAD,True,2025-12-13
4809,7700000004809,Artículo Retail 04809,Ropa,Subcategoría 11,Línea 22,664,17842.99,2.03,UNIDAD,True,2025-08-02
4810,7700000004810,Artículo Retail 04810,Hogar,Subcategoría 10,Línea 46,180,7281.82,,UNIDAD,True,2025-12-25
4811,7700000004811,Artículo Retail 04811,Electrónica,Subcategoría 1,Línea 23,775,1711.0,21.19,UNIDAD,True,2025-05-24
4812,7700000004812,Artículo Retail 04812,Alimentos,Subcategoría 3,Línea 21,452,5975.36,6.25,UNIDAD,True,2025-04-29
4813,7700000004813,Artículo Retail 04813,Electrónica,Subcategoría 3,Línea 11,772,84000.65,12.98,UNIDAD,True,2025-03-02
4814,7700000004814,Artículo Retail 04814,Hogar,Subcategoría 6,Línea 29,536,124082.04,11.76,UNIDAD,True,2025-11-28
4815,7700000004815,Artículo Retail 04815,Bebés,Subcategoría 8,Línea 8,79,2976.53,18.63,UNIDAD,True,2025-02-26
4816,7700000004816,Artículo Retail 04816,Bebés,Subcategoría 5,Línea 8,454,17058.6,16.59,UNIDAD,True,2025-07-04
4817,7700000004817,Artículo Retail 04817,Ropa,Subcategoría 20,Línea 30,83,28636.37,12.5,UNIDAD,True,2025-03-17
4818,7700000004818,Artículo Retail 04818,Electrónica,Subcategoría 14,Línea 19,593,112458.81,20.56,UNIDAD,True,2025-11-30
4819,7700000004819,Artículo Retail 04819,Ropa,Subcategoría 2,Línea 43,652,30236.45,7.55,UNIDAD,True,2025-01-30
4820,7700000004820,Artículo Retail 04820,Electrónica,Subcategoría 18,Línea 48,198,39838.31,29.53,UNIDAD,True,2025-01-19
4821,7700000004821,Artículo Retail 04821,Cuidado personal,Subcategoría 10,Línea 31,146,30164.83,18.49,UNIDAD,True,2025-04-16
4822,7700000004822,Artículo Retail 04822,Ropa,Subcategoría 9,Línea 8,351,42182.24,10.47,UNIDAD,True,2025-08-28
4823,7700000004823,Artículo Retail 04823,Cuidado personal,Subcategoría 20,Línea 13,423,15885.02,,UNIDAD,True,2025-01-30
4824,7700000004824,Artículo Retail 04824,Cuidado personal,Subcategoría 3,Línea 30,513,50046.46,22.16,UNIDAD,True,2025-11-24
4825,7700000004825,Artículo Retail 04825,Alimentos,Subcategoría 20,Línea 29,12,6344.05,13.56,UNIDAD,True,2025-04-28
4826,7700000004826,Artículo Retail 04826,Alimentos,Subcategoría 10,Línea 16,625,25255.37,29.53,UNIDAD,True,2025-03-27
4827,7700000004827,Artículo Retail 04827,Cuidado personal,Subcategoría 8,Línea 38,283,13797.32,1.27,UNIDAD,True,2025-04-04
4828,7700000004828,Artículo Retail 04828,Cuidado personal,Subcategoría 20,Línea 7,301,13674.91,13.86,UNIDAD,True,2025-04-23
4829,7700000004829,Artículo Retail 04829,Electrónica,Subcategoría 7,Línea 31,423,10182.93,1.89,UNIDAD,True,2025-12-15
4830,7700000004830,Artículo Retail 04830,Bebés,Subcategoría 7,Línea 19,21,6561.64,15.23,UNIDAD,True,2025-07-17
4831,7700000004831,Artículo Retail 04831,Electrónica,Subcategoría 19,Línea 22,216,6793.89,24.52,UNIDAD,True,2025-11-11
4832,7700000004832,Artículo Retail 04832,Bebés,Subcategoría 16,Línea 16,378,26663.14,21.4,UNIDAD,True,2025-12-17
4833,7700000004833,Artículo Retail 04833,Cuidado personal,Subcategoría 7,Línea 11,362,20184.71,22.05,UNIDAD,True,2025-10-18
4834,7700000004834,Artículo Retail 04834,Electrónica,Subcategoría 5,Línea 25,343,11025.01,12.72,UNIDAD,True,2025-05-08
4835,7700000004835,Artículo Retail 04835,Ropa,Subcategoría 6,Línea 39,754,169804.7,1.78,UNIDAD,True,2025-03-05
4836,7700000004836,Artículo Retail 04836,Hogar,Subcategoría 1,Línea 17,618,43729.13,1.88,UNIDAD,True,2025-08-22
4837,7700000004837,Artículo Retail 04837,Cuidado personal,Subcategoría 16,Línea 19,594,48087.1,14.09,UNIDAD,True,2025-11-01
4838,7700000004838,Artículo Retail 04838,Alimentos,Subcategoría 7,Línea 24,100,7351.84,25.36,UNIDAD,True,2025-03-06
4839,7700000004839,Artículo Retail 04839,Alimentos,Subcategoría 20,Línea 39,467,76049.85,18.94,UNIDAD,True,2025-08-27
4840,7700000004840,Artículo Retail 04840,Ropa,Subcategoría 6,Línea 25,381,85300.28,0.39,UNIDAD,True,2025-02-01
4841,7700000004841,Artículo Retail 04841,Alimentos,Subcategoría 13,Línea 30,24,7118.43,5.99,UNIDAD,True,2025-03-29
4842,7700000004842,Artículo Retail 04842,Cuidado personal,Subcategoría 18,Línea 47,549,10308.71,3.11,UNIDAD,True,2025-05-14
4843,7700000004843,Artículo Retail 04843,Hogar,Subcategoría 10,Línea 26,574,14658.18,28.49,UNIDAD,True,2025-07-09
4844,7700000004844,Artículo Retail 04844,Hogar,Subcategoría 15,Línea 33,346,54291.33,24.05,UNIDAD,True,2025-09-14
4845,7700000004845,Artículo Retail 04845,Bebés,Subcategoría 2,Línea 27,743,41360.51,11.97,UNIDAD,True,2025-01-07
4846,7700000004846,Artículo Retail 04846,Cuidado personal,Subcategoría 12,Línea 4,259,12763.58,29.35,UNIDAD,True,2025-07-01
4847,7700000004847,Artículo Retail 04847,Ropa,Subcategoría 13,Línea 48,46,9133.13,3.06,UNIDAD,True,2025-01-28
4848,7700000004848,Artículo Retail 04848,Hogar,Subcategoría 5,Línea 12,393,24722.44,16.38,UNIDAD,True,2025-12-19
4849,7700000004849,Artículo Retail 04849,Alimentos,Subcategoría 9,Línea 30,773,54966.29,23.62,UNIDAD,True,2025-11-16
4850,7700000004850,Artículo Retail 04850,Hogar,Subcategoría 20,Línea 33,728,13946.26,25.8,UNIDAD,True,2025-03-26
4851,7700000004851,Artículo Retail 04851,Ropa,Subcategoría 2,Línea 15,630,228432.23,18.93,UNIDAD,True,2025-03-23
4852,7700000004852,Artículo Retail 04852,Electrónica,Subcategoría 16,Línea 43,196,9389.31,22.02,UNIDAD,True,2025-05-19
4853,7700000004853,Artículo Retail 04853,Cuidado personal,Subcategoría 3,Línea 7,81,16883.63,3.75,UNIDAD,True,2025-02-17
4854,7700000004854,Artículo Retail 04854,Cuidado personal,Subcategoría 18,Línea 46,668,86560.14,19.52,UNIDAD,True,2025-08-11
4855,7700000004855,Artículo Retail 04855,Alimentos,Subcategoría 20,Línea 4,753,25779.15,19.63,UNIDAD,True,2025-06-22
4856,7700000004856,Artículo Retail 04856,Bebés,Subcategoría 18,Línea 45,128,14872.68,20.18,UNIDAD,True,2025-10-12
4857,7700000004857,Artículo Retail 04857,Alimentos,Subcategoría 2,Línea 19,751,7726.67,2.57,UNIDAD,True,2025-01-26
4858,7700000004858,Artículo Retail 04858,Cuidado personal,Subcategoría 8,Línea 42,130,30601.82,,UNIDAD,True,2025-04-25
4859,7700000004859,Artículo Retail 04859,Hogar,Subcategoría 15,Línea 12,1,85557.19,14.33,UNIDAD,True,2025-07-02
4860,7700000004860,Artículo Retail 04860,Cuidado personal,Subcategoría 10,Línea 31,604,45654.18,9.39,UNIDAD,True,2025-12-23
4861,7700000004861,Artículo Retail 04861,Bebés,Subcategoría 13,Línea 34,557,155580.22,20.71,UNIDAD,True,2025-04-01
4862,7700000004862,Artículo Retail 04862,Cuidado personal,Subcategoría 1,Línea 31,173,242289.25,8.27,UNIDAD,True,2025-06-09
4863,7700000004863,Artículo Retail 04863,Hogar,Subcategoría 3,Línea 35,239,27257.38,18.54,UNIDAD,True,2025-05-05
4864,7700000004864,Artículo Retail 04864,Bebés,Subcategoría 20,Línea 6,51,11335.72,3.64,UNIDAD,True,2025-08-21
4865,7700000004865,Artículo Retail 04865,Bebés,Subcategoría 9,Línea 16,150,47516.93,20.27,UNIDAD,True,2025-03-19
4866,7700000004866,Artículo Retail 04866,Cuidado personal,Subcategoría 9,Línea 42,201,75887.27,21.99,UNIDAD,True,2025-10-28
4867,7700000004867,Artículo Retail 04867,Ropa,Subcategoría 18,Línea 19,394,24542.53,25.8,UNIDAD,True,2025-02-17
4868,7700000004868,Artículo Retail 04868,Cuidado personal,Subcategoría 5,Línea 18,169,48768.28,6.48,UNIDAD,True,2025-08-19
4869,7700000004869,Artículo Retail 04869,Hogar,Subcategoría 16,Línea 18,46,12048.57,1.31,UNIDAD,True,2025-07-10
4870,7700000004870,Artículo Retail 04870,Electrónica,Subcategoría 1,Línea 7,792,6359.5,17.76,UNIDAD,True,2025-01-09
4871,7700000004871,Artículo Retail 04871,Cuidado personal,Subcategoría 15,Línea 10,615,8113.4,27.63,UNIDAD,True,2025-01-04
4872,7700000004872,Artículo Retail 04872,Ropa,Subcategoría 11,Línea 5,616,6209.14,29.97,UNIDAD,True,2025-10-15
4873,7700000004873,Artículo Retail 04873,Bebés,Subcategoría 9,Línea 12,431,102871.94,27.46,UNIDAD,True,2025-06-19
4874,7700000004874,Artículo Retail 04874,Cuidado personal,Subcategoría 1,Línea 45,636,55622.08,5.32,UNIDAD,True,2025-03-23
4875,7700000004875,Artículo Retail 04875,Ropa,Subcategoría 3,Línea 49,650,15929.68,26.67,UNIDAD,True,2025-01-14
4876,7700000004876,Artículo Retail 04876,Electrónica,Subcategoría 5,Línea 19,18,29089.14,,UNIDAD,True,2025-02-26
4877,7700000004877,Artículo Retail 04877,Hogar,Subcategoría 12,Línea 48,48,8650.93,1.34,UNIDAD,True,2025-10-27
4878,7700000004878,Artículo Retail 04878,Electrónica,Subcategoría 10,Línea 45,54,4143.32,17.88,UNIDAD,True,2025-07-10
4879,7700000004879,Artículo Retail 04879,Ropa,Subcategoría 2,Línea 5,727,3252.06,6.74,UNIDAD,True,2025-11-19
4880,7700000004880,Artículo Retail 04880,Bebés,Subcategoría 12,Línea 1,769,15099.8,6.22,UNIDAD,True,2025-03-16
4881,7700000004881,Artículo Retail 04881,Electrónica,Subcategoría 6,Línea 40,433,5989.2,15.81,UNIDAD,True,2025-10-12
4882,7700000004882,Artículo Retail 04882,Hogar,Subcategoría 4,Línea 41,174,7890.0,7.66,UNIDAD,True,2025-05-24
4883,7700000004883,Artículo Retail 04883,Alimentos,Subcategoría 14,Línea 50,436,29479.75,25.2,UNIDAD,True,2025-01-16
4884,7700000004884,Artículo Retail 04884,Alimentos,Subcategoría 9,Línea 46,106,15442.89,14.08,UNIDAD,True,2025-09-17
4885,7700000004885,Artículo Retail 04885,Alimentos,Subcategoría 19,Línea 40,677,52220.42,12.55,UNIDAD,True,2025-12-20
4886,7700000004886,Artículo Retail 04886,Bebés,Subcategoría 8,Línea 22,479,84531.75,17.12,UNIDAD,True,2025-10-31
4887,7700000004887,Artículo Retail 04887,Hogar,Subcategoría 16,Línea 20,590,3522.74,10.42,UNIDAD,True,2025-06-14
4888,7700000004888,Artículo Retail 04888,Ropa,Subcategoría 10,Línea 2,595,12067.61,28.98,UNIDAD,True,2025-05-15
4889,7700000004889,Artículo Retail 04889,Alimentos,Subcategoría 15,Línea 17,658,12338.09,5.76,UNIDAD,True,2025-10-28
4890,7700000004890,Artículo Retail 04890,Ropa,Subcategoría 18,Línea 20,705,50084.05,16.05,UNIDAD,True,2025-08-22
4891,7700000004891,Artículo Retail 04891,Cuidado personal,Subcategoría 13,Línea 32,674,26525.62,29.0,UNIDAD,True,2025-09-09
4892,7700000004892,Artículo Retail 04892,Alimentos,Subcategoría 5,Línea 33,103,39693.91,11.34,UNIDAD,True,2025-08-27
4893,7700000004893,Artículo Retail 04893,Ropa,Subcategoría 15,Línea 1,100,80723.67,6.91,UNIDAD,True,2025-09-03
4894,7700000004894,Artículo Retail 04894,Cuidado personal,Subcategoría 11,Línea 27,432,35895.34,19.77,UNIDAD,True,2025-04-23
4895,7700000004895,Artículo Retail 04895,Alimentos,Subcategoría 12,Línea 16,532,27757.66,,UNIDAD,True,2025-10-13
4896,7700000004896,Artículo Retail 04896,Hogar,Subcategoría 2,Línea 48,293,22150.43,25.29,UNIDAD,True,2025-03-28
4897,7700000004897,Artículo Retail 04897,Ropa,Subcategoría 20,Línea 27,578,35460.46,13.05,UNIDAD,True,2025-01-08
4898,7700000004898,Artículo Retail 04898,Bebés,Subcategoría 19,Línea 1,628,59970.32,27.79,UNIDAD,True,2025-05-05
4899,7700000004899,Artículo Retail 04899,Hogar,Subcategoría 4,Línea 12,499,3587.87,3.67,UNIDAD,True,2025-06-15
4900,7700000004900,Artículo Retail 04900,Hogar,Subcategoría 11,Línea 46,769,51048.56,15.0,UNIDAD,True,2025-08-04
4901,7700000004901,Artículo Retail 04901,Bebés,Subcategoría 17,Línea 3,659,1986.51,14.47,UNIDAD,True,2025-01-05
4902,7700000004902,Artículo Retail 04902,Ropa,Subcategoría 15,Línea 15,47,17146.23,28.32,UNIDAD,True,2025-08-18
4903,7700000004903,Artículo Retail 04903,Ropa,Subcategoría 9,Línea 8,462,18820.7,7.8,UNIDAD,True,2025-03-16
4904,7700000004904,Artículo Retail 04904,Ropa,Subcategoría 13,Línea 33,148,28203.67,4.6,UNIDAD,True,2025-03-25
4905,7700000004905,Artículo Retail 04905,Cuidado personal,Subcategoría 5,Línea 29,223,25933.99,22.42,UNIDAD,True,2025-01-11
4906,7700000004906,Artículo Retail 04906,Alimentos,Subcategoría 10,Línea 7,21,88620.19,13.5,UNIDAD,True,2025-07-05
4907,7700000004907,Artículo Retail 04907,Ropa,Subcategoría 18,Línea 4,99,9444.58,18.87,UNIDAD,True,2025-08-23
4908,7700000004908,Artículo Retail 04908,Ropa,Subcategoría 16,Línea 14,297,14992.26,13.11,UNIDAD,True,2025-12-25
4909,7700000004909,Artículo Retail 04909,Alimentos,Subcategoría 14,Línea 5,635,14554.93,21.58,UNIDAD,True,2025-12-07
4910,7700000004910,Artículo Retail 04910,Alimentos,Subcategoría 4,Línea 41,661,29500.39,8.53,UNIDAD,True,2025-01-19
4911,7700000004911,Artículo Retail 04911,Hogar,Subcategoría 4,Línea 5,435,194220.76,11.24,UNIDAD,False,2025-10-16
4912,7700000004912,Artículo Retail 04912,Bebés,Subcategoría 6,Línea 20,409,19431.74,9.8,UNIDAD,True,2025-08-13
4913,7700000004913,Artículo Retail 04913,Hogar,Subcategoría 13,Línea 4,331,42198.47,19.72,UNIDAD,True,2025-09-08
4914,7700000004914,Artículo Retail 04914,Electrónica,Subcategoría 20,Línea 43,621,11642.25,4.63,UNIDAD,True,2025-10-02
4915,7700000004915,Artículo Retail 04915,Electrónica,Subcategoría 8,Línea 24,608,11458.42,29.8,UNIDAD,True,2025-02-12
4916,7700000004916,Artículo Retail 04916,Cuidado personal,Subcategoría 2,Línea 23,27,9132.69,24.71,UNIDAD,True,2025-11-08
4917,7700000004917,Artículo Retail 04917,Bebés,Subcategoría 11,Línea 7,16,20187.21,13.82,UNIDAD,True,2025-09-04
4918,7700000004918,Artículo Retail 04918,Electrónica,Subcategoría 11,Línea 11,310,10917.27,10.59,UNIDAD,True,2025-04-05
4919,7700000004919,Artículo Retail 04919,Hogar,Subcategoría 4,Línea 47,777,31368.15,22.49,UNIDAD,True,2025-05-16
4920,7700000004920,Artículo Retail 04920,Cuidado personal,Subcategoría 13,Línea 18,765,21530.35,28.43,UNIDAD,True,2025-07-20
4921,7700000004921,Artículo Retail 04921,Ropa,Subcategoría 11,Línea 1,650,89095.39,21.25,UNIDAD,True,2025-08-18
4922,7700000004922,Artículo Retail 04922,Ropa,Subcategoría 1,Línea 13,649,24524.69,19.43,UNIDAD,True,2025-09-17
4923,7700000004923,Artículo Retail 04923,Ropa,Subcategoría 15,Línea 9,752,83426.71,26.2,UNIDAD,True,2025-08-15
4924,7700000004924,Artículo Retail 04924,Bebés,Subcategoría 10,Línea 31,574,4122.93,29.59,UNIDAD,True,2025-11-30
4925,7700000004925,Artículo Retail 04925,Hogar,Subcategoría 15,Línea 47,154,18253.49,17.56,UNIDAD,True,2025-10-23
4926,7700000004926,Artículo Retail 04926,Electrónica,Subcategoría 13,Línea 38,706,5720.26,8.32,UNIDAD,True,2025-05-08
4927,7700000004927,Artículo Retail 04927,Electrónica,Subcategoría 14,Línea 35,588,4567.03,5.39,UNIDAD,True,2025-09-11
4928,7700000004928,Artículo Retail 04928,Bebés,Subcategoría 7,Línea 5,326,20151.59,2.62,UNIDAD,True,2025-02-20
4929,7700000004929,Artículo Retail 04929,Electrónica,Subcategoría 14,Línea 43,710,6334.47,6.98,UNIDAD,True,2025-06-02
4930,7700000004930,Artículo Retail 04930,Hogar,Subcategoría 13,Línea 15,748,11302.9,13.45,UNIDAD,True,2025-05-02
4931,7700000004931,Artículo Retail 04931,Hogar,Subcategoría 19,Línea 48,547,2957.58,22.57,UNIDAD,True,2025-05-30
4932,7700000004932,Artículo Retail 04932,Bebés,Subcategoría 4,Línea 38,312,29863.69,4.96,UNIDAD,True,2025-03-30
4933,7700000004933,Artículo Retail 04933,Cuidado personal,Subcategoría 16,Línea 7,667,21318.12,17.04,UNIDAD,True,2025-01-05
4934,7700000004934,Artículo Retail 04934,Cuidado personal,Subcategoría 9,Línea 6,435,85134.87,26.79,UNIDAD,True,2025-08-30
4935,7700000004935,Artículo Retail 04935,Bebés,Subcategoría 18,Línea 49,122,11028.51,19.82,UNIDAD,True,2025-07-01
4936,7700000004936,Artículo Retail 04936,Electrónica,Subcategoría 2,Línea 22,348,65906.3,9.06,UNIDAD,True,2025-10-14
4937,7700000004937,Artículo Retail 04937,Bebés,Subcategoría 5,Línea 14,776,196550.92,6.0,UNIDAD,True,2025-09-03
4938,7700000004938,Artículo Retail 04938,Hogar,Subcategoría 4,Línea 3,476,59841.25,19.48,UNIDAD,True,2025-10-04
4939,7700000004939,Artículo Retail 04939,Hogar,Subcategoría 4,Línea 24,339,41581.16,22.55,UNIDAD,True,2025-11-16
4940,7700000004940,Artículo Retail 04940,Electrónica,Subcategoría 2,Línea 45,521,46553.59,2.72,UNIDAD,True,2025-07-17
4941,7700000004941,Artículo Retail 04941,Ropa,Subcategoría 16,Línea 30,36,13600.61,12.06,UNIDAD,True,2025-10-05
4942,7700000004942,Artículo Retail 04942,Bebés,Subcategoría 10,Línea 29,144,3220.97,14.67,UNIDAD,True,2025-10-23
4943,7700000004943,Artículo Retail 04943,Bebés,Subcategoría 3,Línea 43,798,25270.86,9.96,UNIDAD,False,2025-02-04
4944,7700000004944,Artículo Retail 04944,Electrónica,Subcategoría 3,Línea 28,498,79734.14,0.42,UNIDAD,True,2025-05-24
4945,7700000004945,Artículo Retail 04945,Bebés,Subcategoría 9,Línea 20,218,13354.8,5.94,UNIDAD,True,2025-12-09
4946,7700000004946,Artículo Retail 04946,Ropa,Subcategoría 18,Línea 22,108,34464.29,9.85,UNIDAD,True,2025-02-15
4947,7700000004947,Artículo Retail 04947,Cuidado personal,Subcategoría 2,Línea 38,615,27504.02,18.03,UNIDAD,True,2025-01-20
4948,7700000004948,Artículo Retail 04948,Alimentos,Subcategoría 15,Línea 27,284,23890.94,26.29,UNIDAD,True,2025-09-28
4949,7700000004949,Artículo Retail 04949,Cuidado personal,Subcategoría 18,Línea 15,210,76382.02,,UNIDAD,True,2025-09-30
4950,7700000004950,Artículo Retail 04950,Ropa,Subcategoría 2,Línea 9,614,43541.22,,UNIDAD,True,2025-12-06
4951,7700000004951,Artículo Retail 04951,Ropa,Subcategoría 12,Línea 3,574,3750.04,10.46,UNIDAD,True,2025-04-04
4952,7700000004952,Artículo Retail 04952,Hogar,Subcategoría 2,Línea 42,320,91616.39,28.09,UNIDAD,True,2025-08-19
4953,7700000004953,Artículo Retail 04953,Bebés,Subcategoría 18,Línea 18,730,15321.87,7.8,UNIDAD,True,2025-05-29
4954,7700000004954,Artículo Retail 04954,Alimentos,Subcategoría 10,Línea 39,624,19748.09,16.3,UNIDAD,True,2025-09-26
4955,7700000004955,Artículo Retail 04955,Ropa,Subcategoría 1,Línea 8,596,26945.98,14.9,UNIDAD,True,2025-11-20
4956,7700000004956,Artículo Retail 04956,Cuidado personal,Subcategoría 3,Línea 6,576,33950.61,18.59,UNIDAD,True,2025-04-29
4957,7700000004957,Artículo Retail 04957,Ropa,Subcategoría 17,Línea 11,588,58538.61,8.6,UNIDAD,True,2025-03-10
4958,7700000004958,Artículo Retail 04958,Bebés,Subcategoría 12,Línea 35,678,25809.41,3.0,UNIDAD,True,2025-04-01
4959,7700000004959,Artículo Retail 04959,Electrónica,Subcategoría 18,Línea 16,756,139065.11,23.07,UNIDAD,True,2025-12-18
4960,7700000004960,Artículo Retail 04960,Hogar,Subcategoría 15,Línea 22,425,16885.22,23.22,UNIDAD,True,2025-04-23
4961,7700000004961,Artículo Retail 04961,Hogar,Subcategoría 5,Línea 25,579,43732.13,20.79,UNIDAD,True,2025-11-15
4962,7700000004962,Artículo Retail 04962,Alimentos,Subcategoría 6,Línea 34,377,22378.0,13.86,UNIDAD,True,2025-12-10
4963,7700000004963,Artículo Retail 04963,Electrónica,Subcategoría 12,Línea 18,214,8692.79,24.72,UNIDAD,True,2025-11-27
4964,7700000004964,Artículo Retail 04964,Electrónica,Subcategoría 18,Línea 45,452,16700.66,20.57,UNIDAD,True,2025-03-17
4965,7700000004965,Artículo Retail 04965,Cuidado personal,Subcategoría 18,Línea 5,688,17073.84,0.11,UNIDAD,True,2025-05-22
4966,7700000004966,Artículo Retail 04966,Electrónica,Subcategoría 3,Línea 46,504,10915.53,1.08,UNIDAD,True,2025-09-08
4967,7700000004967,Artículo Retail 04967,Cuidado personal,Subcategoría 1,Línea 34,790,14308.15,1.33,UNIDAD,True,2025-11-29
4968,7700000004968,Artículo Retail 04968,Ropa,Subcategoría 14,Línea 23,790,6522.05,18.13,UNIDAD,True,2025-07-11
4969,7700000004969,Artículo Retail 04969,Cuidado personal,Subcategoría 10,Línea 22,246,32855.05,22.18,UNIDAD,True,2025-09-23
4970,7700000004970,Artículo Retail 04970,Bebés,Subcategoría 6,Línea 44,526,121231.1,29.53,UNIDAD,True,2025-06-11
4971,7700000004971,Artículo Retail 04971,Cuidado personal,Subcategoría 14,Línea 10,380,12383.68,9.53,UNIDAD,True,2025-10-18
4972,7700000004972,Artículo Retail 04972,Hogar,Subcategoría 8,Línea 43,258,102461.49,21.13,UNIDAD,True,2025-07-17
4973,7700000004973,Artículo Retail 04973,Bebés,Subcategoría 19,Línea 47,442,25648.45,1.23,UNIDAD,True,2025-06-25
4974,7700000004974,Artículo Retail 04974,Cuidado personal,Subcategoría 1,Línea 13,578,8190.99,29.52,UNIDAD,True,2025-02-04
4975,7700000004975,Artículo Retail 04975,Hogar,Subcategoría 6,Línea 14,530,34803.57,12.41,UNIDAD,True,2025-12-02
4976,7700000004976,Artículo Retail 04976,Ropa,Subcategoría 6,Línea 8,337,45818.2,6.32,UNIDAD,True,2025-03-09
4977,7700000004977,Artículo Retail 04977,Cuidado personal,Subcategoría 17,Línea 10,579,6379.82,6.32,UNIDAD,True,2025-09-02
4978,7700000004978,Artículo Retail 04978,Cuidado personal,Subcategoría 17,Línea 42,640,13773.09,20.41,UNIDAD,True,2025-05-29
4979,7700000004979,Artículo Retail 04979,Ropa,Subcategoría 10,Línea 1,581,40987.49,15.46,UNIDAD,False,2025-04-24
4980,7700000004980,Artículo Retail 04980,Alimentos,Subcategoría 13,Línea 1,259,12923.14,21.47,UNIDAD,True,2025-09-24
4981,7700000004981,Artículo Retail 04981,Hogar,Subcategoría 9,Línea 19,400,27342.63,,UNIDAD,True,2025-07-07
4982,7700000004982,Artículo Retail 04982,Bebés,Subcategoría 7,Línea 5,739,62394.42,3.1,UNIDAD,True,2025-11-25
4983,7700000004983,Artículo Retail 04983,Alimentos,Subcategoría 9,Línea 38,598,9507.03,9.26,UNIDAD,True,2025-05-27
4984,7700000004984,Artículo Retail 04984,Hogar,Subcategoría 4,Línea 34,789,94269.5,20.6,UNIDAD,True,2025-03-28
4985,7700000004985,Artículo Retail 04985,Electrónica,Subcategoría 18,Línea 49,248,28730.39,15.95,UNIDAD,True,2025-12-17
4986,7700000004986,Artículo Retail 04986,Alimentos,Subcategoría 17,Línea 19,221,20008.43,5.11,UNIDAD,True,2025-11-27
4987,7700000004987,Artículo Retail 04987,Bebés,Subcategoría 18,Línea 46,337,44579.04,2.21,UNIDAD,True,2025-03-20
4988,7700000004988,Artículo Retail 04988,Alimentos,Subcategoría 20,Línea 22,486,153609.58,20.26,UNIDAD,True,2025-06-11
4989,7700000004989,Artículo Retail 04989,Cuidado personal,Subcategoría 2,Línea 37,207,29948.85,7.94,UNIDAD,True,2025-02-02
4990,7700000004990,Artículo Retail 04990,Bebés,Subcategoría 15,Línea 32,652,20903.2,26.03,UNIDAD,True,2025-03-15
4991,7700000004991,Artículo Retail 04991,Cuidado personal,Subcategoría 9,Línea 33,414,3811.23,15.25,UNIDAD,True,2025-08-19
4992,7700000004992,Artículo Retail 04992,Electrónica,Subcategoría 3,Línea 22,138,18144.25,3.86,UNIDAD,True,2025-12-26
4993,7700000004993,Artículo Retail 04993,Ropa,Subcategoría 15,Línea 7,425,86554.4,9.94,UNIDAD,True,2025-12-29
4994,7700000004994,Artículo Retail 04994,Hogar,Subcategoría 5,Línea 14,436,3905.9,21.62,UNIDAD,True,2025-08-12
4995,7700000004995,Artículo Retail 04995,Cuidado personal,Subcategoría 20,Línea 30,262,8226.2,0.76,UNIDAD,True,2025-07-09
4996,7700000004996,Artículo Retail 04996,Ropa,Subcategoría 7,Línea 31,152,114240.78,0.9,UNIDAD,True,2025-09-15
4997,7700000004997,Artículo Retail 04997,Ropa,Subcategoría 9,Línea 9,397,33516.73,28.41,UNIDAD,True,2025-07-05
4998,7700000004998,Artículo Retail 04998,Electrónica,Subcategoría 19,Línea 19,597,17229.83,0.77,UNIDAD,True,2025-01-20
4999,7700000004999,Artículo Retail 04999,Alimentos,Subcategoría 15,Línea 1,45,13860.65,1.25,UNIDAD,True,2025-12-23
5000,7700000005000,Artículo Retail 05000,Electrónica,Subcategoría 11,Línea 21,60,5503.56,28.5,UNIDAD,True,2025-01-20
